2026-08-22 01:18:47.032 +04:00 [WRN] Entity 'Story' has a global query filter defined and is the required end of a relationship with the entity 'Chapter'. This may lead to unexpected results when the required entity is filtered out. Either configure the navigation as optional, or define matching query filters for both entities in the navigation. See https://go.microsoft.com/fwlink/?linkid=2131316 for more information.
2026-08-22 01:18:47.063 +04:00 [WRN] Entity 'Story' has a global query filter defined and is the required end of a relationship with the entity 'DailyStoryReadLog'. This may lead to unexpected results when the required entity is filtered out. Either configure the navigation as optional, or define matching query filters for both entities in the navigation. See https://go.microsoft.com/fwlink/?linkid=2131316 for more information.
2026-08-22 01:18:47.066 +04:00 [WRN] Entity 'Story' has a global query filter defined and is the required end of a relationship with the entity 'FavoriteStory'. This may lead to unexpected results when the required entity is filtered out. Either configure the navigation as optional, or define matching query filters for both entities in the navigation. See https://go.microsoft.com/fwlink/?linkid=2131316 for more information.
2026-08-22 01:18:47.067 +04:00 [WRN] Entity 'Story' has a global query filter defined and is the required end of a relationship with the entity 'QuizAttempt'. This may lead to unexpected results when the required entity is filtered out. Either configure the navigation as optional, or define matching query filters for both entities in the navigation. See https://go.microsoft.com/fwlink/?linkid=2131316 for more information.
2026-08-22 01:18:47.068 +04:00 [WRN] Entity 'Story' has a global query filter defined and is the required end of a relationship with the entity 'ReadingHistory'. This may lead to unexpected results when the required entity is filtered out. Either configure the navigation as optional, or define matching query filters for both entities in the navigation. See https://go.microsoft.com/fwlink/?linkid=2131316 for more information.
2026-08-22 01:18:47.070 +04:00 [WRN] Entity 'Story' has a global query filter defined and is the required end of a relationship with the entity 'RemainingCorrectCounter'. This may lead to unexpected results when the required entity is filtered out. Either configure the navigation as optional, or define matching query filters for both entities in the navigation. See https://go.microsoft.com/fwlink/?linkid=2131316 for more information.
2026-08-22 01:18:47.072 +04:00 [WRN] Entity 'Story' has a global query filter defined and is the required end of a relationship with the entity 'Review'. This may lead to unexpected results when the required entity is filtered out. Either configure the navigation as optional, or define matching query filters for both entities in the navigation. See https://go.microsoft.com/fwlink/?linkid=2131316 for more information.
2026-08-22 01:18:47.073 +04:00 [WRN] Entity 'Story' has a global query filter defined and is the required end of a relationship with the entity 'UserProgress'. This may lead to unexpected results when the required entity is filtered out. Either configure the navigation as optional, or define matching query filters for both entities in the navigation. See https://go.microsoft.com/fwlink/?linkid=2131316 for more information.
2026-08-22 01:18:49.271 +04:00 [INF] Database seeding completed successfully.
2026-08-22 01:18:49.990 +04:00 [INF] GET /swagger responded 301 in 4ms (user: anonymous)
2026-08-22 01:18:50.047 +04:00 [INF] GET /swagger/index.html responded 200 in 39ms (user: anonymous)
2026-08-22 01:18:50.073 +04:00 [INF] GET /swagger/swagger-ui-standalone-preset.js responded 200 in 12ms (user: anonymous)
2026-08-22 01:18:50.073 +04:00 [INF] GET /swagger/swagger-ui.css responded 200 in 12ms (user: anonymous)
2026-08-22 01:18:50.085 +04:00 [INF] GET /swagger/swagger-ui-bundle.js responded 200 in 24ms (user: anonymous)
2026-08-22 01:18:50.281 +04:00 [INF] GET /swagger/favicon-32x32.png responded 200 in 0ms (user: anonymous)
2026-08-22 01:18:50.300 +04:00 [INF] GET /swagger/v1/swagger.json responded 200 in 46ms (user: anonymous)
2026-08-22 01:18:53.638 +04:00 [INF] OPTIONS /api/v1/auth/login responded 204 in 3ms (user: anonymous)
2026-08-22 01:18:53.930 +04:00 [INF] POST /api/v1/auth/login responded 200 in 274ms (user: anonymous)
2026-08-22 01:18:53.966 +04:00 [INF] OPTIONS /api/v1/profile responded 204 in 0ms (user: anonymous)
2026-08-22 01:18:53.966 +04:00 [INF] OPTIONS /api/v1/profile responded 204 in 0ms (user: anonymous)
2026-08-22 01:18:53.966 +04:00 [INF] OPTIONS /api/v1/stories responded 204 in 0ms (user: anonymous)
2026-08-22 01:18:53.966 +04:00 [INF] OPTIONS /api/v1/stories responded 204 in 0ms (user: anonymous)
2026-08-22 01:18:53.966 +04:00 [INF] OPTIONS /api/v1/profile responded 204 in 0ms (user: anonymous)
2026-08-22 01:18:53.966 +04:00 [INF] OPTIONS /api/v1/profile responded 204 in 0ms (user: anonymous)
2026-08-22 01:18:54.187 +04:00 [WRN] Compiling a query which loads related collections for more than one collection navigation, either via 'Include' or through projection, but no 'QuerySplittingBehavior' has been configured. By default, Entity Framework will use 'QuerySplittingBehavior.SingleQuery', which can potentially result in slow query performance. See https://go.microsoft.com/fwlink/?linkid=2134277 for more information. To identify the query that's triggering this warning call 'ConfigureWarnings(w => w.Throw(RelationalEventId.MultipleCollectionIncludeWarning))'.
2026-08-22 01:18:54.230 +04:00 [INF] GET /api/v1/stories responded 200 in 250ms (user: anonymous)
2026-08-22 01:18:54.234 +04:00 [INF] GET /api/v1/stories responded 200 in 2ms (user: anonymous)
2026-08-22 01:18:54.281 +04:00 [INF] GET /api/v1/profile responded 200 in 304ms (user: anonymous)
2026-08-22 01:18:54.292 +04:00 [INF] GET /api/v1/profile responded 200 in 9ms (user: anonymous)
2026-08-22 01:18:54.305 +04:00 [INF] GET /api/v1/profile responded 200 in 10ms (user: anonymous)
2026-08-22 01:18:54.313 +04:00 [INF] GET /api/v1/profile responded 200 in 6ms (user: anonymous)
2026-08-22 01:18:54.334 +04:00 [INF] GET /uploads/story-covers/c0bc5126a8c84930a0ab6bc8e1fb5b1d.png responded 200 in 13ms (user: anonymous)
2026-08-22 01:18:54.334 +04:00 [INF] GET /uploads/story-covers/9115ea7c325b4aff948ba6955fb48166.png responded 200 in 13ms (user: anonymous)
2026-08-22 01:18:54.334 +04:00 [INF] GET /uploads/story-covers/e362dbad11c44eb2adbfc21ac47c8c13.png responded 200 in 13ms (user: anonymous)
2026-08-22 01:18:54.334 +04:00 [INF] GET /uploads/profile-pictures/f7854795c420452884b8c1d60caec115.png responded 200 in 13ms (user: anonymous)
2026-08-22 01:18:54.335 +04:00 [INF] GET /uploads/story-covers/dae6c25b60be4a36b63e4da2428cefc3.png responded 200 in 14ms (user: anonymous)
2026-08-22 01:21:02.539 +04:00 [INF] OPTIONS /api/v1/progress/achievements responded 204 in 0ms (user: anonymous)
2026-08-22 01:21:02.539 +04:00 [INF] OPTIONS /api/v1/profile responded 204 in 0ms (user: anonymous)
2026-08-22 01:21:02.539 +04:00 [INF] OPTIONS /api/v1/profile responded 204 in 0ms (user: anonymous)
2026-08-22 01:21:02.539 +04:00 [INF] OPTIONS /api/v1/progress/sessions responded 204 in 0ms (user: anonymous)
2026-08-22 01:21:02.540 +04:00 [INF] OPTIONS /api/v1/profile responded 204 in 0ms (user: anonymous)
2026-08-22 01:21:02.540 +04:00 [INF] OPTIONS /api/v1/profile/badges responded 204 in 0ms (user: anonymous)
2026-08-22 01:21:02.540 +04:00 [INF] OPTIONS /api/v1/profile responded 204 in 0ms (user: anonymous)
2026-08-22 01:21:02.540 +04:00 [INF] OPTIONS /api/v1/progress/sessions responded 204 in 0ms (user: anonymous)
2026-08-22 01:21:02.540 +04:00 [INF] OPTIONS /api/v1/progress/achievements responded 204 in 0ms (user: anonymous)
2026-08-22 01:21:02.540 +04:00 [INF] OPTIONS /api/v1/profile/badges responded 204 in 0ms (user: anonymous)
2026-08-22 01:21:02.546 +04:00 [INF] GET /api/v1/progress/achievements responded 404 in 0ms (user: anonymous)
2026-08-22 01:21:02.558 +04:00 [INF] GET /api/v1/profile responded 200 in 11ms (user: anonymous)
2026-08-22 01:21:02.559 +04:00 [INF] GET /api/v1/progress/sessions responded 404 in 0ms (user: anonymous)
2026-08-22 01:21:02.560 +04:00 [INF] GET /api/v1/profile/badges responded 404 in 0ms (user: anonymous)
2026-08-22 01:21:02.564 +04:00 [INF] GET /api/v1/profile responded 200 in 3ms (user: anonymous)
2026-08-22 01:21:02.571 +04:00 [INF] GET /api/v1/profile responded 200 in 6ms (user: anonymous)
2026-08-22 01:21:02.571 +04:00 [INF] GET /api/v1/profile responded 200 in 6ms (user: anonymous)
2026-08-22 01:21:02.572 +04:00 [INF] GET /api/v1/progress/achievements responded 404 in 0ms (user: anonymous)
2026-08-22 01:21:02.576 +04:00 [INF] GET /api/v1/progress/sessions responded 404 in 0ms (user: anonymous)
2026-08-22 01:21:02.578 +04:00 [INF] GET /api/v1/profile/badges responded 404 in 0ms (user: anonymous)
2026-08-22 01:21:04.811 +04:00 [INF] GET /api/v1/profile responded 200 in 4ms (user: anonymous)
2026-08-22 01:21:04.820 +04:00 [INF] GET /api/v1/profile responded 200 in 7ms (user: anonymous)
2026-08-22 01:21:04.827 +04:00 [INF] GET /api/v1/profile responded 200 in 4ms (user: anonymous)
2026-08-22 01:21:04.835 +04:00 [INF] GET /api/v1/profile responded 200 in 6ms (user: anonymous)
2026-08-22 01:21:08.694 +04:00 [INF] OPTIONS /api/v1/profile responded 204 in 0ms (user: anonymous)
2026-08-22 01:21:08.694 +04:00 [INF] OPTIONS /api/v1/profile responded 204 in 0ms (user: anonymous)
2026-08-22 01:21:08.694 +04:00 [INF] OPTIONS /api/v1/leaderboard responded 204 in 0ms (user: anonymous)
2026-08-22 01:21:08.694 +04:00 [INF] OPTIONS /api/v1/profile responded 204 in 0ms (user: anonymous)
2026-08-22 01:21:08.694 +04:00 [INF] OPTIONS /api/v1/leaderboard responded 204 in 0ms (user: anonymous)
2026-08-22 01:21:08.694 +04:00 [INF] OPTIONS /api/v1/profile responded 204 in 0ms (user: anonymous)
2026-08-22 01:21:08.706 +04:00 [INF] GET /api/v1/profile responded 200 in 7ms (user: anonymous)
2026-08-22 01:21:08.711 +04:00 [INF] GET /api/v1/profile responded 200 in 3ms (user: anonymous)
2026-08-22 01:21:08.719 +04:00 [INF] GET /api/v1/profile responded 200 in 6ms (user: anonymous)
2026-08-22 01:21:08.724 +04:00 [INF] GET /api/v1/profile responded 200 in 3ms (user: anonymous)
2026-08-22 01:21:08.770 +04:00 [INF] GET /api/v1/leaderboard responded 200 in 65ms (user: anonymous)
2026-08-22 01:21:08.786 +04:00 [INF] GET /api/v1/leaderboard responded 200 in 14ms (user: anonymous)
2026-08-22 01:21:08.787 +04:00 [INF] GET /uploads/profile-pictures/918aa3dd2437495c809d955a58ac1bd9.png responded 200 in 1ms (user: anonymous)
2026-08-22 01:21:12.536 +04:00 [INF] OPTIONS /api/v1/vocabularies responded 204 in 0ms (user: anonymous)
2026-08-22 01:21:12.536 +04:00 [INF] OPTIONS /api/v1/vocabularies responded 204 in 0ms (user: anonymous)
2026-08-22 01:21:12.541 +04:00 [INF] GET /api/v1/profile responded 200 in 5ms (user: anonymous)
2026-08-22 01:21:12.552 +04:00 [INF] GET /api/v1/profile responded 200 in 8ms (user: anonymous)
2026-08-22 01:21:12.636 +04:00 [INF] GET /api/v1/vocabularies responded 200 in 96ms (user: anonymous)
2026-08-22 01:21:12.644 +04:00 [INF] GET /api/v1/vocabularies responded 200 in 6ms (user: anonymous)
2026-08-22 01:21:12.672 +04:00 [INF] GET /api/v1/vocabularies responded 200 in 5ms (user: anonymous)
2026-08-22 01:21:12.686 +04:00 [INF] GET /api/v1/vocabularies responded 200 in 11ms (user: anonymous)
2026-08-22 01:21:17.408 +04:00 [INF] OPTIONS /api/v1/stories responded 204 in 0ms (user: anonymous)
2026-08-22 01:21:17.408 +04:00 [INF] OPTIONS /api/v1/profile responded 204 in 0ms (user: anonymous)
2026-08-22 01:21:17.408 +04:00 [INF] OPTIONS /api/v1/profile responded 204 in 0ms (user: anonymous)
2026-08-22 01:21:17.408 +04:00 [INF] OPTIONS /api/v1/story-categories responded 204 in 0ms (user: anonymous)
2026-08-22 01:21:17.409 +04:00 [INF] OPTIONS /api/v1/stories responded 204 in 0ms (user: anonymous)
2026-08-22 01:21:17.409 +04:00 [INF] OPTIONS /api/v1/story-categories responded 204 in 0ms (user: anonymous)
2026-08-22 01:21:17.418 +04:00 [INF] GET /api/v1/stories responded 200 in 6ms (user: anonymous)
2026-08-22 01:21:17.418 +04:00 [INF] GET /api/v1/profile responded 200 in 4ms (user: anonymous)
2026-08-22 01:21:17.423 +04:00 [INF] GET /api/v1/profile responded 200 in 3ms (user: anonymous)
2026-08-22 01:21:17.423 +04:00 [INF] GET /api/v1/stories responded 200 in 0ms (user: anonymous)
2026-08-22 01:21:17.471 +04:00 [INF] GET /api/v1/story-categories responded 200 in 51ms (user: anonymous)
2026-08-22 01:21:17.475 +04:00 [INF] GET /api/v1/story-categories responded 200 in 1ms (user: anonymous)
2026-08-22 01:21:19.131 +04:00 [INF] OPTIONS /api/v1/stories/886d3625-3650-4b0b-8052-a9c5ca89a0be responded 204 in 0ms (user: anonymous)
2026-08-22 01:21:19.131 +04:00 [INF] OPTIONS /api/v1/stories/886d3625-3650-4b0b-8052-a9c5ca89a0be responded 204 in 0ms (user: anonymous)
2026-08-22 01:21:19.138 +04:00 [INF] GET /api/v1/profile responded 200 in 7ms (user: anonymous)
2026-08-22 01:21:19.142 +04:00 [INF] GET /api/v1/profile responded 200 in 3ms (user: anonymous)
2026-08-22 01:21:19.241 +04:00 [INF] GET /api/v1/stories/886d3625-3650-4b0b-8052-a9c5ca89a0be responded 200 in 103ms (user: anonymous)
2026-08-22 01:21:19.244 +04:00 [INF] GET /api/v1/stories/886d3625-3650-4b0b-8052-a9c5ca89a0be responded 200 in 2ms (user: anonymous)
2026-08-22 01:21:19.975 +04:00 [INF] GET /api/v1/stories responded 200 in 1ms (user: anonymous)
2026-08-22 01:21:19.976 +04:00 [INF] GET /api/v1/story-categories responded 200 in 1ms (user: anonymous)
2026-08-22 01:21:19.978 +04:00 [INF] GET /api/v1/story-categories responded 200 in 0ms (user: anonymous)
2026-08-22 01:21:19.978 +04:00 [INF] GET /api/v1/stories responded 200 in 0ms (user: anonymous)
2026-08-22 01:21:19.979 +04:00 [INF] GET /api/v1/profile responded 200 in 4ms (user: anonymous)
2026-08-22 01:21:19.983 +04:00 [INF] GET /api/v1/profile responded 200 in 3ms (user: anonymous)
2026-08-22 01:21:21.110 +04:00 [INF] GET /api/v1/stories responded 200 in 0ms (user: anonymous)
2026-08-22 01:21:21.113 +04:00 [INF] GET /api/v1/stories responded 200 in 0ms (user: anonymous)
2026-08-22 01:21:21.116 +04:00 [INF] GET /api/v1/profile responded 200 in 6ms (user: anonymous)
2026-08-22 01:21:21.122 +04:00 [INF] GET /api/v1/profile responded 200 in 3ms (user: anonymous)
2026-08-22 01:21:21.126 +04:00 [INF] GET /api/v1/profile responded 200 in 3ms (user: anonymous)
2026-08-22 01:21:21.130 +04:00 [INF] GET /api/v1/profile responded 200 in 3ms (user: anonymous)
2026-08-22 01:24:09.056 +04:00 [WRN] Entity 'Story' has a global query filter defined and is the required end of a relationship with the entity 'Chapter'. This may lead to unexpected results when the required entity is filtered out. Either configure the navigation as optional, or define matching query filters for both entities in the navigation. See https://go.microsoft.com/fwlink/?linkid=2131316 for more information.
2026-08-22 01:24:09.085 +04:00 [WRN] Entity 'Story' has a global query filter defined and is the required end of a relationship with the entity 'DailyStoryReadLog'. This may lead to unexpected results when the required entity is filtered out. Either configure the navigation as optional, or define matching query filters for both entities in the navigation. See https://go.microsoft.com/fwlink/?linkid=2131316 for more information.
2026-08-22 01:24:09.087 +04:00 [WRN] Entity 'Story' has a global query filter defined and is the required end of a relationship with the entity 'FavoriteStory'. This may lead to unexpected results when the required entity is filtered out. Either configure the navigation as optional, or define matching query filters for both entities in the navigation. See https://go.microsoft.com/fwlink/?linkid=2131316 for more information.
2026-08-22 01:24:09.089 +04:00 [WRN] Entity 'Story' has a global query filter defined and is the required end of a relationship with the entity 'QuizAttempt'. This may lead to unexpected results when the required entity is filtered out. Either configure the navigation as optional, or define matching query filters for both entities in the navigation. See https://go.microsoft.com/fwlink/?linkid=2131316 for more information.
2026-08-22 01:24:09.091 +04:00 [WRN] Entity 'Story' has a global query filter defined and is the required end of a relationship with the entity 'ReadingHistory'. This may lead to unexpected results when the required entity is filtered out. Either configure the navigation as optional, or define matching query filters for both entities in the navigation. See https://go.microsoft.com/fwlink/?linkid=2131316 for more information.
2026-08-22 01:24:09.092 +04:00 [WRN] Entity 'Story' has a global query filter defined and is the required end of a relationship with the entity 'RemainingCorrectCounter'. This may lead to unexpected results when the required entity is filtered out. Either configure the navigation as optional, or define matching query filters for both entities in the navigation. See https://go.microsoft.com/fwlink/?linkid=2131316 for more information.
2026-08-22 01:24:09.094 +04:00 [WRN] Entity 'Story' has a global query filter defined and is the required end of a relationship with the entity 'Review'. This may lead to unexpected results when the required entity is filtered out. Either configure the navigation as optional, or define matching query filters for both entities in the navigation. See https://go.microsoft.com/fwlink/?linkid=2131316 for more information.
2026-08-22 01:24:09.096 +04:00 [WRN] Entity 'Story' has a global query filter defined and is the required end of a relationship with the entity 'UserProgress'. This may lead to unexpected results when the required entity is filtered out. Either configure the navigation as optional, or define matching query filters for both entities in the navigation. See https://go.microsoft.com/fwlink/?linkid=2131316 for more information.
2026-08-22 01:24:09.943 +04:00 [INF] Database seeding completed successfully.
2026-08-22 01:24:10.288 +04:00 [INF] GET /swagger/index.html responded 200 in 41ms (user: anonymous)
2026-08-22 01:24:10.438 +04:00 [INF] GET /swagger/v1/swagger.json responded 200 in 21ms (user: anonymous)
2026-08-22 01:26:25.610 +04:00 [WRN] Entity 'Story' has a global query filter defined and is the required end of a relationship with the entity 'Chapter'. This may lead to unexpected results when the required entity is filtered out. Either configure the navigation as optional, or define matching query filters for both entities in the navigation. See https://go.microsoft.com/fwlink/?linkid=2131316 for more information.
2026-08-22 01:26:25.634 +04:00 [WRN] Entity 'Story' has a global query filter defined and is the required end of a relationship with the entity 'DailyStoryReadLog'. This may lead to unexpected results when the required entity is filtered out. Either configure the navigation as optional, or define matching query filters for both entities in the navigation. See https://go.microsoft.com/fwlink/?linkid=2131316 for more information.
2026-08-22 01:26:25.636 +04:00 [WRN] Entity 'Story' has a global query filter defined and is the required end of a relationship with the entity 'FavoriteStory'. This may lead to unexpected results when the required entity is filtered out. Either configure the navigation as optional, or define matching query filters for both entities in the navigation. See https://go.microsoft.com/fwlink/?linkid=2131316 for more information.
2026-08-22 01:26:25.637 +04:00 [WRN] Entity 'Story' has a global query filter defined and is the required end of a relationship with the entity 'QuizAttempt'. This may lead to unexpected results when the required entity is filtered out. Either configure the navigation as optional, or define matching query filters for both entities in the navigation. See https://go.microsoft.com/fwlink/?linkid=2131316 for more information.
2026-08-22 01:26:25.639 +04:00 [WRN] Entity 'Story' has a global query filter defined and is the required end of a relationship with the entity 'ReadingHistory'. This may lead to unexpected results when the required entity is filtered out. Either configure the navigation as optional, or define matching query filters for both entities in the navigation. See https://go.microsoft.com/fwlink/?linkid=2131316 for more information.
2026-08-22 01:26:25.641 +04:00 [WRN] Entity 'Story' has a global query filter defined and is the required end of a relationship with the entity 'RemainingCorrectCounter'. This may lead to unexpected results when the required entity is filtered out. Either configure the navigation as optional, or define matching query filters for both entities in the navigation. See https://go.microsoft.com/fwlink/?linkid=2131316 for more information.
2026-08-22 01:26:25.642 +04:00 [WRN] Entity 'Story' has a global query filter defined and is the required end of a relationship with the entity 'Review'. This may lead to unexpected results when the required entity is filtered out. Either configure the navigation as optional, or define matching query filters for both entities in the navigation. See https://go.microsoft.com/fwlink/?linkid=2131316 for more information.
2026-08-22 01:26:25.643 +04:00 [WRN] Entity 'Story' has a global query filter defined and is the required end of a relationship with the entity 'UserProgress'. This may lead to unexpected results when the required entity is filtered out. Either configure the navigation as optional, or define matching query filters for both entities in the navigation. See https://go.microsoft.com/fwlink/?linkid=2131316 for more information.
2026-08-22 01:26:26.311 +04:00 [INF] Database seeding completed successfully.
2026-08-22 01:26:26.637 +04:00 [INF] GET /swagger/index.html responded 200 in 37ms (user: anonymous)
2026-08-22 01:26:26.745 +04:00 [INF] GET /swagger/v1/swagger.json responded 200 in 16ms (user: anonymous)
2026-08-22 01:26:43.391 +04:00 [INF] OPTIONS /api/v1/chat/messages responded 204 in 3ms (user: anonymous)
2026-08-22 01:27:00.524 +04:00 [INF] POST /api/v1/chat/messages responded 200 in 17115ms (user: anonymous)
2026-08-22 01:28:44.852 +04:00 [WRN] Entity 'Story' has a global query filter defined and is the required end of a relationship with the entity 'Chapter'. This may lead to unexpected results when the required entity is filtered out. Either configure the navigation as optional, or define matching query filters for both entities in the navigation. See https://go.microsoft.com/fwlink/?linkid=2131316 for more information.
2026-08-22 01:28:44.882 +04:00 [WRN] Entity 'Story' has a global query filter defined and is the required end of a relationship with the entity 'DailyStoryReadLog'. This may lead to unexpected results when the required entity is filtered out. Either configure the navigation as optional, or define matching query filters for both entities in the navigation. See https://go.microsoft.com/fwlink/?linkid=2131316 for more information.
2026-08-22 01:28:44.884 +04:00 [WRN] Entity 'Story' has a global query filter defined and is the required end of a relationship with the entity 'FavoriteStory'. This may lead to unexpected results when the required entity is filtered out. Either configure the navigation as optional, or define matching query filters for both entities in the navigation. See https://go.microsoft.com/fwlink/?linkid=2131316 for more information.
2026-08-22 01:28:44.885 +04:00 [WRN] Entity 'Story' has a global query filter defined and is the required end of a relationship with the entity 'QuizAttempt'. This may lead to unexpected results when the required entity is filtered out. Either configure the navigation as optional, or define matching query filters for both entities in the navigation. See https://go.microsoft.com/fwlink/?linkid=2131316 for more information.
2026-08-22 01:28:44.888 +04:00 [WRN] Entity 'Story' has a global query filter defined and is the required end of a relationship with the entity 'ReadingHistory'. This may lead to unexpected results when the required entity is filtered out. Either configure the navigation as optional, or define matching query filters for both entities in the navigation. See https://go.microsoft.com/fwlink/?linkid=2131316 for more information.
2026-08-22 01:28:44.889 +04:00 [WRN] Entity 'Story' has a global query filter defined and is the required end of a relationship with the entity 'RemainingCorrectCounter'. This may lead to unexpected results when the required entity is filtered out. Either configure the navigation as optional, or define matching query filters for both entities in the navigation. See https://go.microsoft.com/fwlink/?linkid=2131316 for more information.
2026-08-22 01:28:44.891 +04:00 [WRN] Entity 'Story' has a global query filter defined and is the required end of a relationship with the entity 'Review'. This may lead to unexpected results when the required entity is filtered out. Either configure the navigation as optional, or define matching query filters for both entities in the navigation. See https://go.microsoft.com/fwlink/?linkid=2131316 for more information.
2026-08-22 01:28:44.892 +04:00 [WRN] Entity 'Story' has a global query filter defined and is the required end of a relationship with the entity 'UserProgress'. This may lead to unexpected results when the required entity is filtered out. Either configure the navigation as optional, or define matching query filters for both entities in the navigation. See https://go.microsoft.com/fwlink/?linkid=2131316 for more information.
2026-08-22 01:28:45.643 +04:00 [INF] Database seeding completed successfully.
2026-08-22 01:28:46.219 +04:00 [INF] GET /swagger/index.html responded 200 in 36ms (user: anonymous)
2026-08-22 01:28:46.287 +04:00 [INF] GET /swagger/v1/swagger.json responded 200 in 20ms (user: anonymous)
2026-08-22 01:29:05.940 +04:00 [INF] OPTIONS /api/v1/profile responded 204 in 3ms (user: anonymous)
2026-08-22 01:29:05.940 +04:00 [INF] OPTIONS /api/v1/stories responded 204 in 3ms (user: anonymous)
2026-08-22 01:29:05.940 +04:00 [INF] OPTIONS /api/v1/profile responded 204 in 2ms (user: anonymous)
2026-08-22 01:29:05.940 +04:00 [INF] OPTIONS /api/v1/profile responded 204 in 2ms (user: anonymous)
2026-08-22 01:29:05.940 +04:00 [INF] OPTIONS /api/v1/profile responded 204 in 3ms (user: anonymous)
2026-08-22 01:29:05.940 +04:00 [INF] OPTIONS /api/v1/stories responded 204 in 3ms (user: anonymous)
2026-08-22 01:29:06.165 +04:00 [WRN] Compiling a query which loads related collections for more than one collection navigation, either via 'Include' or through projection, but no 'QuerySplittingBehavior' has been configured. By default, Entity Framework will use 'QuerySplittingBehavior.SingleQuery', which can potentially result in slow query performance. See https://go.microsoft.com/fwlink/?linkid=2134277 for more information. To identify the query that's triggering this warning call 'ConfigureWarnings(w => w.Throw(RelationalEventId.MultipleCollectionIncludeWarning))'.
2026-08-22 01:29:06.211 +04:00 [INF] GET /api/v1/stories responded 200 in 256ms (user: anonymous)
2026-08-22 01:29:06.216 +04:00 [INF] GET /api/v1/stories responded 200 in 3ms (user: anonymous)
2026-08-22 01:29:06.246 +04:00 [INF] GET /api/v1/profile responded 200 in 291ms (user: anonymous)
2026-08-22 01:29:06.290 +04:00 [INF] GET /api/v1/profile responded 200 in 42ms (user: anonymous)
2026-08-22 01:29:06.300 +04:00 [INF] GET /api/v1/profile responded 200 in 7ms (user: anonymous)
2026-08-22 01:29:06.309 +04:00 [INF] GET /api/v1/profile responded 200 in 7ms (user: anonymous)
2026-08-22 01:29:10.973 +04:00 [INF] OPTIONS /api/v1/chat/messages responded 204 in 0ms (user: anonymous)
2026-08-22 01:29:17.745 +04:00 [INF] POST /api/v1/chat/messages responded 200 in 6763ms (user: anonymous)
2026-08-22 01:29:57.920 +04:00 [INF] OPTIONS /api/v1/chat/messages responded 204 in 0ms (user: anonymous)
2026-08-22 01:30:01.780 +04:00 [INF] POST /api/v1/chat/messages responded 200 in 3854ms (user: anonymous)
2026-08-22 01:36:04.459 +04:00 [INF] OPTIONS /api/v1/auth/refresh-token responded 204 in 0ms (user: anonymous)
2026-08-22 01:36:04.492 +04:00 [INF] POST /api/v1/auth/refresh-token responded 200 in 23ms (user: anonymous)
2026-08-22 01:36:04.514 +04:00 [ERR] Unhandled exception on /api/v1/auth/refresh-token
System.ArgumentNullException: IDX10000: The parameter 'token' cannot be a 'null' or an empty object.  (Parameter 'token')
   at System.IdentityModel.Tokens.Jwt.JwtSecurityTokenHandler.ValidateToken(String token, TokenValidationParameters validationParameters, SecurityToken& validatedToken)
   at EnglishLearningPlatform.Infrastructure.Identity.JwtTokenService.GetPrincipalFromExpiredToken(String token) in C:\Users\Ravan999\Desktop\Aygun-Final\Final-Project-ReadLingo-Back\EnglishLearningPlatform.Infrastructure\Identity\JwtTokenService .cs:line 72
   at EnglishLearningPlatform.Application.Services.AuthService.RefreshTokenAsync(RefreshTokenRequestDto dto, String ipAddress, CancellationToken cancellationToken) in C:\Users\Ravan999\Desktop\Aygun-Final\Final-Project-ReadLingo-Back\EnglishLearningPlatform.Application\Services\AuthService .cs:line 91
   at EnglishLearningPlatform.API.Controllers.V1.AuthController.RefreshToken(RefreshTokenRequestDto dto, CancellationToken cancellationToken) in C:\Users\Ravan999\Desktop\Aygun-Final\Final-Project-ReadLingo-Back\EnglishLearningPlatform.API\Controllers\V1\AuthController.cs:line 47
   at Microsoft.AspNetCore.Mvc.Infrastructure.ActionMethodExecutor.TaskOfIActionResultExecutor.Execute(ActionContext actionContext, IActionResultTypeMapper mapper, ObjectMethodExecutor executor, Object controller, Object[] arguments)
   at Microsoft.AspNetCore.Mvc.Infrastructure.ControllerActionInvoker.<InvokeActionMethodAsync>g__Awaited|12_0(ControllerActionInvoker invoker, ValueTask`1 actionResultValueTask)
   at Microsoft.AspNetCore.Mvc.Infrastructure.ControllerActionInvoker.<InvokeNextActionFilterAsync>g__Awaited|10_0(ControllerActionInvoker invoker, Task lastTask, State next, Scope scope, Object state, Boolean isCompleted)
   at Microsoft.AspNetCore.Mvc.Infrastructure.ControllerActionInvoker.Rethrow(ActionExecutedContextSealed context)
   at Microsoft.AspNetCore.Mvc.Infrastructure.ControllerActionInvoker.Next(State& next, Scope& scope, Object& state, Boolean& isCompleted)
   at Microsoft.AspNetCore.Mvc.Infrastructure.ControllerActionInvoker.InvokeInnerFilterAsync()
--- End of stack trace from previous location ---
   at Microsoft.AspNetCore.Mvc.Infrastructure.ResourceInvoker.<InvokeFilterPipelineAsync>g__Awaited|20_0(ResourceInvoker invoker, Task lastTask, State next, Scope scope, Object state, Boolean isCompleted)
   at Microsoft.AspNetCore.Mvc.Infrastructure.ResourceInvoker.<InvokeAsync>g__Awaited|17_0(ResourceInvoker invoker, Task task, IDisposable scope)
   at Microsoft.AspNetCore.Mvc.Infrastructure.ResourceInvoker.<InvokeAsync>g__Awaited|17_0(ResourceInvoker invoker, Task task, IDisposable scope)
   at Microsoft.AspNetCore.Authorization.AuthorizationMiddleware.Invoke(HttpContext context)
   at Microsoft.AspNetCore.Authentication.AuthenticationMiddleware.Invoke(HttpContext context)
   at Microsoft.AspNetCore.RateLimiting.RateLimitingMiddleware.InvokeInternal(HttpContext context, EnableRateLimitingAttribute enableRateLimitingAttribute)
   at Swashbuckle.AspNetCore.SwaggerUI.SwaggerUIMiddleware.Invoke(HttpContext httpContext)
   at Swashbuckle.AspNetCore.Swagger.SwaggerMiddleware.Invoke(HttpContext httpContext, ISwaggerProvider swaggerProvider)
   at EnglishLearningPlatform.API.Middlewares.RequestLoggingMiddleware.InvokeAsync(HttpContext context) in C:\Users\Ravan999\Desktop\Aygun-Final\Final-Project-ReadLingo-Back\EnglishLearningPlatform.API\Middlewares\RequestLoggingMiddleware.cs:line 24
   at EnglishLearningPlatform.API.Middlewares.ExceptionHandlingMiddleware.InvokeAsync(HttpContext context) in C:\Users\Ravan999\Desktop\Aygun-Final\Final-Project-ReadLingo-Back\EnglishLearningPlatform.API\Middlewares\ExceptionHandlingMiddleware.cs:line 27
2026-08-22 01:36:11.858 +04:00 [INF] OPTIONS /api/v1/auth/login responded 204 in 0ms (user: anonymous)
2026-08-22 01:36:12.042 +04:00 [INF] POST /api/v1/auth/login responded 400 in 178ms (user: anonymous)
2026-08-22 01:36:20.815 +04:00 [INF] OPTIONS /api/v1/auth/login responded 204 in 0ms (user: anonymous)
2026-08-22 01:36:20.929 +04:00 [INF] POST /api/v1/auth/login responded 400 in 100ms (user: anonymous)
2026-08-22 01:36:23.116 +04:00 [INF] POST /api/v1/auth/login responded 200 in 205ms (user: anonymous)
2026-08-22 01:36:23.150 +04:00 [INF] OPTIONS /api/v1/profile responded 204 in 0ms (user: anonymous)
2026-08-22 01:36:23.150 +04:00 [INF] OPTIONS /api/v1/profile responded 204 in 0ms (user: anonymous)
2026-08-22 01:36:23.151 +04:00 [INF] OPTIONS /api/v1/profile responded 204 in 0ms (user: anonymous)
2026-08-22 01:36:23.151 +04:00 [INF] OPTIONS /api/v1/stories responded 204 in 0ms (user: anonymous)
2026-08-22 01:36:23.151 +04:00 [INF] OPTIONS /api/v1/profile responded 204 in 0ms (user: anonymous)
2026-08-22 01:36:23.152 +04:00 [INF] OPTIONS /api/v1/stories responded 204 in 0ms (user: anonymous)
2026-08-22 01:36:23.187 +04:00 [INF] GET /api/v1/profile responded 200 in 28ms (user: anonymous)
2026-08-22 01:36:23.193 +04:00 [INF] GET /api/v1/stories responded 200 in 28ms (user: anonymous)
2026-08-22 01:36:23.196 +04:00 [INF] GET /api/v1/stories responded 200 in 1ms (user: anonymous)
2026-08-22 01:36:23.196 +04:00 [INF] GET /api/v1/profile responded 200 in 7ms (user: anonymous)
2026-08-22 01:36:23.202 +04:00 [INF] GET /api/v1/profile responded 200 in 4ms (user: anonymous)
2026-08-22 01:36:23.209 +04:00 [INF] GET /api/v1/profile responded 200 in 5ms (user: anonymous)
2026-08-22 01:36:26.641 +04:00 [INF] GET /api/v1/profile responded 200 in 7ms (user: anonymous)
2026-08-22 01:36:26.648 +04:00 [INF] GET /api/v1/profile responded 200 in 5ms (user: anonymous)
2026-08-22 01:36:26.654 +04:00 [INF] GET /api/v1/profile responded 200 in 4ms (user: anonymous)
2026-08-22 01:36:26.666 +04:00 [INF] GET /api/v1/profile responded 200 in 7ms (user: anonymous)
2026-08-22 01:37:05.919 +04:00 [INF] OPTIONS /api/v1/profile responded 204 in 0ms (user: anonymous)
2026-08-22 01:37:05.919 +04:00 [INF] OPTIONS /api/v1/profile responded 204 in 0ms (user: anonymous)
2026-08-22 01:37:05.932 +04:00 [INF] GET /api/v1/profile responded 200 in 6ms (user: anonymous)
2026-08-22 01:37:05.947 +04:00 [INF] GET /api/v1/profile responded 200 in 12ms (user: anonymous)
2026-08-22 01:37:17.063 +04:00 [INF] OPTIONS /api/v1/profile responded 204 in 0ms (user: anonymous)
2026-08-22 01:37:17.073 +04:00 [INF] GET /api/v1/profile responded 200 in 5ms (user: anonymous)
2026-08-22 01:37:29.086 +04:00 [INF] OPTIONS /api/v1/profile responded 204 in 0ms (user: anonymous)
2026-08-22 01:37:29.086 +04:00 [INF] OPTIONS /api/v1/profile responded 204 in 0ms (user: anonymous)
2026-08-22 01:37:29.086 +04:00 [INF] OPTIONS /api/v1/profile responded 204 in 0ms (user: anonymous)
2026-08-22 01:37:29.087 +04:00 [INF] OPTIONS /api/v1/profile responded 204 in 0ms (user: anonymous)
2026-08-22 01:37:29.099 +04:00 [INF] GET /api/v1/profile responded 200 in 6ms (user: anonymous)
2026-08-22 01:37:29.105 +04:00 [INF] GET /api/v1/profile responded 200 in 4ms (user: anonymous)
2026-08-22 01:37:29.112 +04:00 [INF] GET /api/v1/profile responded 200 in 5ms (user: anonymous)
2026-08-22 01:37:29.119 +04:00 [INF] GET /api/v1/profile responded 200 in 5ms (user: anonymous)
2026-08-22 01:37:32.318 +04:00 [INF] OPTIONS /api/v1/subscriptions responded 204 in 0ms (user: anonymous)
2026-08-22 01:37:32.603 +04:00 [INF] POST /api/v1/subscriptions responded 200 in 280ms (user: anonymous)
2026-08-22 01:37:32.609 +04:00 [INF] OPTIONS /api/v1/profile responded 204 in 0ms (user: anonymous)
2026-08-22 01:37:32.636 +04:00 [INF] PUT /api/v1/profile responded 200 in 23ms (user: anonymous)
2026-08-22 01:37:32.647 +04:00 [INF] GET /api/v1/profile responded 200 in 4ms (user: anonymous)
2026-08-22 01:37:32.657 +04:00 [INF] GET /api/v1/profile responded 200 in 4ms (user: anonymous)
2026-08-22 01:37:44.057 +04:00 [INF] OPTIONS /api/v1/profile responded 204 in 0ms (user: anonymous)
2026-08-22 01:37:44.068 +04:00 [INF] GET /api/v1/profile responded 200 in 4ms (user: anonymous)
2026-08-22 01:41:56.480 +04:00 [INF] OPTIONS /api/v1/payments/checkout responded 204 in 0ms (user: anonymous)
2026-08-22 01:41:56.675 +04:00 [INF] POST /api/v1/payments/checkout responded 400 in 188ms (user: anonymous)
2026-08-22 01:42:11.645 +04:00 [INF] OPTIONS /api/v1/profile responded 204 in 0ms (user: anonymous)
2026-08-22 01:42:11.645 +04:00 [INF] OPTIONS /api/v1/stories responded 204 in 0ms (user: anonymous)
2026-08-22 01:42:11.645 +04:00 [INF] OPTIONS /api/v1/profile responded 204 in 0ms (user: anonymous)
2026-08-22 01:42:11.645 +04:00 [INF] OPTIONS /api/v1/profile responded 204 in 0ms (user: anonymous)
2026-08-22 01:42:11.645 +04:00 [INF] OPTIONS /api/v1/profile responded 204 in 0ms (user: anonymous)
2026-08-22 01:42:11.645 +04:00 [INF] OPTIONS /api/v1/stories responded 204 in 0ms (user: anonymous)
2026-08-22 01:42:11.663 +04:00 [INF] GET /api/v1/profile responded 200 in 11ms (user: anonymous)
2026-08-22 01:42:11.663 +04:00 [INF] GET /api/v1/stories responded 200 in 6ms (user: anonymous)
2026-08-22 01:42:11.671 +04:00 [INF] GET /api/v1/stories responded 200 in 1ms (user: anonymous)
2026-08-22 01:42:11.695 +04:00 [INF] GET /api/v1/profile responded 200 in 25ms (user: anonymous)
2026-08-22 01:42:11.708 +04:00 [INF] GET /api/v1/profile responded 200 in 8ms (user: anonymous)
2026-08-22 01:42:11.720 +04:00 [INF] GET /api/v1/profile responded 200 in 10ms (user: anonymous)
2026-08-22 01:42:13.781 +04:00 [INF] GET /api/v1/profile responded 200 in 5ms (user: anonymous)
2026-08-22 01:42:13.786 +04:00 [INF] GET /api/v1/profile responded 200 in 3ms (user: anonymous)
2026-08-22 01:42:13.791 +04:00 [INF] GET /api/v1/profile responded 200 in 4ms (user: anonymous)
2026-08-22 01:42:13.796 +04:00 [INF] GET /api/v1/profile responded 200 in 3ms (user: anonymous)
2026-08-22 01:42:16.086 +04:00 [INF] OPTIONS /api/v1/payments/checkout responded 204 in 0ms (user: anonymous)
2026-08-22 01:42:16.457 +04:00 [INF] POST /api/v1/payments/checkout responded 200 in 362ms (user: anonymous)
2026-08-22 01:42:16.492 +04:00 [ERR] Unhandled exception on /api/v1/payments/checkout
Stripe.StripeException: Invalid API Key provided: YOUR_SEC***_KEY
   at Stripe.LiveApiRequestor.ProcessResponse[T](StripeResponse response, ApiMode apiMode) in /_/src/Stripe.net/Infrastructure/Public/LiveApiRequestor.cs:line 287
   at Stripe.LiveApiRequestor.RequestAsync[T](BaseAddress baseAddress, HttpMethod method, String path, BaseOptions options, RequestOptions requestOptions, CancellationToken cancellationToken) in /_/src/Stripe.net/Infrastructure/Public/LiveApiRequestor.cs:line 116
   at Stripe.Service.RequestAsync[T](BaseAddress baseAddress, HttpMethod method, String path, BaseOptions options, RequestOptions requestOptions, CancellationToken cancellationToken) in /_/src/Stripe.net/Services/_base/Service.cs:line 100
   at EnglishLearningPlatform.Infrastructure.Services.StripeProviderClient.GetOrCreateCustomerAsync(String email, String existingCustomerId, CancellationToken cancellationToken) in C:\Users\Ravan999\Desktop\Aygun-Final\Final-Project-ReadLingo-Back\EnglishLearningPlatform.Infrastructure\Services\StripeProviderClient.cs:line 54
   at EnglishLearningPlatform.Application.Services.SubscriptionPaymentService.CreateCheckoutSessionAsync(Guid userId, CreateCheckoutSessionRequestDto dto, CancellationToken cancellationToken) in C:\Users\Ravan999\Desktop\Aygun-Final\Final-Project-ReadLingo-Back\EnglishLearningPlatform.Application\Services\SubscriptionPaymentService.cs:line 40
   at EnglishLearningPlatform.API.Controllers.V1.PaymentsController.CreateCheckoutSession(CreateCheckoutSessionRequestDto dto, CancellationToken cancellationToken) in C:\Users\Ravan999\Desktop\Aygun-Final\Final-Project-ReadLingo-Back\EnglishLearningPlatform.API\Controllers\V1\PaymentsController.cs:line 32
   at Microsoft.AspNetCore.Mvc.Infrastructure.ActionMethodExecutor.TaskOfIActionResultExecutor.Execute(ActionContext actionContext, IActionResultTypeMapper mapper, ObjectMethodExecutor executor, Object controller, Object[] arguments)
   at Microsoft.AspNetCore.Mvc.Infrastructure.ControllerActionInvoker.<InvokeActionMethodAsync>g__Awaited|12_0(ControllerActionInvoker invoker, ValueTask`1 actionResultValueTask)
   at Microsoft.AspNetCore.Mvc.Infrastructure.ControllerActionInvoker.<InvokeNextActionFilterAsync>g__Awaited|10_0(ControllerActionInvoker invoker, Task lastTask, State next, Scope scope, Object state, Boolean isCompleted)
   at Microsoft.AspNetCore.Mvc.Infrastructure.ControllerActionInvoker.Rethrow(ActionExecutedContextSealed context)
   at Microsoft.AspNetCore.Mvc.Infrastructure.ControllerActionInvoker.Next(State& next, Scope& scope, Object& state, Boolean& isCompleted)
   at Microsoft.AspNetCore.Mvc.Infrastructure.ControllerActionInvoker.<InvokeInnerFilterAsync>g__Awaited|13_0(ControllerActionInvoker invoker, Task lastTask, State next, Scope scope, Object state, Boolean isCompleted)
   at Microsoft.AspNetCore.Mvc.Infrastructure.ResourceInvoker.<InvokeFilterPipelineAsync>g__Awaited|20_0(ResourceInvoker invoker, Task lastTask, State next, Scope scope, Object state, Boolean isCompleted)
   at Microsoft.AspNetCore.Mvc.Infrastructure.ResourceInvoker.<InvokeAsync>g__Awaited|17_0(ResourceInvoker invoker, Task task, IDisposable scope)
   at Microsoft.AspNetCore.Mvc.Infrastructure.ResourceInvoker.<InvokeAsync>g__Awaited|17_0(ResourceInvoker invoker, Task task, IDisposable scope)
   at Microsoft.AspNetCore.Authorization.AuthorizationMiddleware.Invoke(HttpContext context)
   at Microsoft.AspNetCore.Authentication.AuthenticationMiddleware.Invoke(HttpContext context)
   at Microsoft.AspNetCore.RateLimiting.RateLimitingMiddleware.InvokeInternal(HttpContext context, EnableRateLimitingAttribute enableRateLimitingAttribute)
   at Swashbuckle.AspNetCore.SwaggerUI.SwaggerUIMiddleware.Invoke(HttpContext httpContext)
   at Swashbuckle.AspNetCore.Swagger.SwaggerMiddleware.Invoke(HttpContext httpContext, ISwaggerProvider swaggerProvider)
   at EnglishLearningPlatform.API.Middlewares.RequestLoggingMiddleware.InvokeAsync(HttpContext context) in C:\Users\Ravan999\Desktop\Aygun-Final\Final-Project-ReadLingo-Back\EnglishLearningPlatform.API\Middlewares\RequestLoggingMiddleware.cs:line 24
   at EnglishLearningPlatform.API.Middlewares.ExceptionHandlingMiddleware.InvokeAsync(HttpContext context) in C:\Users\Ravan999\Desktop\Aygun-Final\Final-Project-ReadLingo-Back\EnglishLearningPlatform.API\Middlewares\ExceptionHandlingMiddleware.cs:line 27
2026-08-22 01:42:30.546 +04:00 [INF] OPTIONS /api/v1/profile responded 204 in 0ms (user: anonymous)
2026-08-22 01:42:30.546 +04:00 [INF] OPTIONS /api/v1/profile responded 204 in 0ms (user: anonymous)
2026-08-22 01:42:30.546 +04:00 [INF] OPTIONS /api/v1/profile responded 204 in 0ms (user: anonymous)
2026-08-22 01:42:30.546 +04:00 [INF] OPTIONS /api/v1/profile responded 204 in 0ms (user: anonymous)
2026-08-22 01:42:30.566 +04:00 [INF] GET /api/v1/profile responded 200 in 9ms (user: anonymous)
2026-08-22 01:42:30.571 +04:00 [INF] GET /api/v1/profile responded 200 in 4ms (user: anonymous)
2026-08-22 01:42:30.580 +04:00 [INF] GET /api/v1/profile responded 200 in 7ms (user: anonymous)
2026-08-22 01:42:30.593 +04:00 [INF] GET /api/v1/profile responded 200 in 7ms (user: anonymous)
2026-08-22 01:42:30.602 +04:00 [INF] GET /uploads/profile-pictures/f7854795c420452884b8c1d60caec115.png responded 200 in 15ms (user: anonymous)
2026-08-22 01:42:36.441 +04:00 [INF] OPTIONS /api/v1/payments/checkout responded 204 in 0ms (user: anonymous)
2026-08-22 01:42:36.452 +04:00 [INF] POST /api/v1/payments/checkout responded 400 in 3ms (user: anonymous)
2026-08-22 01:42:48.120 +04:00 [WRN] Entity 'Story' has a global query filter defined and is the required end of a relationship with the entity 'Chapter'. This may lead to unexpected results when the required entity is filtered out. Either configure the navigation as optional, or define matching query filters for both entities in the navigation. See https://go.microsoft.com/fwlink/?linkid=2131316 for more information.
2026-08-22 01:42:48.150 +04:00 [WRN] Entity 'Story' has a global query filter defined and is the required end of a relationship with the entity 'DailyStoryReadLog'. This may lead to unexpected results when the required entity is filtered out. Either configure the navigation as optional, or define matching query filters for both entities in the navigation. See https://go.microsoft.com/fwlink/?linkid=2131316 for more information.
2026-08-22 01:42:48.155 +04:00 [WRN] Entity 'Story' has a global query filter defined and is the required end of a relationship with the entity 'FavoriteStory'. This may lead to unexpected results when the required entity is filtered out. Either configure the navigation as optional, or define matching query filters for both entities in the navigation. See https://go.microsoft.com/fwlink/?linkid=2131316 for more information.
2026-08-22 01:42:48.157 +04:00 [WRN] Entity 'Story' has a global query filter defined and is the required end of a relationship with the entity 'QuizAttempt'. This may lead to unexpected results when the required entity is filtered out. Either configure the navigation as optional, or define matching query filters for both entities in the navigation. See https://go.microsoft.com/fwlink/?linkid=2131316 for more information.
2026-08-22 01:42:48.158 +04:00 [WRN] Entity 'Story' has a global query filter defined and is the required end of a relationship with the entity 'ReadingHistory'. This may lead to unexpected results when the required entity is filtered out. Either configure the navigation as optional, or define matching query filters for both entities in the navigation. See https://go.microsoft.com/fwlink/?linkid=2131316 for more information.
2026-08-22 01:42:48.160 +04:00 [WRN] Entity 'Story' has a global query filter defined and is the required end of a relationship with the entity 'RemainingCorrectCounter'. This may lead to unexpected results when the required entity is filtered out. Either configure the navigation as optional, or define matching query filters for both entities in the navigation. See https://go.microsoft.com/fwlink/?linkid=2131316 for more information.
2026-08-22 01:42:48.162 +04:00 [WRN] Entity 'Story' has a global query filter defined and is the required end of a relationship with the entity 'Review'. This may lead to unexpected results when the required entity is filtered out. Either configure the navigation as optional, or define matching query filters for both entities in the navigation. See https://go.microsoft.com/fwlink/?linkid=2131316 for more information.
2026-08-22 01:42:48.163 +04:00 [WRN] Entity 'Story' has a global query filter defined and is the required end of a relationship with the entity 'UserProgress'. This may lead to unexpected results when the required entity is filtered out. Either configure the navigation as optional, or define matching query filters for both entities in the navigation. See https://go.microsoft.com/fwlink/?linkid=2131316 for more information.
2026-08-22 01:42:48.819 +04:00 [INF] Database seeding completed successfully.
2026-08-22 01:42:49.316 +04:00 [INF] GET /swagger/index.html responded 200 in 72ms (user: anonymous)
2026-08-22 01:42:49.472 +04:00 [INF] GET /swagger/v1/swagger.json responded 200 in 30ms (user: anonymous)
2026-08-22 01:42:55.228 +04:00 [INF] OPTIONS /api/v1/payments/checkout responded 204 in 2ms (user: anonymous)
2026-08-22 01:42:55.421 +04:00 [INF] POST /api/v1/payments/checkout responded 400 in 173ms (user: anonymous)
2026-08-22 01:43:10.473 +04:00 [INF] OPTIONS /api/v1/payments/checkout responded 204 in 0ms (user: anonymous)
2026-08-22 01:43:12.629 +04:00 [INF] POST /api/v1/payments/checkout responded 200 in 2149ms (user: anonymous)
2026-08-22 01:43:43.237 +04:00 [INF] OPTIONS /api/v1/profile responded 204 in 0ms (user: anonymous)
2026-08-22 01:43:43.237 +04:00 [INF] OPTIONS /api/v1/profile responded 204 in 0ms (user: anonymous)
2026-08-22 01:43:43.237 +04:00 [INF] OPTIONS /api/v1/profile responded 204 in 0ms (user: anonymous)
2026-08-22 01:43:43.237 +04:00 [INF] OPTIONS /api/v1/profile responded 204 in 0ms (user: anonymous)
2026-08-22 01:43:43.613 +04:00 [INF] GET /api/v1/profile responded 200 in 368ms (user: anonymous)
2026-08-22 01:43:43.624 +04:00 [INF] GET /api/v1/profile responded 200 in 8ms (user: anonymous)
2026-08-22 01:43:43.641 +04:00 [INF] GET /api/v1/profile responded 200 in 14ms (user: anonymous)
2026-08-22 01:43:43.654 +04:00 [INF] GET /api/v1/profile responded 200 in 10ms (user: anonymous)
2026-08-22 01:43:45.318 +04:00 [INF] GET /api/v1/profile responded 200 in 12ms (user: anonymous)
2026-08-22 01:43:45.331 +04:00 [INF] GET /api/v1/profile responded 200 in 11ms (user: anonymous)
2026-08-22 01:43:45.339 +04:00 [INF] GET /api/v1/profile responded 200 in 4ms (user: anonymous)
2026-08-22 01:43:45.348 +04:00 [INF] GET /api/v1/profile responded 200 in 7ms (user: anonymous)
2026-08-22 01:43:46.324 +04:00 [INF] OPTIONS /api/v1/payments/checkout responded 204 in 0ms (user: anonymous)
2026-08-22 01:43:47.391 +04:00 [INF] POST /api/v1/payments/checkout responded 200 in 1063ms (user: anonymous)
2026-08-22 01:44:32.999 +04:00 [INF] OPTIONS /api/v1/profile responded 204 in 0ms (user: anonymous)
2026-08-22 01:44:32.999 +04:00 [INF] OPTIONS /api/v1/profile responded 204 in 0ms (user: anonymous)
2026-08-22 01:44:32.999 +04:00 [INF] OPTIONS /api/v1/profile responded 204 in 0ms (user: anonymous)
2026-08-22 01:44:33.000 +04:00 [INF] OPTIONS /api/v1/profile responded 204 in 0ms (user: anonymous)
2026-08-22 01:44:33.013 +04:00 [INF] GET /api/v1/profile responded 200 in 8ms (user: anonymous)
2026-08-22 01:44:33.020 +04:00 [INF] GET /api/v1/profile responded 200 in 4ms (user: anonymous)
2026-08-22 01:44:33.029 +04:00 [INF] GET /api/v1/profile responded 200 in 7ms (user: anonymous)
2026-08-22 01:44:33.035 +04:00 [INF] GET /api/v1/profile responded 200 in 4ms (user: anonymous)
2026-08-22 01:44:36.619 +04:00 [INF] GET /api/v1/profile responded 200 in 4ms (user: anonymous)
2026-08-22 01:44:36.630 +04:00 [INF] GET /api/v1/profile responded 200 in 9ms (user: anonymous)
2026-08-22 01:44:36.665 +04:00 [INF] GET /api/v1/profile responded 200 in 32ms (user: anonymous)
2026-08-22 01:44:36.671 +04:00 [INF] GET /api/v1/profile responded 200 in 3ms (user: anonymous)
2026-08-22 01:46:21.097 +04:00 [INF] OPTIONS /api/v1/profile responded 204 in 0ms (user: anonymous)
2026-08-22 01:46:21.097 +04:00 [INF] OPTIONS /api/v1/profile responded 204 in 0ms (user: anonymous)
2026-08-22 01:46:21.108 +04:00 [INF] GET /api/v1/profile responded 200 in 4ms (user: anonymous)
2026-08-22 01:46:21.115 +04:00 [INF] GET /api/v1/profile responded 200 in 4ms (user: anonymous)
2026-08-22 01:46:29.071 +04:00 [INF] OPTIONS /api/v1/payments/verify responded 204 in 0ms (user: anonymous)
2026-08-22 01:46:29.080 +04:00 [INF] POST /api/v1/payments/verify responded 404 in 0ms (user: anonymous)
2026-08-22 01:46:29.099 +04:00 [INF] OPTIONS /api/v1/profile responded 204 in 0ms (user: anonymous)
2026-08-22 01:46:29.105 +04:00 [INF] GET /api/v1/profile responded 200 in 2ms (user: anonymous)
2026-08-22 01:46:29.113 +04:00 [INF] GET /api/v1/profile responded 200 in 2ms (user: anonymous)
2026-08-22 01:46:35.349 +04:00 [INF] OPTIONS /api/v1/profile responded 204 in 0ms (user: anonymous)
2026-08-22 01:46:35.349 +04:00 [INF] OPTIONS /api/v1/profile responded 204 in 0ms (user: anonymous)
2026-08-22 01:46:35.349 +04:00 [INF] OPTIONS /api/v1/payments/verify responded 204 in 0ms (user: anonymous)
2026-08-22 01:46:35.349 +04:00 [INF] OPTIONS /api/v1/payments/verify responded 204 in 0ms (user: anonymous)
2026-08-22 01:46:35.362 +04:00 [INF] POST /api/v1/payments/verify responded 404 in 0ms (user: anonymous)
2026-08-22 01:46:35.364 +04:00 [INF] POST /api/v1/payments/verify responded 404 in 0ms (user: anonymous)
2026-08-22 01:46:35.365 +04:00 [INF] GET /api/v1/profile responded 200 in 9ms (user: anonymous)
2026-08-22 01:46:35.371 +04:00 [INF] GET /api/v1/profile responded 200 in 4ms (user: anonymous)
2026-08-22 01:46:35.386 +04:00 [INF] GET /api/v1/profile responded 200 in 12ms (user: anonymous)
2026-08-22 01:46:35.396 +04:00 [INF] GET /api/v1/profile responded 200 in 7ms (user: anonymous)
2026-08-22 01:46:35.402 +04:00 [INF] GET /api/v1/profile responded 200 in 4ms (user: anonymous)
2026-08-22 01:46:35.416 +04:00 [INF] GET /api/v1/profile responded 200 in 4ms (user: anonymous)
2026-08-22 01:46:36.018 +04:00 [INF] POST /api/v1/payments/verify responded 404 in 0ms (user: anonymous)
2026-08-22 01:46:36.018 +04:00 [INF] POST /api/v1/payments/verify responded 404 in 0ms (user: anonymous)
2026-08-22 01:46:36.022 +04:00 [INF] GET /api/v1/profile responded 200 in 3ms (user: anonymous)
2026-08-22 01:46:36.032 +04:00 [INF] GET /api/v1/profile responded 200 in 8ms (user: anonymous)
2026-08-22 01:46:36.038 +04:00 [INF] GET /api/v1/profile responded 200 in 3ms (user: anonymous)
2026-08-22 01:46:36.046 +04:00 [INF] GET /api/v1/profile responded 200 in 6ms (user: anonymous)
2026-08-22 01:46:36.054 +04:00 [INF] GET /api/v1/profile responded 200 in 4ms (user: anonymous)
2026-08-22 01:46:36.062 +04:00 [INF] GET /api/v1/profile responded 200 in 6ms (user: anonymous)
2026-08-22 01:46:36.226 +04:00 [INF] POST /api/v1/payments/verify responded 404 in 0ms (user: anonymous)
2026-08-22 01:46:36.226 +04:00 [INF] POST /api/v1/payments/verify responded 404 in 0ms (user: anonymous)
2026-08-22 01:46:36.232 +04:00 [INF] GET /api/v1/profile responded 200 in 6ms (user: anonymous)
2026-08-22 01:46:36.237 +04:00 [INF] GET /api/v1/profile responded 200 in 3ms (user: anonymous)
2026-08-22 01:46:36.247 +04:00 [INF] GET /api/v1/profile responded 200 in 9ms (user: anonymous)
2026-08-22 01:46:36.251 +04:00 [INF] GET /api/v1/profile responded 200 in 13ms (user: anonymous)
2026-08-22 01:46:36.259 +04:00 [INF] GET /api/v1/profile responded 200 in 5ms (user: anonymous)
2026-08-22 01:46:36.273 +04:00 [INF] GET /api/v1/profile responded 200 in 3ms (user: anonymous)
2026-08-22 01:46:36.445 +04:00 [INF] POST /api/v1/payments/verify responded 404 in 1ms (user: anonymous)
2026-08-22 01:46:36.446 +04:00 [INF] POST /api/v1/payments/verify responded 404 in 0ms (user: anonymous)
2026-08-22 01:46:36.451 +04:00 [INF] GET /api/v1/profile responded 200 in 5ms (user: anonymous)
2026-08-22 01:46:36.459 +04:00 [INF] GET /api/v1/profile responded 200 in 5ms (user: anonymous)
2026-08-22 01:46:36.467 +04:00 [INF] GET /api/v1/profile responded 200 in 5ms (user: anonymous)
2026-08-22 01:46:36.471 +04:00 [INF] GET /api/v1/profile responded 200 in 3ms (user: anonymous)
2026-08-22 01:46:36.479 +04:00 [INF] GET /api/v1/profile responded 200 in 6ms (user: anonymous)
2026-08-22 01:46:36.497 +04:00 [INF] GET /api/v1/profile responded 200 in 4ms (user: anonymous)
2026-08-22 01:46:36.643 +04:00 [INF] POST /api/v1/payments/verify responded 404 in 0ms (user: anonymous)
2026-08-22 01:46:36.643 +04:00 [INF] POST /api/v1/payments/verify responded 404 in 0ms (user: anonymous)
2026-08-22 01:46:36.650 +04:00 [INF] GET /api/v1/profile responded 200 in 5ms (user: anonymous)
2026-08-22 01:46:36.660 +04:00 [INF] GET /api/v1/profile responded 200 in 6ms (user: anonymous)
2026-08-22 01:46:36.665 +04:00 [INF] GET /api/v1/profile responded 200 in 3ms (user: anonymous)
2026-08-22 01:46:36.673 +04:00 [INF] GET /api/v1/profile responded 200 in 5ms (user: anonymous)
2026-08-22 01:46:36.683 +04:00 [INF] GET /api/v1/profile responded 200 in 5ms (user: anonymous)
2026-08-22 01:46:36.689 +04:00 [INF] GET /api/v1/profile responded 200 in 2ms (user: anonymous)
2026-08-22 01:46:36.807 +04:00 [INF] POST /api/v1/payments/verify responded 404 in 0ms (user: anonymous)
2026-08-22 01:46:36.807 +04:00 [INF] POST /api/v1/payments/verify responded 404 in 0ms (user: anonymous)
2026-08-22 01:46:36.814 +04:00 [INF] GET /api/v1/profile responded 200 in 6ms (user: anonymous)
2026-08-22 01:46:36.821 +04:00 [INF] GET /api/v1/profile responded 200 in 5ms (user: anonymous)
2026-08-22 01:46:36.828 +04:00 [INF] GET /api/v1/profile responded 200 in 5ms (user: anonymous)
2026-08-22 01:46:36.835 +04:00 [INF] GET /api/v1/profile responded 200 in 4ms (user: anonymous)
2026-08-22 01:46:36.844 +04:00 [INF] GET /api/v1/profile responded 200 in 7ms (user: anonymous)
2026-08-22 01:46:36.852 +04:00 [INF] GET /api/v1/profile responded 200 in 2ms (user: anonymous)
2026-08-22 01:46:36.979 +04:00 [INF] POST /api/v1/payments/verify responded 404 in 0ms (user: anonymous)
2026-08-22 01:46:36.979 +04:00 [INF] POST /api/v1/payments/verify responded 404 in 0ms (user: anonymous)
2026-08-22 01:46:36.983 +04:00 [INF] GET /api/v1/profile responded 200 in 3ms (user: anonymous)
2026-08-22 01:46:36.989 +04:00 [INF] GET /api/v1/profile responded 200 in 4ms (user: anonymous)
2026-08-22 01:46:37.002 +04:00 [INF] GET /api/v1/profile responded 200 in 3ms (user: anonymous)
2026-08-22 01:46:37.006 +04:00 [INF] GET /api/v1/profile responded 200 in 2ms (user: anonymous)
2026-08-22 01:46:37.014 +04:00 [INF] GET /api/v1/profile responded 200 in 7ms (user: anonymous)
2026-08-22 01:46:37.023 +04:00 [INF] GET /api/v1/profile responded 200 in 2ms (user: anonymous)
2026-08-22 01:46:37.169 +04:00 [INF] POST /api/v1/payments/verify responded 404 in 0ms (user: anonymous)
2026-08-22 01:46:37.169 +04:00 [INF] POST /api/v1/payments/verify responded 404 in 0ms (user: anonymous)
2026-08-22 01:46:37.173 +04:00 [INF] GET /api/v1/profile responded 200 in 4ms (user: anonymous)
2026-08-22 01:46:37.182 +04:00 [INF] GET /api/v1/profile responded 200 in 4ms (user: anonymous)
2026-08-22 01:46:37.190 +04:00 [INF] GET /api/v1/profile responded 200 in 4ms (user: anonymous)
2026-08-22 01:46:37.198 +04:00 [INF] GET /api/v1/profile responded 200 in 5ms (user: anonymous)
2026-08-22 01:46:37.212 +04:00 [INF] GET /api/v1/profile responded 200 in 8ms (user: anonymous)
2026-08-22 01:46:37.232 +04:00 [INF] GET /api/v1/profile responded 200 in 8ms (user: anonymous)
2026-08-22 01:46:55.365 +04:00 [WRN] Entity 'Story' has a global query filter defined and is the required end of a relationship with the entity 'Chapter'. This may lead to unexpected results when the required entity is filtered out. Either configure the navigation as optional, or define matching query filters for both entities in the navigation. See https://go.microsoft.com/fwlink/?linkid=2131316 for more information.
2026-08-22 01:46:55.388 +04:00 [WRN] Entity 'Story' has a global query filter defined and is the required end of a relationship with the entity 'DailyStoryReadLog'. This may lead to unexpected results when the required entity is filtered out. Either configure the navigation as optional, or define matching query filters for both entities in the navigation. See https://go.microsoft.com/fwlink/?linkid=2131316 for more information.
2026-08-22 01:46:55.391 +04:00 [WRN] Entity 'Story' has a global query filter defined and is the required end of a relationship with the entity 'FavoriteStory'. This may lead to unexpected results when the required entity is filtered out. Either configure the navigation as optional, or define matching query filters for both entities in the navigation. See https://go.microsoft.com/fwlink/?linkid=2131316 for more information.
2026-08-22 01:46:55.393 +04:00 [WRN] Entity 'Story' has a global query filter defined and is the required end of a relationship with the entity 'QuizAttempt'. This may lead to unexpected results when the required entity is filtered out. Either configure the navigation as optional, or define matching query filters for both entities in the navigation. See https://go.microsoft.com/fwlink/?linkid=2131316 for more information.
2026-08-22 01:46:55.394 +04:00 [WRN] Entity 'Story' has a global query filter defined and is the required end of a relationship with the entity 'ReadingHistory'. This may lead to unexpected results when the required entity is filtered out. Either configure the navigation as optional, or define matching query filters for both entities in the navigation. See https://go.microsoft.com/fwlink/?linkid=2131316 for more information.
2026-08-22 01:46:55.396 +04:00 [WRN] Entity 'Story' has a global query filter defined and is the required end of a relationship with the entity 'RemainingCorrectCounter'. This may lead to unexpected results when the required entity is filtered out. Either configure the navigation as optional, or define matching query filters for both entities in the navigation. See https://go.microsoft.com/fwlink/?linkid=2131316 for more information.
2026-08-22 01:46:55.397 +04:00 [WRN] Entity 'Story' has a global query filter defined and is the required end of a relationship with the entity 'Review'. This may lead to unexpected results when the required entity is filtered out. Either configure the navigation as optional, or define matching query filters for both entities in the navigation. See https://go.microsoft.com/fwlink/?linkid=2131316 for more information.
2026-08-22 01:46:55.399 +04:00 [WRN] Entity 'Story' has a global query filter defined and is the required end of a relationship with the entity 'UserProgress'. This may lead to unexpected results when the required entity is filtered out. Either configure the navigation as optional, or define matching query filters for both entities in the navigation. See https://go.microsoft.com/fwlink/?linkid=2131316 for more information.
2026-08-22 01:46:56.350 +04:00 [INF] Database seeding completed successfully.
2026-08-22 01:46:56.858 +04:00 [INF] GET /swagger/index.html responded 200 in 40ms (user: anonymous)
2026-08-22 01:46:57.040 +04:00 [INF] GET /swagger/v1/swagger.json responded 200 in 26ms (user: anonymous)
2026-08-22 01:47:20.946 +04:00 [INF] OPTIONS /api/v1/payments/verify responded 204 in 2ms (user: anonymous)
2026-08-22 01:47:20.946 +04:00 [INF] OPTIONS /api/v1/profile responded 204 in 2ms (user: anonymous)
2026-08-22 01:47:20.946 +04:00 [INF] OPTIONS /api/v1/profile responded 204 in 2ms (user: anonymous)
2026-08-22 01:47:20.946 +04:00 [INF] OPTIONS /api/v1/payments/verify responded 204 in 2ms (user: anonymous)
2026-08-22 01:47:21.526 +04:00 [INF] GET /api/v1/profile responded 200 in 562ms (user: anonymous)
2026-08-22 01:47:21.546 +04:00 [INF] GET /api/v1/profile responded 200 in 18ms (user: anonymous)
2026-08-22 01:47:22.107 +04:00 [INF] POST /api/v1/payments/verify responded 200 in 1144ms (user: anonymous)
2026-08-22 01:47:22.107 +04:00 [INF] POST /api/v1/payments/verify responded 200 in 1144ms (user: anonymous)
2026-08-22 01:47:22.136 +04:00 [INF] GET /api/v1/profile responded 200 in 21ms (user: anonymous)
2026-08-22 01:47:22.147 +04:00 [INF] GET /api/v1/profile responded 200 in 9ms (user: anonymous)
2026-08-22 01:47:22.161 +04:00 [INF] GET /api/v1/profile responded 200 in 11ms (user: anonymous)
2026-08-22 01:47:22.170 +04:00 [INF] GET /api/v1/profile responded 200 in 6ms (user: anonymous)
2026-08-22 01:48:11.383 +04:00 [INF] OPTIONS /api/v1/stories responded 204 in 0ms (user: anonymous)
2026-08-22 01:48:11.383 +04:00 [INF] OPTIONS /api/v1/profile responded 204 in 0ms (user: anonymous)
2026-08-22 01:48:11.383 +04:00 [INF] OPTIONS /api/v1/profile responded 204 in 0ms (user: anonymous)
2026-08-22 01:48:11.383 +04:00 [INF] OPTIONS /api/v1/profile responded 204 in 0ms (user: anonymous)
2026-08-22 01:48:11.383 +04:00 [INF] OPTIONS /api/v1/profile responded 204 in 0ms (user: anonymous)
2026-08-22 01:48:11.384 +04:00 [INF] OPTIONS /api/v1/stories responded 204 in 0ms (user: anonymous)
2026-08-22 01:48:11.413 +04:00 [INF] GET /api/v1/profile responded 200 in 19ms (user: anonymous)
2026-08-22 01:48:11.421 +04:00 [INF] GET /api/v1/profile responded 200 in 5ms (user: anonymous)
2026-08-22 01:48:11.430 +04:00 [INF] GET /api/v1/profile responded 200 in 6ms (user: anonymous)
2026-08-22 01:48:11.437 +04:00 [INF] GET /api/v1/profile responded 200 in 6ms (user: anonymous)
2026-08-22 01:48:11.450 +04:00 [WRN] Compiling a query which loads related collections for more than one collection navigation, either via 'Include' or through projection, but no 'QuerySplittingBehavior' has been configured. By default, Entity Framework will use 'QuerySplittingBehavior.SingleQuery', which can potentially result in slow query performance. See https://go.microsoft.com/fwlink/?linkid=2134277 for more information. To identify the query that's triggering this warning call 'ConfigureWarnings(w => w.Throw(RelationalEventId.MultipleCollectionIncludeWarning))'.
2026-08-22 01:48:11.479 +04:00 [INF] GET /api/v1/stories responded 200 in 86ms (user: anonymous)
2026-08-22 01:48:11.483 +04:00 [INF] GET /api/v1/stories responded 200 in 1ms (user: anonymous)
2026-08-22 01:48:13.931 +04:00 [INF] OPTIONS /api/v1/stories/ff71137a-c796-499b-9a8e-5cc111b19174 responded 204 in 0ms (user: anonymous)
2026-08-22 01:48:13.931 +04:00 [INF] OPTIONS /api/v1/stories/ff71137a-c796-499b-9a8e-5cc111b19174 responded 204 in 0ms (user: anonymous)
2026-08-22 01:48:13.935 +04:00 [INF] GET /api/v1/profile responded 200 in 5ms (user: anonymous)
2026-08-22 01:48:13.944 +04:00 [INF] GET /api/v1/profile responded 200 in 7ms (user: anonymous)
2026-08-22 01:48:13.995 +04:00 [INF] GET /api/v1/stories/ff71137a-c796-499b-9a8e-5cc111b19174 responded 200 in 58ms (user: anonymous)
2026-08-22 01:48:13.999 +04:00 [INF] GET /api/v1/stories/ff71137a-c796-499b-9a8e-5cc111b19174 responded 200 in 2ms (user: anonymous)
2026-08-22 01:48:18.791 +04:00 [INF] OPTIONS /api/v1/profile responded 204 in 0ms (user: anonymous)
2026-08-22 01:48:18.791 +04:00 [INF] OPTIONS /api/v1/profile responded 204 in 0ms (user: anonymous)
2026-08-22 01:48:18.791 +04:00 [INF] OPTIONS /api/v1/profile responded 204 in 0ms (user: anonymous)
2026-08-22 01:48:18.791 +04:00 [INF] OPTIONS /api/v1/profile responded 204 in 0ms (user: anonymous)
2026-08-22 01:48:18.795 +04:00 [INF] GET /api/v1/stories/ff71137a-c796-499b-9a8e-5cc111b19174 responded 200 in 3ms (user: anonymous)
2026-08-22 01:48:18.803 +04:00 [INF] GET /api/v1/stories/ff71137a-c796-499b-9a8e-5cc111b19174 responded 200 in 5ms (user: anonymous)
2026-08-22 01:48:18.806 +04:00 [INF] GET /api/v1/profile responded 200 in 8ms (user: anonymous)
2026-08-22 01:48:18.813 +04:00 [INF] GET /api/v1/profile responded 200 in 4ms (user: anonymous)
2026-08-22 01:48:18.815 +04:00 [INF] OPTIONS /api/v1/progress responded 204 in 0ms (user: anonymous)
2026-08-22 01:48:18.819 +04:00 [INF] GET /api/v1/profile responded 200 in 3ms (user: anonymous)
2026-08-22 01:48:18.825 +04:00 [INF] GET /api/v1/profile responded 200 in 4ms (user: anonymous)
2026-08-22 01:48:18.880 +04:00 [INF] POST /api/v1/progress responded 200 in 45ms (user: anonymous)
2026-08-22 01:48:18.880 +04:00 [INF] POST /api/v1/progress responded 200 in 43ms (user: anonymous)
2026-08-22 01:48:18.880 +04:00 [INF] POST /api/v1/progress responded 200 in 31ms (user: anonymous)
2026-08-22 01:48:18.880 +04:00 [INF] POST /api/v1/progress responded 200 in 60ms (user: anonymous)
2026-08-22 01:48:18.885 +04:00 [INF] OPTIONS /api/v1/progress/reading-history responded 204 in 0ms (user: anonymous)
2026-08-22 01:48:18.887 +04:00 [INF] OPTIONS /api/v1/progress/reading-history responded 204 in 0ms (user: anonymous)
2026-08-22 01:48:18.892 +04:00 [INF] OPTIONS /api/v1/progress/reading-history responded 204 in 0ms (user: anonymous)
2026-08-22 01:48:18.893 +04:00 [INF] OPTIONS /api/v1/progress/reading-history responded 204 in 0ms (user: anonymous)
2026-08-22 01:48:18.935 +04:00 [INF] POST /api/v1/progress/reading-history responded 200 in 39ms (user: anonymous)
2026-08-22 01:48:18.935 +04:00 [INF] POST /api/v1/progress/reading-history responded 200 in 40ms (user: anonymous)
2026-08-22 01:48:18.935 +04:00 [INF] POST /api/v1/progress/reading-history responded 200 in 37ms (user: anonymous)
2026-08-22 01:48:18.935 +04:00 [INF] POST /api/v1/progress/reading-history responded 200 in 35ms (user: anonymous)
2026-08-22 01:48:18.941 +04:00 [INF] OPTIONS /api/v1/progress/streak responded 204 in 0ms (user: anonymous)
2026-08-22 01:48:18.942 +04:00 [INF] OPTIONS /api/v1/progress/streak responded 204 in 0ms (user: anonymous)
2026-08-22 01:48:18.944 +04:00 [INF] OPTIONS /api/v1/progress/streak responded 204 in 0ms (user: anonymous)
2026-08-22 01:48:18.946 +04:00 [INF] OPTIONS /api/v1/progress/streak responded 204 in 0ms (user: anonymous)
2026-08-22 01:48:18.960 +04:00 [INF] GET /api/v1/progress/streak responded 200 in 11ms (user: anonymous)
2026-08-22 01:48:18.965 +04:00 [INF] GET /api/v1/progress/streak responded 200 in 3ms (user: anonymous)
2026-08-22 01:48:18.969 +04:00 [INF] GET /api/v1/progress/streak responded 200 in 3ms (user: anonymous)
2026-08-22 01:48:18.977 +04:00 [INF] GET /api/v1/progress/streak responded 200 in 7ms (user: anonymous)
2026-08-22 01:48:20.818 +04:00 [INF] OPTIONS /api/v1/translations/translate responded 204 in 0ms (user: anonymous)
2026-08-22 01:48:21.826 +04:00 [INF] POST /api/v1/translations/translate responded 200 in 1003ms (user: anonymous)
2026-08-22 01:48:22.977 +04:00 [ERR] Failed executing DbCommand (20ms) [Parameters=[@p0='?' (DbType = Guid), @p1='?' (DbType = DateTime2), @p2='?' (Size = 4000), @p3='?' (DbType = Boolean), @p4='?' (Size = 200), @p5='?' (Size = 50), @p6='?' (Size = 10), @p7='?' (Size = 500), @p8='?' (DbType = DateTime2), @p9='?' (Size = 4000)], CommandType='"Text"', CommandTimeout='30']
SET IMPLICIT_TRANSACTIONS OFF;
SET NOCOUNT ON;
INSERT INTO [WordTranslations] ([Id], [CreatedAt], [CreatedBy], [IsDeleted], [Lemma], [PartOfSpeech], [TargetLanguage], [Translation], [UpdatedAt], [UpdatedBy])
VALUES (@p0, @p1, @p2, @p3, @p4, @p5, @p6, @p7, @p8, @p9);
2026-08-22 01:48:23.002 +04:00 [ERR] An exception occurred in the database while saving changes for context type 'EnglishLearningPlatform.Persistence.Context.ApplicationDbContext'.
Microsoft.EntityFrameworkCore.DbUpdateException: An error occurred while saving the entity changes. See the inner exception for details.
 ---> Microsoft.Data.SqlClient.SqlException (0x80131904): Cannot insert duplicate key row in object 'dbo.WordTranslations' with unique index 'IX_WordTranslations_Lemma_TargetLanguage'. The duplicate key value is (that, az).
The statement has been terminated.
   at System.Threading.Tasks.ContinuationResultTaskFromResultTask`2.InnerInvoke()
   at System.Threading.ExecutionContext.RunInternal(ExecutionContext executionContext, ContextCallback callback, Object state)
--- End of stack trace from previous location ---
   at System.Threading.ExecutionContext.RunInternal(ExecutionContext executionContext, ContextCallback callback, Object state)
   at System.Threading.Tasks.Task.ExecuteWithThreadLocal(Task& currentTaskSlot, Thread threadPoolThread)
--- End of stack trace from previous location ---
   at Microsoft.EntityFrameworkCore.Storage.RelationalCommand.ExecuteReaderAsync(RelationalCommandParameterObject parameterObject, CancellationToken cancellationToken)
   at Microsoft.EntityFrameworkCore.Storage.RelationalCommand.ExecuteReaderAsync(RelationalCommandParameterObject parameterObject, CancellationToken cancellationToken)
   at Microsoft.EntityFrameworkCore.Update.ReaderModificationCommandBatch.ExecuteAsync(IRelationalConnection connection, CancellationToken cancellationToken)
ClientConnectionId:ad1a7b36-c8f8-45e4-960e-df6c02c17e9a
Error Number:2601,State:1,Class:14
   --- End of inner exception stack trace ---
   at Microsoft.EntityFrameworkCore.Update.ReaderModificationCommandBatch.ExecuteAsync(IRelationalConnection connection, CancellationToken cancellationToken)
   at Microsoft.EntityFrameworkCore.SqlServer.Update.Internal.SqlServerModificationCommandBatch.ExecuteAsync(IRelationalConnection connection, CancellationToken cancellationToken)
   at Microsoft.EntityFrameworkCore.Update.Internal.BatchExecutor.ExecuteAsync(IEnumerable`1 commandBatches, IRelationalConnection connection, CancellationToken cancellationToken)
   at Microsoft.EntityFrameworkCore.Update.Internal.BatchExecutor.ExecuteAsync(IEnumerable`1 commandBatches, IRelationalConnection connection, CancellationToken cancellationToken)
   at Microsoft.EntityFrameworkCore.Update.Internal.BatchExecutor.ExecuteAsync(IEnumerable`1 commandBatches, IRelationalConnection connection, CancellationToken cancellationToken)
   at Microsoft.EntityFrameworkCore.ChangeTracking.Internal.StateManager.SaveChangesAsync(IList`1 entriesToSave, CancellationToken cancellationToken)
   at Microsoft.EntityFrameworkCore.ChangeTracking.Internal.StateManager.SaveChangesAsync(StateManager stateManager, Boolean acceptAllChangesOnSuccess, CancellationToken cancellationToken)
   at Microsoft.EntityFrameworkCore.Storage.ExecutionStrategy.<>c__DisplayClass30_0`2.<<ExecuteAsync>b__0>d.MoveNext()
--- End of stack trace from previous location ---
   at Microsoft.EntityFrameworkCore.Storage.ExecutionStrategy.ExecuteImplementationAsync[TState,TResult](Func`4 operation, Func`4 verifySucceeded, TState state, CancellationToken cancellationToken)
   at Microsoft.EntityFrameworkCore.Storage.ExecutionStrategy.ExecuteImplementationAsync[TState,TResult](Func`4 operation, Func`4 verifySucceeded, TState state, CancellationToken cancellationToken)
   at Microsoft.EntityFrameworkCore.Storage.ExecutionStrategy.ExecuteAsync[TState,TResult](TState state, Func`4 operation, Func`4 verifySucceeded, CancellationToken cancellationToken)
   at Microsoft.EntityFrameworkCore.DbContext.SaveChangesAsync(Boolean acceptAllChangesOnSuccess, CancellationToken cancellationToken)
Microsoft.EntityFrameworkCore.DbUpdateException: An error occurred while saving the entity changes. See the inner exception for details.
 ---> Microsoft.Data.SqlClient.SqlException (0x80131904): Cannot insert duplicate key row in object 'dbo.WordTranslations' with unique index 'IX_WordTranslations_Lemma_TargetLanguage'. The duplicate key value is (that, az).
The statement has been terminated.
   at System.Threading.Tasks.ContinuationResultTaskFromResultTask`2.InnerInvoke()
   at System.Threading.ExecutionContext.RunInternal(ExecutionContext executionContext, ContextCallback callback, Object state)
--- End of stack trace from previous location ---
   at System.Threading.ExecutionContext.RunInternal(ExecutionContext executionContext, ContextCallback callback, Object state)
   at System.Threading.Tasks.Task.ExecuteWithThreadLocal(Task& currentTaskSlot, Thread threadPoolThread)
--- End of stack trace from previous location ---
   at Microsoft.EntityFrameworkCore.Storage.RelationalCommand.ExecuteReaderAsync(RelationalCommandParameterObject parameterObject, CancellationToken cancellationToken)
   at Microsoft.EntityFrameworkCore.Storage.RelationalCommand.ExecuteReaderAsync(RelationalCommandParameterObject parameterObject, CancellationToken cancellationToken)
   at Microsoft.EntityFrameworkCore.Update.ReaderModificationCommandBatch.ExecuteAsync(IRelationalConnection connection, CancellationToken cancellationToken)
ClientConnectionId:ad1a7b36-c8f8-45e4-960e-df6c02c17e9a
Error Number:2601,State:1,Class:14
   --- End of inner exception stack trace ---
   at Microsoft.EntityFrameworkCore.Update.ReaderModificationCommandBatch.ExecuteAsync(IRelationalConnection connection, CancellationToken cancellationToken)
   at Microsoft.EntityFrameworkCore.SqlServer.Update.Internal.SqlServerModificationCommandBatch.ExecuteAsync(IRelationalConnection connection, CancellationToken cancellationToken)
   at Microsoft.EntityFrameworkCore.Update.Internal.BatchExecutor.ExecuteAsync(IEnumerable`1 commandBatches, IRelationalConnection connection, CancellationToken cancellationToken)
   at Microsoft.EntityFrameworkCore.Update.Internal.BatchExecutor.ExecuteAsync(IEnumerable`1 commandBatches, IRelationalConnection connection, CancellationToken cancellationToken)
   at Microsoft.EntityFrameworkCore.Update.Internal.BatchExecutor.ExecuteAsync(IEnumerable`1 commandBatches, IRelationalConnection connection, CancellationToken cancellationToken)
   at Microsoft.EntityFrameworkCore.ChangeTracking.Internal.StateManager.SaveChangesAsync(IList`1 entriesToSave, CancellationToken cancellationToken)
   at Microsoft.EntityFrameworkCore.ChangeTracking.Internal.StateManager.SaveChangesAsync(StateManager stateManager, Boolean acceptAllChangesOnSuccess, CancellationToken cancellationToken)
   at Microsoft.EntityFrameworkCore.Storage.ExecutionStrategy.<>c__DisplayClass30_0`2.<<ExecuteAsync>b__0>d.MoveNext()
--- End of stack trace from previous location ---
   at Microsoft.EntityFrameworkCore.Storage.ExecutionStrategy.ExecuteImplementationAsync[TState,TResult](Func`4 operation, Func`4 verifySucceeded, TState state, CancellationToken cancellationToken)
   at Microsoft.EntityFrameworkCore.Storage.ExecutionStrategy.ExecuteImplementationAsync[TState,TResult](Func`4 operation, Func`4 verifySucceeded, TState state, CancellationToken cancellationToken)
   at Microsoft.EntityFrameworkCore.Storage.ExecutionStrategy.ExecuteAsync[TState,TResult](TState state, Func`4 operation, Func`4 verifySucceeded, CancellationToken cancellationToken)
   at Microsoft.EntityFrameworkCore.DbContext.SaveChangesAsync(Boolean acceptAllChangesOnSuccess, CancellationToken cancellationToken)
2026-08-22 01:48:23.019 +04:00 [INF] POST /api/v1/translations/translate responded 200 in 1353ms (user: anonymous)
2026-08-22 01:48:23.031 +04:00 [ERR] Unhandled exception on /api/v1/translations/translate
Microsoft.EntityFrameworkCore.DbUpdateException: An error occurred while saving the entity changes. See the inner exception for details.
 ---> Microsoft.Data.SqlClient.SqlException (0x80131904): Cannot insert duplicate key row in object 'dbo.WordTranslations' with unique index 'IX_WordTranslations_Lemma_TargetLanguage'. The duplicate key value is (that, az).
The statement has been terminated.
   at System.Threading.Tasks.ContinuationResultTaskFromResultTask`2.InnerInvoke()
   at System.Threading.ExecutionContext.RunInternal(ExecutionContext executionContext, ContextCallback callback, Object state)
--- End of stack trace from previous location ---
   at System.Threading.ExecutionContext.RunInternal(ExecutionContext executionContext, ContextCallback callback, Object state)
   at System.Threading.Tasks.Task.ExecuteWithThreadLocal(Task& currentTaskSlot, Thread threadPoolThread)
--- End of stack trace from previous location ---
   at Microsoft.EntityFrameworkCore.Storage.RelationalCommand.ExecuteReaderAsync(RelationalCommandParameterObject parameterObject, CancellationToken cancellationToken)
   at Microsoft.EntityFrameworkCore.Storage.RelationalCommand.ExecuteReaderAsync(RelationalCommandParameterObject parameterObject, CancellationToken cancellationToken)
   at Microsoft.EntityFrameworkCore.Update.ReaderModificationCommandBatch.ExecuteAsync(IRelationalConnection connection, CancellationToken cancellationToken)
ClientConnectionId:ad1a7b36-c8f8-45e4-960e-df6c02c17e9a
Error Number:2601,State:1,Class:14
   --- End of inner exception stack trace ---
   at Microsoft.EntityFrameworkCore.Update.ReaderModificationCommandBatch.ExecuteAsync(IRelationalConnection connection, CancellationToken cancellationToken)
   at Microsoft.EntityFrameworkCore.SqlServer.Update.Internal.SqlServerModificationCommandBatch.ExecuteAsync(IRelationalConnection connection, CancellationToken cancellationToken)
   at Microsoft.EntityFrameworkCore.Update.Internal.BatchExecutor.ExecuteAsync(IEnumerable`1 commandBatches, IRelationalConnection connection, CancellationToken cancellationToken)
   at Microsoft.EntityFrameworkCore.Update.Internal.BatchExecutor.ExecuteAsync(IEnumerable`1 commandBatches, IRelationalConnection connection, CancellationToken cancellationToken)
   at Microsoft.EntityFrameworkCore.Update.Internal.BatchExecutor.ExecuteAsync(IEnumerable`1 commandBatches, IRelationalConnection connection, CancellationToken cancellationToken)
   at Microsoft.EntityFrameworkCore.ChangeTracking.Internal.StateManager.SaveChangesAsync(IList`1 entriesToSave, CancellationToken cancellationToken)
   at Microsoft.EntityFrameworkCore.ChangeTracking.Internal.StateManager.SaveChangesAsync(StateManager stateManager, Boolean acceptAllChangesOnSuccess, CancellationToken cancellationToken)
   at Microsoft.EntityFrameworkCore.Storage.ExecutionStrategy.<>c__DisplayClass30_0`2.<<ExecuteAsync>b__0>d.MoveNext()
--- End of stack trace from previous location ---
   at Microsoft.EntityFrameworkCore.Storage.ExecutionStrategy.ExecuteImplementationAsync[TState,TResult](Func`4 operation, Func`4 verifySucceeded, TState state, CancellationToken cancellationToken)
   at Microsoft.EntityFrameworkCore.Storage.ExecutionStrategy.ExecuteImplementationAsync[TState,TResult](Func`4 operation, Func`4 verifySucceeded, TState state, CancellationToken cancellationToken)
   at Microsoft.EntityFrameworkCore.Storage.ExecutionStrategy.ExecuteAsync[TState,TResult](TState state, Func`4 operation, Func`4 verifySucceeded, CancellationToken cancellationToken)
   at Microsoft.EntityFrameworkCore.DbContext.SaveChangesAsync(Boolean acceptAllChangesOnSuccess, CancellationToken cancellationToken)
   at Microsoft.EntityFrameworkCore.DbContext.SaveChangesAsync(Boolean acceptAllChangesOnSuccess, CancellationToken cancellationToken)
   at EnglishLearningPlatform.Persistence.UnitOfWork.UnitOfWork.SaveChangesAsync(CancellationToken cancellationToken) in C:\Users\Ravan999\Desktop\Aygun-Final\Final-Project-ReadLingo-Back\EnglishLearningPlatform.Persistence\UnitOfWork\UnitOfWork.cs:line 88
   at EnglishLearningPlatform.Application.Services.TranslationService.TranslateAsync(TranslateWordRequestDto dto, CancellationToken cancellationToken) in C:\Users\Ravan999\Desktop\Aygun-Final\Final-Project-ReadLingo-Back\EnglishLearningPlatform.Application\Services\TranslationService .cs:line 81
   at EnglishLearningPlatform.API.Controllers.V1.TranslationController.Translate(TranslateWordRequestDto dto, CancellationToken cancellationToken) in C:\Users\Ravan999\Desktop\Aygun-Final\Final-Project-ReadLingo-Back\EnglishLearningPlatform.API\Controllers\V1\TranslationController.cs:line 25
   at Microsoft.AspNetCore.Mvc.Infrastructure.ActionMethodExecutor.TaskOfIActionResultExecutor.Execute(ActionContext actionContext, IActionResultTypeMapper mapper, ObjectMethodExecutor executor, Object controller, Object[] arguments)
   at Microsoft.AspNetCore.Mvc.Infrastructure.ControllerActionInvoker.<InvokeActionMethodAsync>g__Awaited|12_0(ControllerActionInvoker invoker, ValueTask`1 actionResultValueTask)
   at Microsoft.AspNetCore.Mvc.Infrastructure.ControllerActionInvoker.<InvokeNextActionFilterAsync>g__Awaited|10_0(ControllerActionInvoker invoker, Task lastTask, State next, Scope scope, Object state, Boolean isCompleted)
   at Microsoft.AspNetCore.Mvc.Infrastructure.ControllerActionInvoker.Rethrow(ActionExecutedContextSealed context)
   at Microsoft.AspNetCore.Mvc.Infrastructure.ControllerActionInvoker.Next(State& next, Scope& scope, Object& state, Boolean& isCompleted)
   at Microsoft.AspNetCore.Mvc.Infrastructure.ControllerActionInvoker.<InvokeInnerFilterAsync>g__Awaited|13_0(ControllerActionInvoker invoker, Task lastTask, State next, Scope scope, Object state, Boolean isCompleted)
   at Microsoft.AspNetCore.Mvc.Infrastructure.ResourceInvoker.<InvokeFilterPipelineAsync>g__Awaited|20_0(ResourceInvoker invoker, Task lastTask, State next, Scope scope, Object state, Boolean isCompleted)
   at Microsoft.AspNetCore.Mvc.Infrastructure.ResourceInvoker.<InvokeAsync>g__Awaited|17_0(ResourceInvoker invoker, Task task, IDisposable scope)
   at Microsoft.AspNetCore.Mvc.Infrastructure.ResourceInvoker.<InvokeAsync>g__Awaited|17_0(ResourceInvoker invoker, Task task, IDisposable scope)
   at Microsoft.AspNetCore.Authorization.AuthorizationMiddleware.Invoke(HttpContext context)
   at Microsoft.AspNetCore.Authentication.AuthenticationMiddleware.Invoke(HttpContext context)
   at Microsoft.AspNetCore.RateLimiting.RateLimitingMiddleware.InvokeInternal(HttpContext context, EnableRateLimitingAttribute enableRateLimitingAttribute)
   at Swashbuckle.AspNetCore.SwaggerUI.SwaggerUIMiddleware.Invoke(HttpContext httpContext)
   at Swashbuckle.AspNetCore.Swagger.SwaggerMiddleware.Invoke(HttpContext httpContext, ISwaggerProvider swaggerProvider)
   at EnglishLearningPlatform.API.Middlewares.RequestLoggingMiddleware.InvokeAsync(HttpContext context) in C:\Users\Ravan999\Desktop\Aygun-Final\Final-Project-ReadLingo-Back\EnglishLearningPlatform.API\Middlewares\RequestLoggingMiddleware.cs:line 24
   at EnglishLearningPlatform.API.Middlewares.ExceptionHandlingMiddleware.InvokeAsync(HttpContext context) in C:\Users\Ravan999\Desktop\Aygun-Final\Final-Project-ReadLingo-Back\EnglishLearningPlatform.API\Middlewares\ExceptionHandlingMiddleware.cs:line 27
2026-08-22 01:48:32.468 +04:00 [INF] OPTIONS /api/v1/translations/translate responded 204 in 0ms (user: anonymous)
2026-08-22 01:48:33.301 +04:00 [INF] POST /api/v1/translations/translate responded 200 in 828ms (user: anonymous)
2026-08-22 01:48:36.697 +04:00 [INF] OPTIONS /api/v1/profile responded 204 in 0ms (user: anonymous)
2026-08-22 01:48:36.697 +04:00 [INF] OPTIONS /api/v1/profile responded 204 in 0ms (user: anonymous)
2026-08-22 01:48:36.697 +04:00 [INF] OPTIONS /api/v1/stories/ff71137a-c796-499b-9a8e-5cc111b19174 responded 204 in 0ms (user: anonymous)
2026-08-22 01:48:36.697 +04:00 [INF] OPTIONS /api/v1/stories/ff71137a-c796-499b-9a8e-5cc111b19174 responded 204 in 0ms (user: anonymous)
2026-08-22 01:48:36.704 +04:00 [INF] GET /api/v1/profile responded 200 in 3ms (user: anonymous)
2026-08-22 01:48:36.709 +04:00 [INF] GET /api/v1/stories/ff71137a-c796-499b-9a8e-5cc111b19174 responded 200 in 2ms (user: anonymous)
2026-08-22 01:48:36.711 +04:00 [INF] GET /api/v1/profile responded 200 in 5ms (user: anonymous)
2026-08-22 01:48:36.714 +04:00 [INF] GET /api/v1/stories/ff71137a-c796-499b-9a8e-5cc111b19174 responded 200 in 2ms (user: anonymous)
2026-08-22 01:48:40.300 +04:00 [INF] GET /api/v1/profile responded 200 in 3ms (user: anonymous)
2026-08-22 01:48:40.307 +04:00 [INF] GET /api/v1/profile responded 200 in 4ms (user: anonymous)
2026-08-22 01:48:40.313 +04:00 [INF] GET /api/v1/profile responded 200 in 4ms (user: anonymous)
2026-08-22 01:48:40.318 +04:00 [INF] GET /api/v1/profile responded 200 in 3ms (user: anonymous)
2026-08-22 01:48:40.327 +04:00 [INF] GET /api/v1/profile responded 200 in 7ms (user: anonymous)
2026-08-22 01:48:40.334 +04:00 [INF] GET /api/v1/profile responded 200 in 3ms (user: anonymous)
2026-08-22 01:48:43.083 +04:00 [INF] OPTIONS /api/v1/profile responded 204 in 0ms (user: anonymous)
2026-08-22 01:48:43.083 +04:00 [INF] OPTIONS /api/v1/progress/achievements responded 204 in 0ms (user: anonymous)
2026-08-22 01:48:43.083 +04:00 [INF] OPTIONS /api/v1/profile responded 204 in 0ms (user: anonymous)
2026-08-22 01:48:43.083 +04:00 [INF] OPTIONS /api/v1/progress/sessions responded 204 in 0ms (user: anonymous)
2026-08-22 01:48:43.083 +04:00 [INF] OPTIONS /api/v1/profile/badges responded 204 in 0ms (user: anonymous)
2026-08-22 01:48:43.083 +04:00 [INF] OPTIONS /api/v1/profile responded 204 in 0ms (user: anonymous)
2026-08-22 01:48:43.084 +04:00 [INF] OPTIONS /api/v1/profile responded 204 in 0ms (user: anonymous)
2026-08-22 01:48:43.084 +04:00 [INF] OPTIONS /api/v1/progress/achievements responded 204 in 0ms (user: anonymous)
2026-08-22 01:48:43.084 +04:00 [INF] OPTIONS /api/v1/progress/sessions responded 204 in 0ms (user: anonymous)
2026-08-22 01:48:43.084 +04:00 [INF] OPTIONS /api/v1/profile/badges responded 204 in 0ms (user: anonymous)
2026-08-22 01:48:43.092 +04:00 [INF] GET /api/v1/progress/achievements responded 404 in 0ms (user: anonymous)
2026-08-22 01:48:43.096 +04:00 [INF] GET /api/v1/profile responded 200 in 6ms (user: anonymous)
2026-08-22 01:48:43.099 +04:00 [INF] GET /api/v1/progress/sessions responded 404 in 0ms (user: anonymous)
2026-08-22 01:48:43.100 +04:00 [INF] GET /api/v1/profile/badges responded 404 in 0ms (user: anonymous)
2026-08-22 01:48:43.101 +04:00 [INF] GET /api/v1/profile responded 200 in 2ms (user: anonymous)
2026-08-22 01:48:43.106 +04:00 [INF] GET /api/v1/profile responded 200 in 4ms (user: anonymous)
2026-08-22 01:48:43.110 +04:00 [INF] GET /api/v1/profile responded 200 in 2ms (user: anonymous)
2026-08-22 01:48:43.112 +04:00 [INF] GET /api/v1/progress/achievements responded 404 in 0ms (user: anonymous)
2026-08-22 01:48:43.116 +04:00 [INF] GET /api/v1/progress/sessions responded 404 in 0ms (user: anonymous)
2026-08-22 01:48:43.118 +04:00 [INF] GET /api/v1/profile/badges responded 404 in 0ms (user: anonymous)
2026-08-22 01:48:50.845 +04:00 [INF] OPTIONS /api/v1/profile responded 204 in 0ms (user: anonymous)
2026-08-22 01:48:50.845 +04:00 [INF] OPTIONS /api/v1/profile responded 204 in 0ms (user: anonymous)
2026-08-22 01:48:50.845 +04:00 [INF] OPTIONS /api/v1/profile responded 204 in 0ms (user: anonymous)
2026-08-22 01:48:50.845 +04:00 [INF] OPTIONS /api/v1/profile responded 204 in 0ms (user: anonymous)
2026-08-22 01:48:50.855 +04:00 [INF] GET /api/v1/profile responded 200 in 5ms (user: anonymous)
2026-08-22 01:48:50.864 +04:00 [INF] GET /api/v1/profile responded 200 in 5ms (user: anonymous)
2026-08-22 01:48:50.868 +04:00 [INF] GET /api/v1/profile responded 200 in 2ms (user: anonymous)
2026-08-22 01:48:50.874 +04:00 [INF] GET /api/v1/profile responded 200 in 4ms (user: anonymous)
2026-08-22 01:48:58.088 +04:00 [INF] OPTIONS /api/v1/stories responded 204 in 0ms (user: anonymous)
2026-08-22 01:48:58.088 +04:00 [INF] OPTIONS /api/v1/profile responded 204 in 0ms (user: anonymous)
2026-08-22 01:48:58.088 +04:00 [INF] OPTIONS /api/v1/profile responded 204 in 0ms (user: anonymous)
2026-08-22 01:48:58.088 +04:00 [INF] OPTIONS /api/v1/story-categories responded 204 in 0ms (user: anonymous)
2026-08-22 01:48:58.088 +04:00 [INF] OPTIONS /api/v1/stories responded 204 in 0ms (user: anonymous)
2026-08-22 01:48:58.088 +04:00 [INF] OPTIONS /api/v1/story-categories responded 204 in 0ms (user: anonymous)
2026-08-22 01:48:58.097 +04:00 [INF] GET /api/v1/stories responded 200 in 1ms (user: anonymous)
2026-08-22 01:48:58.101 +04:00 [INF] GET /api/v1/profile responded 200 in 5ms (user: anonymous)
2026-08-22 01:48:58.107 +04:00 [INF] GET /api/v1/stories responded 200 in 0ms (user: anonymous)
2026-08-22 01:48:58.108 +04:00 [INF] GET /api/v1/profile responded 200 in 5ms (user: anonymous)
2026-08-22 01:48:58.129 +04:00 [INF] GET /api/v1/story-categories responded 200 in 27ms (user: anonymous)
2026-08-22 01:48:58.131 +04:00 [INF] GET /api/v1/story-categories responded 200 in 0ms (user: anonymous)
2026-08-22 01:49:07.470 +04:00 [INF] OPTIONS /api/v1/story-categories responded 204 in 0ms (user: anonymous)
2026-08-22 01:49:07.470 +04:00 [INF] OPTIONS /api/v1/admin/dashboard responded 204 in 0ms (user: anonymous)
2026-08-22 01:49:07.470 +04:00 [INF] OPTIONS /api/v1/admin/users responded 204 in 0ms (user: anonymous)
2026-08-22 01:49:07.471 +04:00 [INF] OPTIONS /api/v1/stories responded 204 in 0ms (user: anonymous)
2026-08-22 01:49:07.474 +04:00 [INF] OPTIONS /api/v1/story-levels responded 204 in 0ms (user: anonymous)
2026-08-22 01:49:07.474 +04:00 [INF] OPTIONS /api/v1/stories responded 204 in 0ms (user: anonymous)
2026-08-22 01:49:07.474 +04:00 [INF] OPTIONS /api/v1/admin/dashboard responded 204 in 0ms (user: anonymous)
2026-08-22 01:49:07.474 +04:00 [INF] OPTIONS /api/v1/admin/users responded 204 in 0ms (user: anonymous)
2026-08-22 01:49:07.475 +04:00 [INF] OPTIONS /api/v1/story-categories responded 204 in 0ms (user: anonymous)
2026-08-22 01:49:07.475 +04:00 [INF] OPTIONS /api/v1/story-levels responded 204 in 0ms (user: anonymous)
2026-08-22 01:49:07.479 +04:00 [INF] GET /api/v1/story-categories responded 200 in 1ms (user: anonymous)
2026-08-22 01:49:07.483 +04:00 [INF] GET /api/v1/admin/dashboard responded 403 in 2ms (user: anonymous)
2026-08-22 01:49:07.483 +04:00 [INF] GET /api/v1/admin/users responded 403 in 0ms (user: anonymous)
2026-08-22 01:49:07.485 +04:00 [INF] GET /api/v1/stories responded 200 in 0ms (user: anonymous)
2026-08-22 01:49:07.490 +04:00 [INF] GET /api/v1/stories responded 200 in 0ms (user: anonymous)
2026-08-22 01:49:07.491 +04:00 [INF] GET /api/v1/admin/dashboard responded 403 in 0ms (user: anonymous)
2026-08-22 01:49:07.493 +04:00 [INF] GET /api/v1/admin/users responded 403 in 0ms (user: anonymous)
2026-08-22 01:49:07.495 +04:00 [INF] GET /api/v1/story-categories responded 200 in 0ms (user: anonymous)
2026-08-22 01:49:07.507 +04:00 [INF] GET /api/v1/story-levels responded 200 in 20ms (user: anonymous)
2026-08-22 01:49:07.508 +04:00 [INF] GET /api/v1/story-levels responded 200 in 0ms (user: anonymous)
2026-08-22 01:49:09.230 +04:00 [INF] GET /api/v1/admin/dashboard responded 403 in 0ms (user: anonymous)
2026-08-22 01:49:09.230 +04:00 [INF] GET /api/v1/admin/users responded 403 in 0ms (user: anonymous)
2026-08-22 01:49:09.231 +04:00 [INF] GET /api/v1/story-categories responded 200 in 1ms (user: anonymous)
2026-08-22 01:49:09.231 +04:00 [INF] GET /api/v1/stories responded 200 in 1ms (user: anonymous)
2026-08-22 01:49:09.232 +04:00 [INF] GET /api/v1/story-levels responded 200 in 2ms (user: anonymous)
2026-08-22 01:49:09.236 +04:00 [INF] GET /api/v1/admin/users responded 403 in 0ms (user: anonymous)
2026-08-22 01:49:09.236 +04:00 [INF] GET /api/v1/admin/dashboard responded 403 in 0ms (user: anonymous)
2026-08-22 01:49:09.236 +04:00 [INF] GET /api/v1/story-levels responded 200 in 1ms (user: anonymous)
2026-08-22 01:49:09.236 +04:00 [INF] GET /api/v1/story-categories responded 200 in 1ms (user: anonymous)
2026-08-22 01:49:09.236 +04:00 [INF] GET /api/v1/stories responded 200 in 1ms (user: anonymous)
2026-08-22 01:49:19.018 +04:00 [INF] OPTIONS /api/v1/story-categories responded 204 in 0ms (user: anonymous)
2026-08-22 01:49:19.023 +04:00 [INF] POST /api/v1/story-categories responded 403 in 0ms (user: anonymous)
2026-08-22 01:49:20.759 +04:00 [INF] OPTIONS /api/v1/stories responded 204 in 0ms (user: anonymous)
2026-08-22 01:49:20.759 +04:00 [INF] OPTIONS /api/v1/profile responded 204 in 0ms (user: anonymous)
2026-08-22 01:49:20.759 +04:00 [INF] OPTIONS /api/v1/profile responded 204 in 0ms (user: anonymous)
2026-08-22 01:49:20.760 +04:00 [INF] OPTIONS /api/v1/stories responded 204 in 0ms (user: anonymous)
2026-08-22 01:49:20.761 +04:00 [INF] GET /api/v1/story-categories responded 200 in 0ms (user: anonymous)
2026-08-22 01:49:20.763 +04:00 [INF] GET /api/v1/story-categories responded 200 in 0ms (user: anonymous)
2026-08-22 01:49:20.766 +04:00 [INF] GET /api/v1/stories responded 200 in 1ms (user: anonymous)
2026-08-22 01:49:20.777 +04:00 [INF] GET /api/v1/stories responded 200 in 1ms (user: anonymous)
2026-08-22 01:49:20.778 +04:00 [INF] GET /api/v1/profile responded 200 in 7ms (user: anonymous)
2026-08-22 01:49:20.782 +04:00 [INF] GET /api/v1/profile responded 200 in 3ms (user: anonymous)
2026-08-22 01:49:21.885 +04:00 [INF] GET /api/v1/stories responded 200 in 0ms (user: anonymous)
2026-08-22 01:49:21.885 +04:00 [INF] GET /api/v1/story-categories responded 200 in 0ms (user: anonymous)
2026-08-22 01:49:21.887 +04:00 [INF] GET /api/v1/stories responded 200 in 0ms (user: anonymous)
2026-08-22 01:49:21.887 +04:00 [INF] GET /api/v1/story-categories responded 200 in 0ms (user: anonymous)
2026-08-22 01:49:21.888 +04:00 [INF] GET /api/v1/profile responded 200 in 3ms (user: anonymous)
2026-08-22 01:49:21.895 +04:00 [INF] GET /api/v1/profile responded 200 in 5ms (user: anonymous)
2026-08-22 01:50:15.072 +04:00 [INF] OPTIONS /api/v1/profile responded 204 in 0ms (user: anonymous)
2026-08-22 01:50:15.072 +04:00 [INF] OPTIONS /api/v1/story-categories responded 204 in 0ms (user: anonymous)
2026-08-22 01:50:15.072 +04:00 [INF] OPTIONS /api/v1/stories responded 204 in 0ms (user: anonymous)
2026-08-22 01:50:15.080 +04:00 [INF] GET /api/v1/profile responded 200 in 2ms (user: anonymous)
2026-08-22 01:50:15.080 +04:00 [INF] GET /api/v1/story-categories responded 200 in 0ms (user: anonymous)
2026-08-22 01:50:15.086 +04:00 [INF] GET /api/v1/stories responded 200 in 3ms (user: anonymous)
2026-08-22 01:53:22.876 +04:00 [WRN] Entity 'Story' has a global query filter defined and is the required end of a relationship with the entity 'Chapter'. This may lead to unexpected results when the required entity is filtered out. Either configure the navigation as optional, or define matching query filters for both entities in the navigation. See https://go.microsoft.com/fwlink/?linkid=2131316 for more information.
2026-08-22 01:53:22.905 +04:00 [WRN] Entity 'Story' has a global query filter defined and is the required end of a relationship with the entity 'DailyStoryReadLog'. This may lead to unexpected results when the required entity is filtered out. Either configure the navigation as optional, or define matching query filters for both entities in the navigation. See https://go.microsoft.com/fwlink/?linkid=2131316 for more information.
2026-08-22 01:53:22.910 +04:00 [WRN] Entity 'Story' has a global query filter defined and is the required end of a relationship with the entity 'FavoriteStory'. This may lead to unexpected results when the required entity is filtered out. Either configure the navigation as optional, or define matching query filters for both entities in the navigation. See https://go.microsoft.com/fwlink/?linkid=2131316 for more information.
2026-08-22 01:53:22.912 +04:00 [WRN] Entity 'Story' has a global query filter defined and is the required end of a relationship with the entity 'QuizAttempt'. This may lead to unexpected results when the required entity is filtered out. Either configure the navigation as optional, or define matching query filters for both entities in the navigation. See https://go.microsoft.com/fwlink/?linkid=2131316 for more information.
2026-08-22 01:53:22.914 +04:00 [WRN] Entity 'Story' has a global query filter defined and is the required end of a relationship with the entity 'ReadingHistory'. This may lead to unexpected results when the required entity is filtered out. Either configure the navigation as optional, or define matching query filters for both entities in the navigation. See https://go.microsoft.com/fwlink/?linkid=2131316 for more information.
2026-08-22 01:53:22.916 +04:00 [WRN] Entity 'Story' has a global query filter defined and is the required end of a relationship with the entity 'RemainingCorrectCounter'. This may lead to unexpected results when the required entity is filtered out. Either configure the navigation as optional, or define matching query filters for both entities in the navigation. See https://go.microsoft.com/fwlink/?linkid=2131316 for more information.
2026-08-22 01:53:22.917 +04:00 [WRN] Entity 'Story' has a global query filter defined and is the required end of a relationship with the entity 'Review'. This may lead to unexpected results when the required entity is filtered out. Either configure the navigation as optional, or define matching query filters for both entities in the navigation. See https://go.microsoft.com/fwlink/?linkid=2131316 for more information.
2026-08-22 01:53:22.925 +04:00 [WRN] Entity 'Story' has a global query filter defined and is the required end of a relationship with the entity 'UserProgress'. This may lead to unexpected results when the required entity is filtered out. Either configure the navigation as optional, or define matching query filters for both entities in the navigation. See https://go.microsoft.com/fwlink/?linkid=2131316 for more information.
2026-08-22 01:53:23.615 +04:00 [INF] Database seeding completed successfully.
2026-08-22 01:53:23.955 +04:00 [INF] GET /swagger/index.html responded 200 in 35ms (user: anonymous)
2026-08-22 01:53:24.275 +04:00 [INF] GET /swagger/v1/swagger.json responded 200 in 18ms (user: anonymous)
2026-08-22 01:54:50.282 +04:00 [INF] OPTIONS /api/v1/auth/refresh-token responded 204 in 1ms (user: anonymous)
2026-08-22 01:54:50.332 +04:00 [INF] POST /api/v1/auth/refresh-token responded 200 in 41ms (user: anonymous)
2026-08-22 01:54:50.344 +04:00 [ERR] Unhandled exception on /api/v1/auth/refresh-token
System.ArgumentNullException: IDX10000: The parameter 'token' cannot be a 'null' or an empty object.  (Parameter 'token')
   at System.IdentityModel.Tokens.Jwt.JwtSecurityTokenHandler.ValidateToken(String token, TokenValidationParameters validationParameters, SecurityToken& validatedToken)
   at EnglishLearningPlatform.Infrastructure.Identity.JwtTokenService.GetPrincipalFromExpiredToken(String token) in C:\Users\Ravan999\Desktop\Aygun-Final\Final-Project-ReadLingo-Back\EnglishLearningPlatform.Infrastructure\Identity\JwtTokenService .cs:line 72
   at EnglishLearningPlatform.Application.Services.AuthService.RefreshTokenAsync(RefreshTokenRequestDto dto, String ipAddress, CancellationToken cancellationToken) in C:\Users\Ravan999\Desktop\Aygun-Final\Final-Project-ReadLingo-Back\EnglishLearningPlatform.Application\Services\AuthService .cs:line 91
   at EnglishLearningPlatform.API.Controllers.V1.AuthController.RefreshToken(RefreshTokenRequestDto dto, CancellationToken cancellationToken) in C:\Users\Ravan999\Desktop\Aygun-Final\Final-Project-ReadLingo-Back\EnglishLearningPlatform.API\Controllers\V1\AuthController.cs:line 47
   at Microsoft.AspNetCore.Mvc.Infrastructure.ActionMethodExecutor.TaskOfIActionResultExecutor.Execute(ActionContext actionContext, IActionResultTypeMapper mapper, ObjectMethodExecutor executor, Object controller, Object[] arguments)
   at Microsoft.AspNetCore.Mvc.Infrastructure.ControllerActionInvoker.<InvokeActionMethodAsync>g__Awaited|12_0(ControllerActionInvoker invoker, ValueTask`1 actionResultValueTask)
   at Microsoft.AspNetCore.Mvc.Infrastructure.ControllerActionInvoker.<InvokeNextActionFilterAsync>g__Awaited|10_0(ControllerActionInvoker invoker, Task lastTask, State next, Scope scope, Object state, Boolean isCompleted)
   at Microsoft.AspNetCore.Mvc.Infrastructure.ControllerActionInvoker.Rethrow(ActionExecutedContextSealed context)
   at Microsoft.AspNetCore.Mvc.Infrastructure.ControllerActionInvoker.Next(State& next, Scope& scope, Object& state, Boolean& isCompleted)
   at Microsoft.AspNetCore.Mvc.Infrastructure.ControllerActionInvoker.InvokeInnerFilterAsync()
--- End of stack trace from previous location ---
   at Microsoft.AspNetCore.Mvc.Infrastructure.ResourceInvoker.<InvokeFilterPipelineAsync>g__Awaited|20_0(ResourceInvoker invoker, Task lastTask, State next, Scope scope, Object state, Boolean isCompleted)
   at Microsoft.AspNetCore.Mvc.Infrastructure.ResourceInvoker.<InvokeAsync>g__Awaited|17_0(ResourceInvoker invoker, Task task, IDisposable scope)
   at Microsoft.AspNetCore.Mvc.Infrastructure.ResourceInvoker.<InvokeAsync>g__Awaited|17_0(ResourceInvoker invoker, Task task, IDisposable scope)
   at Microsoft.AspNetCore.Authorization.AuthorizationMiddleware.Invoke(HttpContext context)
   at Microsoft.AspNetCore.Authentication.AuthenticationMiddleware.Invoke(HttpContext context)
   at Microsoft.AspNetCore.RateLimiting.RateLimitingMiddleware.InvokeInternal(HttpContext context, EnableRateLimitingAttribute enableRateLimitingAttribute)
   at Swashbuckle.AspNetCore.SwaggerUI.SwaggerUIMiddleware.Invoke(HttpContext httpContext)
   at Swashbuckle.AspNetCore.Swagger.SwaggerMiddleware.Invoke(HttpContext httpContext, ISwaggerProvider swaggerProvider)
   at EnglishLearningPlatform.API.Middlewares.RequestLoggingMiddleware.InvokeAsync(HttpContext context) in C:\Users\Ravan999\Desktop\Aygun-Final\Final-Project-ReadLingo-Back\EnglishLearningPlatform.API\Middlewares\RequestLoggingMiddleware.cs:line 24
   at EnglishLearningPlatform.API.Middlewares.ExceptionHandlingMiddleware.InvokeAsync(HttpContext context) in C:\Users\Ravan999\Desktop\Aygun-Final\Final-Project-ReadLingo-Back\EnglishLearningPlatform.API\Middlewares\ExceptionHandlingMiddleware.cs:line 27
2026-08-22 01:54:59.597 +04:00 [INF] OPTIONS /api/v1/auth/login responded 204 in 0ms (user: anonymous)
2026-08-22 01:54:59.633 +04:00 [INF] POST /api/v1/auth/login responded 400 in 29ms (user: anonymous)
2026-08-22 01:55:01.536 +04:00 [INF] POST /api/v1/auth/login responded 200 in 222ms (user: anonymous)
2026-08-22 01:55:01.542 +04:00 [INF] OPTIONS /api/v1/admin/dashboard responded 204 in 0ms (user: anonymous)
2026-08-22 01:55:01.673 +04:00 [INF] GET /api/v1/admin/dashboard responded 200 in 126ms (user: anonymous)
2026-08-22 01:55:01.692 +04:00 [INF] GET /api/v1/admin/dashboard responded 200 in 7ms (user: anonymous)
2026-08-22 01:55:01.703 +04:00 [INF] GET /api/v1/admin/dashboard responded 200 in 8ms (user: anonymous)
2026-08-22 01:55:01.717 +04:00 [INF] OPTIONS /api/v1/story-categories responded 204 in 0ms (user: anonymous)
2026-08-22 01:55:01.717 +04:00 [INF] OPTIONS /api/v1/admin/users responded 204 in 0ms (user: anonymous)
2026-08-22 01:55:01.717 +04:00 [INF] OPTIONS /api/v1/stories responded 204 in 0ms (user: anonymous)
2026-08-22 01:55:01.717 +04:00 [INF] OPTIONS /api/v1/stories responded 204 in 0ms (user: anonymous)
2026-08-22 01:55:01.717 +04:00 [INF] OPTIONS /api/v1/story-levels responded 204 in 0ms (user: anonymous)
2026-08-22 01:55:01.717 +04:00 [INF] OPTIONS /api/v1/admin/users responded 204 in 0ms (user: anonymous)
2026-08-22 01:55:01.718 +04:00 [INF] OPTIONS /api/v1/story-categories responded 204 in 0ms (user: anonymous)
2026-08-22 01:55:01.718 +04:00 [INF] OPTIONS /api/v1/story-levels responded 204 in 0ms (user: anonymous)
2026-08-22 01:55:01.724 +04:00 [INF] GET /api/v1/admin/dashboard responded 200 in 5ms (user: anonymous)
2026-08-22 01:55:01.741 +04:00 [INF] GET /api/v1/admin/dashboard responded 200 in 13ms (user: anonymous)
2026-08-22 01:55:01.776 +04:00 [INF] GET /api/v1/story-levels responded 200 in 38ms (user: anonymous)
2026-08-22 01:55:01.801 +04:00 [INF] GET /api/v1/story-levels responded 200 in 21ms (user: anonymous)
2026-08-22 01:55:01.814 +04:00 [INF] GET /api/v1/admin/users responded 200 in 87ms (user: anonymous)
2026-08-22 01:55:01.814 +04:00 [WRN] Compiling a query which loads related collections for more than one collection navigation, either via 'Include' or through projection, but no 'QuerySplittingBehavior' has been configured. By default, Entity Framework will use 'QuerySplittingBehavior.SingleQuery', which can potentially result in slow query performance. See https://go.microsoft.com/fwlink/?linkid=2134277 for more information. To identify the query that's triggering this warning call 'ConfigureWarnings(w => w.Throw(RelationalEventId.MultipleCollectionIncludeWarning))'.
2026-08-22 01:55:01.822 +04:00 [INF] GET /api/v1/admin/users responded 200 in 7ms (user: anonymous)
2026-08-22 01:55:01.830 +04:00 [INF] GET /api/v1/story-categories responded 200 in 107ms (user: anonymous)
2026-08-22 01:55:01.834 +04:00 [INF] GET /api/v1/story-categories responded 200 in 1ms (user: anonymous)
2026-08-22 01:55:01.843 +04:00 [INF] GET /api/v1/stories responded 200 in 113ms (user: anonymous)
2026-08-22 01:55:01.846 +04:00 [INF] GET /api/v1/stories responded 200 in 1ms (user: anonymous)
2026-08-22 01:55:52.544 +04:00 [INF] OPTIONS /api/v1/stories responded 204 in 0ms (user: anonymous)
2026-08-22 01:55:52.652 +04:00 [INF] POST /api/v1/stories responded 201 in 103ms (user: anonymous)
2026-08-22 01:55:52.659 +04:00 [INF] OPTIONS /api/v1/admin/dashboard responded 204 in 0ms (user: anonymous)
2026-08-22 01:55:52.660 +04:00 [INF] OPTIONS /api/v1/story-categories responded 204 in 0ms (user: anonymous)
2026-08-22 01:55:52.660 +04:00 [INF] OPTIONS /api/v1/admin/users responded 204 in 0ms (user: anonymous)
2026-08-22 01:55:52.661 +04:00 [INF] OPTIONS /api/v1/story-levels responded 204 in 0ms (user: anonymous)
2026-08-22 01:55:52.677 +04:00 [INF] GET /api/v1/stories responded 200 in 15ms (user: anonymous)
2026-08-22 01:55:52.677 +04:00 [INF] GET /api/v1/story-levels responded 200 in 2ms (user: anonymous)
2026-08-22 01:55:52.683 +04:00 [INF] GET /api/v1/admin/dashboard responded 200 in 17ms (user: anonymous)
2026-08-22 01:55:52.687 +04:00 [INF] GET /api/v1/story-categories responded 200 in 17ms (user: anonymous)
2026-08-22 01:55:52.690 +04:00 [INF] GET /api/v1/admin/users responded 200 in 18ms (user: anonymous)
2026-08-22 01:55:54.888 +04:00 [INF] OPTIONS /api/v1/stories/224da43d-d1fd-4b86-bd82-687049d6e289 responded 204 in 0ms (user: anonymous)
2026-08-22 01:55:54.888 +04:00 [INF] OPTIONS /api/v1/stories/224da43d-d1fd-4b86-bd82-687049d6e289 responded 204 in 0ms (user: anonymous)
2026-08-22 01:55:54.888 +04:00 [INF] GET /api/v1/story-categories responded 200 in 0ms (user: anonymous)
2026-08-22 01:55:54.888 +04:00 [INF] GET /api/v1/story-levels responded 200 in 0ms (user: anonymous)
2026-08-22 01:55:54.892 +04:00 [INF] GET /api/v1/story-levels responded 200 in 1ms (user: anonymous)
2026-08-22 01:55:54.892 +04:00 [INF] GET /api/v1/story-categories responded 200 in 1ms (user: anonymous)
2026-08-22 01:55:54.896 +04:00 [INF] GET /api/v1/admin/dashboard responded 200 in 7ms (user: anonymous)
2026-08-22 01:55:54.905 +04:00 [INF] GET /api/v1/stories/224da43d-d1fd-4b86-bd82-687049d6e289 responded 200 in 10ms (user: anonymous)
2026-08-22 01:55:54.907 +04:00 [INF] GET /api/v1/stories/224da43d-d1fd-4b86-bd82-687049d6e289 responded 200 in 0ms (user: anonymous)
2026-08-22 01:56:06.180 +04:00 [INF] OPTIONS /api/v1/chapters responded 204 in 0ms (user: anonymous)
2026-08-22 01:56:06.227 +04:00 [INF] POST /api/v1/chapters responded 201 in 41ms (user: anonymous)
2026-08-22 01:56:06.234 +04:00 [INF] OPTIONS /api/v1/story-levels responded 204 in 0ms (user: anonymous)
2026-08-22 01:56:06.234 +04:00 [INF] OPTIONS /api/v1/story-categories responded 204 in 0ms (user: anonymous)
2026-08-22 01:56:06.234 +04:00 [INF] OPTIONS /api/v1/stories/224da43d-d1fd-4b86-bd82-687049d6e289 responded 204 in 0ms (user: anonymous)
2026-08-22 01:56:06.237 +04:00 [INF] GET /api/v1/story-levels responded 200 in 0ms (user: anonymous)
2026-08-22 01:56:06.239 +04:00 [INF] GET /api/v1/story-categories responded 200 in 0ms (user: anonymous)
2026-08-22 01:56:06.246 +04:00 [INF] GET /api/v1/stories/224da43d-d1fd-4b86-bd82-687049d6e289 responded 200 in 5ms (user: anonymous)
2026-08-22 01:56:10.223 +04:00 [INF] OPTIONS /api/v1/profile responded 204 in 0ms (user: anonymous)
2026-08-22 01:56:10.223 +04:00 [INF] OPTIONS /api/v1/profile responded 204 in 0ms (user: anonymous)
2026-08-22 01:56:10.223 +04:00 [INF] OPTIONS /api/v1/profile responded 204 in 0ms (user: anonymous)
2026-08-22 01:56:10.223 +04:00 [INF] OPTIONS /api/v1/profile responded 204 in 0ms (user: anonymous)
2026-08-22 01:56:10.225 +04:00 [INF] GET /api/v1/stories/224da43d-d1fd-4b86-bd82-687049d6e289 responded 200 in 1ms (user: anonymous)
2026-08-22 01:56:10.228 +04:00 [INF] GET /api/v1/stories/224da43d-d1fd-4b86-bd82-687049d6e289 responded 200 in 1ms (user: anonymous)
2026-08-22 01:56:10.296 +04:00 [INF] GET /api/v1/profile responded 200 in 66ms (user: anonymous)
2026-08-22 01:56:10.301 +04:00 [INF] GET /api/v1/profile responded 200 in 2ms (user: anonymous)
2026-08-22 01:56:10.305 +04:00 [INF] GET /api/v1/profile responded 200 in 3ms (user: anonymous)
2026-08-22 01:56:10.305 +04:00 [INF] GET /api/v1/profile responded 200 in 3ms (user: anonymous)
2026-08-22 01:56:10.312 +04:00 [INF] OPTIONS /api/v1/progress responded 204 in 0ms (user: anonymous)
2026-08-22 01:56:10.386 +04:00 [INF] POST /api/v1/progress responded 200 in 70ms (user: anonymous)
2026-08-22 01:56:10.388 +04:00 [ERR] An exception occurred in the database while saving changes for context type 'EnglishLearningPlatform.Persistence.Context.ApplicationDbContext'.
Microsoft.EntityFrameworkCore.DbUpdateException: An error occurred while saving the entity changes. See the inner exception for details.
 ---> Microsoft.Data.SqlClient.SqlException (0x80131904): Cannot insert duplicate key row in object 'dbo.UserProgresses' with unique index 'IX_UserProgresses_AppUserId_StoryId'. The duplicate key value is (ec4aa1e8-d808-466e-e989-08def86735c8, 224da43d-d1fd-4b86-bd82-687049d6e289).
   at Microsoft.Data.SqlClient.SqlConnection.OnError(SqlException exception, Boolean breakConnection, Action`1 wrapCloseInAction)
   at Microsoft.Data.SqlClient.SqlInternalConnection.OnError(SqlException exception, Boolean breakConnection, Action`1 wrapCloseInAction)
   at Microsoft.Data.SqlClient.TdsParser.ThrowExceptionAndWarning(TdsParserStateObject stateObj, SqlCommand command, Boolean callerHasConnectionLock, Boolean asyncClose)
   at Microsoft.Data.SqlClient.TdsParser.TryRun(RunBehavior runBehavior, SqlCommand cmdHandler, SqlDataReader dataStream, BulkCopySimpleResultSet bulkCopyHandler, TdsParserStateObject stateObj, Boolean& dataReady)
   at Microsoft.Data.SqlClient.SqlDataReader.TryHasMoreRows(Boolean& moreRows)
   at Microsoft.Data.SqlClient.SqlDataReader.TryHasMoreResults(Boolean& moreResults)
   at Microsoft.Data.SqlClient.SqlDataReader.TryNextResult(Boolean& more)
   at Microsoft.Data.SqlClient.SqlDataReader.NextResultAsyncExecute(Task task, Object state)
   at Microsoft.Data.SqlClient.SqlDataReader.InvokeAsyncCall[T](SqlDataReaderBaseAsyncCallContext`1 context)
--- End of stack trace from previous location ---
   at Microsoft.EntityFrameworkCore.Update.AffectedCountModificationCommandBatch.ConsumeAsync(RelationalDataReader reader, CancellationToken cancellationToken)
ClientConnectionId:a20096b3-e533-4c89-9a33-c222148be1cc
Error Number:2601,State:1,Class:14
   --- End of inner exception stack trace ---
   at Microsoft.EntityFrameworkCore.Update.AffectedCountModificationCommandBatch.ConsumeAsync(RelationalDataReader reader, CancellationToken cancellationToken)
   at Microsoft.EntityFrameworkCore.Update.ReaderModificationCommandBatch.ExecuteAsync(IRelationalConnection connection, CancellationToken cancellationToken)
   at Microsoft.EntityFrameworkCore.Update.ReaderModificationCommandBatch.ExecuteAsync(IRelationalConnection connection, CancellationToken cancellationToken)
   at Microsoft.EntityFrameworkCore.SqlServer.Update.Internal.SqlServerModificationCommandBatch.ExecuteAsync(IRelationalConnection connection, CancellationToken cancellationToken)
   at Microsoft.EntityFrameworkCore.Update.Internal.BatchExecutor.ExecuteAsync(IEnumerable`1 commandBatches, IRelationalConnection connection, CancellationToken cancellationToken)
   at Microsoft.EntityFrameworkCore.Update.Internal.BatchExecutor.ExecuteAsync(IEnumerable`1 commandBatches, IRelationalConnection connection, CancellationToken cancellationToken)
   at Microsoft.EntityFrameworkCore.Update.Internal.BatchExecutor.ExecuteAsync(IEnumerable`1 commandBatches, IRelationalConnection connection, CancellationToken cancellationToken)
   at Microsoft.EntityFrameworkCore.ChangeTracking.Internal.StateManager.SaveChangesAsync(IList`1 entriesToSave, CancellationToken cancellationToken)
   at Microsoft.EntityFrameworkCore.ChangeTracking.Internal.StateManager.SaveChangesAsync(StateManager stateManager, Boolean acceptAllChangesOnSuccess, CancellationToken cancellationToken)
   at Microsoft.EntityFrameworkCore.Storage.ExecutionStrategy.<>c__DisplayClass30_0`2.<<ExecuteAsync>b__0>d.MoveNext()
--- End of stack trace from previous location ---
   at Microsoft.EntityFrameworkCore.Storage.ExecutionStrategy.ExecuteImplementationAsync[TState,TResult](Func`4 operation, Func`4 verifySucceeded, TState state, CancellationToken cancellationToken)
   at Microsoft.EntityFrameworkCore.Storage.ExecutionStrategy.ExecuteImplementationAsync[TState,TResult](Func`4 operation, Func`4 verifySucceeded, TState state, CancellationToken cancellationToken)
   at Microsoft.EntityFrameworkCore.Storage.ExecutionStrategy.ExecuteAsync[TState,TResult](TState state, Func`4 operation, Func`4 verifySucceeded, CancellationToken cancellationToken)
   at Microsoft.EntityFrameworkCore.DbContext.SaveChangesAsync(Boolean acceptAllChangesOnSuccess, CancellationToken cancellationToken)
Microsoft.EntityFrameworkCore.DbUpdateException: An error occurred while saving the entity changes. See the inner exception for details.
 ---> Microsoft.Data.SqlClient.SqlException (0x80131904): Cannot insert duplicate key row in object 'dbo.UserProgresses' with unique index 'IX_UserProgresses_AppUserId_StoryId'. The duplicate key value is (ec4aa1e8-d808-466e-e989-08def86735c8, 224da43d-d1fd-4b86-bd82-687049d6e289).
   at Microsoft.Data.SqlClient.SqlConnection.OnError(SqlException exception, Boolean breakConnection, Action`1 wrapCloseInAction)
   at Microsoft.Data.SqlClient.SqlInternalConnection.OnError(SqlException exception, Boolean breakConnection, Action`1 wrapCloseInAction)
   at Microsoft.Data.SqlClient.TdsParser.ThrowExceptionAndWarning(TdsParserStateObject stateObj, SqlCommand command, Boolean callerHasConnectionLock, Boolean asyncClose)
   at Microsoft.Data.SqlClient.TdsParser.TryRun(RunBehavior runBehavior, SqlCommand cmdHandler, SqlDataReader dataStream, BulkCopySimpleResultSet bulkCopyHandler, TdsParserStateObject stateObj, Boolean& dataReady)
   at Microsoft.Data.SqlClient.SqlDataReader.TryHasMoreRows(Boolean& moreRows)
   at Microsoft.Data.SqlClient.SqlDataReader.TryHasMoreResults(Boolean& moreResults)
   at Microsoft.Data.SqlClient.SqlDataReader.TryNextResult(Boolean& more)
   at Microsoft.Data.SqlClient.SqlDataReader.NextResultAsyncExecute(Task task, Object state)
   at Microsoft.Data.SqlClient.SqlDataReader.InvokeAsyncCall[T](SqlDataReaderBaseAsyncCallContext`1 context)
--- End of stack trace from previous location ---
   at Microsoft.EntityFrameworkCore.Update.AffectedCountModificationCommandBatch.ConsumeAsync(RelationalDataReader reader, CancellationToken cancellationToken)
ClientConnectionId:a20096b3-e533-4c89-9a33-c222148be1cc
Error Number:2601,State:1,Class:14
   --- End of inner exception stack trace ---
   at Microsoft.EntityFrameworkCore.Update.AffectedCountModificationCommandBatch.ConsumeAsync(RelationalDataReader reader, CancellationToken cancellationToken)
   at Microsoft.EntityFrameworkCore.Update.ReaderModificationCommandBatch.ExecuteAsync(IRelationalConnection connection, CancellationToken cancellationToken)
   at Microsoft.EntityFrameworkCore.Update.ReaderModificationCommandBatch.ExecuteAsync(IRelationalConnection connection, CancellationToken cancellationToken)
   at Microsoft.EntityFrameworkCore.SqlServer.Update.Internal.SqlServerModificationCommandBatch.ExecuteAsync(IRelationalConnection connection, CancellationToken cancellationToken)
   at Microsoft.EntityFrameworkCore.Update.Internal.BatchExecutor.ExecuteAsync(IEnumerable`1 commandBatches, IRelationalConnection connection, CancellationToken cancellationToken)
   at Microsoft.EntityFrameworkCore.Update.Internal.BatchExecutor.ExecuteAsync(IEnumerable`1 commandBatches, IRelationalConnection connection, CancellationToken cancellationToken)
   at Microsoft.EntityFrameworkCore.Update.Internal.BatchExecutor.ExecuteAsync(IEnumerable`1 commandBatches, IRelationalConnection connection, CancellationToken cancellationToken)
   at Microsoft.EntityFrameworkCore.ChangeTracking.Internal.StateManager.SaveChangesAsync(IList`1 entriesToSave, CancellationToken cancellationToken)
   at Microsoft.EntityFrameworkCore.ChangeTracking.Internal.StateManager.SaveChangesAsync(StateManager stateManager, Boolean acceptAllChangesOnSuccess, CancellationToken cancellationToken)
   at Microsoft.EntityFrameworkCore.Storage.ExecutionStrategy.<>c__DisplayClass30_0`2.<<ExecuteAsync>b__0>d.MoveNext()
--- End of stack trace from previous location ---
   at Microsoft.EntityFrameworkCore.Storage.ExecutionStrategy.ExecuteImplementationAsync[TState,TResult](Func`4 operation, Func`4 verifySucceeded, TState state, CancellationToken cancellationToken)
   at Microsoft.EntityFrameworkCore.Storage.ExecutionStrategy.ExecuteImplementationAsync[TState,TResult](Func`4 operation, Func`4 verifySucceeded, TState state, CancellationToken cancellationToken)
   at Microsoft.EntityFrameworkCore.Storage.ExecutionStrategy.ExecuteAsync[TState,TResult](TState state, Func`4 operation, Func`4 verifySucceeded, CancellationToken cancellationToken)
   at Microsoft.EntityFrameworkCore.DbContext.SaveChangesAsync(Boolean acceptAllChangesOnSuccess, CancellationToken cancellationToken)
2026-08-22 01:56:10.388 +04:00 [ERR] An exception occurred in the database while saving changes for context type 'EnglishLearningPlatform.Persistence.Context.ApplicationDbContext'.
Microsoft.EntityFrameworkCore.DbUpdateException: An error occurred while saving the entity changes. See the inner exception for details.
 ---> Microsoft.Data.SqlClient.SqlException (0x80131904): Cannot insert duplicate key row in object 'dbo.UserProgresses' with unique index 'IX_UserProgresses_AppUserId_StoryId'. The duplicate key value is (ec4aa1e8-d808-466e-e989-08def86735c8, 224da43d-d1fd-4b86-bd82-687049d6e289).
   at Microsoft.Data.SqlClient.SqlConnection.OnError(SqlException exception, Boolean breakConnection, Action`1 wrapCloseInAction)
   at Microsoft.Data.SqlClient.SqlInternalConnection.OnError(SqlException exception, Boolean breakConnection, Action`1 wrapCloseInAction)
   at Microsoft.Data.SqlClient.TdsParser.ThrowExceptionAndWarning(TdsParserStateObject stateObj, SqlCommand command, Boolean callerHasConnectionLock, Boolean asyncClose)
   at Microsoft.Data.SqlClient.TdsParser.TryRun(RunBehavior runBehavior, SqlCommand cmdHandler, SqlDataReader dataStream, BulkCopySimpleResultSet bulkCopyHandler, TdsParserStateObject stateObj, Boolean& dataReady)
   at Microsoft.Data.SqlClient.SqlDataReader.TryHasMoreRows(Boolean& moreRows)
   at Microsoft.Data.SqlClient.SqlDataReader.TryHasMoreResults(Boolean& moreResults)
   at Microsoft.Data.SqlClient.SqlDataReader.TryNextResult(Boolean& more)
   at Microsoft.Data.SqlClient.SqlDataReader.NextResultAsyncExecute(Task task, Object state)
   at Microsoft.Data.SqlClient.SqlDataReader.InvokeAsyncCall[T](SqlDataReaderBaseAsyncCallContext`1 context)
--- End of stack trace from previous location ---
   at Microsoft.EntityFrameworkCore.Update.AffectedCountModificationCommandBatch.ConsumeAsync(RelationalDataReader reader, CancellationToken cancellationToken)
ClientConnectionId:cf0a3850-0150-41c0-8d8e-b5c0dd074cef
Error Number:2601,State:1,Class:14
   --- End of inner exception stack trace ---
   at Microsoft.EntityFrameworkCore.Update.AffectedCountModificationCommandBatch.ConsumeAsync(RelationalDataReader reader, CancellationToken cancellationToken)
   at Microsoft.EntityFrameworkCore.Update.ReaderModificationCommandBatch.ExecuteAsync(IRelationalConnection connection, CancellationToken cancellationToken)
   at Microsoft.EntityFrameworkCore.Update.ReaderModificationCommandBatch.ExecuteAsync(IRelationalConnection connection, CancellationToken cancellationToken)
   at Microsoft.EntityFrameworkCore.SqlServer.Update.Internal.SqlServerModificationCommandBatch.ExecuteAsync(IRelationalConnection connection, CancellationToken cancellationToken)
   at Microsoft.EntityFrameworkCore.Update.Internal.BatchExecutor.ExecuteAsync(IEnumerable`1 commandBatches, IRelationalConnection connection, CancellationToken cancellationToken)
   at Microsoft.EntityFrameworkCore.Update.Internal.BatchExecutor.ExecuteAsync(IEnumerable`1 commandBatches, IRelationalConnection connection, CancellationToken cancellationToken)
   at Microsoft.EntityFrameworkCore.Update.Internal.BatchExecutor.ExecuteAsync(IEnumerable`1 commandBatches, IRelationalConnection connection, CancellationToken cancellationToken)
   at Microsoft.EntityFrameworkCore.ChangeTracking.Internal.StateManager.SaveChangesAsync(IList`1 entriesToSave, CancellationToken cancellationToken)
   at Microsoft.EntityFrameworkCore.ChangeTracking.Internal.StateManager.SaveChangesAsync(StateManager stateManager, Boolean acceptAllChangesOnSuccess, CancellationToken cancellationToken)
   at Microsoft.EntityFrameworkCore.Storage.ExecutionStrategy.<>c__DisplayClass30_0`2.<<ExecuteAsync>b__0>d.MoveNext()
--- End of stack trace from previous location ---
   at Microsoft.EntityFrameworkCore.Storage.ExecutionStrategy.ExecuteImplementationAsync[TState,TResult](Func`4 operation, Func`4 verifySucceeded, TState state, CancellationToken cancellationToken)
   at Microsoft.EntityFrameworkCore.Storage.ExecutionStrategy.ExecuteImplementationAsync[TState,TResult](Func`4 operation, Func`4 verifySucceeded, TState state, CancellationToken cancellationToken)
   at Microsoft.EntityFrameworkCore.Storage.ExecutionStrategy.ExecuteAsync[TState,TResult](TState state, Func`4 operation, Func`4 verifySucceeded, CancellationToken cancellationToken)
   at Microsoft.EntityFrameworkCore.DbContext.SaveChangesAsync(Boolean acceptAllChangesOnSuccess, CancellationToken cancellationToken)
Microsoft.EntityFrameworkCore.DbUpdateException: An error occurred while saving the entity changes. See the inner exception for details.
 ---> Microsoft.Data.SqlClient.SqlException (0x80131904): Cannot insert duplicate key row in object 'dbo.UserProgresses' with unique index 'IX_UserProgresses_AppUserId_StoryId'. The duplicate key value is (ec4aa1e8-d808-466e-e989-08def86735c8, 224da43d-d1fd-4b86-bd82-687049d6e289).
   at Microsoft.Data.SqlClient.SqlConnection.OnError(SqlException exception, Boolean breakConnection, Action`1 wrapCloseInAction)
   at Microsoft.Data.SqlClient.SqlInternalConnection.OnError(SqlException exception, Boolean breakConnection, Action`1 wrapCloseInAction)
   at Microsoft.Data.SqlClient.TdsParser.ThrowExceptionAndWarning(TdsParserStateObject stateObj, SqlCommand command, Boolean callerHasConnectionLock, Boolean asyncClose)
   at Microsoft.Data.SqlClient.TdsParser.TryRun(RunBehavior runBehavior, SqlCommand cmdHandler, SqlDataReader dataStream, BulkCopySimpleResultSet bulkCopyHandler, TdsParserStateObject stateObj, Boolean& dataReady)
   at Microsoft.Data.SqlClient.SqlDataReader.TryHasMoreRows(Boolean& moreRows)
   at Microsoft.Data.SqlClient.SqlDataReader.TryHasMoreResults(Boolean& moreResults)
   at Microsoft.Data.SqlClient.SqlDataReader.TryNextResult(Boolean& more)
   at Microsoft.Data.SqlClient.SqlDataReader.NextResultAsyncExecute(Task task, Object state)
   at Microsoft.Data.SqlClient.SqlDataReader.InvokeAsyncCall[T](SqlDataReaderBaseAsyncCallContext`1 context)
--- End of stack trace from previous location ---
   at Microsoft.EntityFrameworkCore.Update.AffectedCountModificationCommandBatch.ConsumeAsync(RelationalDataReader reader, CancellationToken cancellationToken)
ClientConnectionId:cf0a3850-0150-41c0-8d8e-b5c0dd074cef
Error Number:2601,State:1,Class:14
   --- End of inner exception stack trace ---
   at Microsoft.EntityFrameworkCore.Update.AffectedCountModificationCommandBatch.ConsumeAsync(RelationalDataReader reader, CancellationToken cancellationToken)
   at Microsoft.EntityFrameworkCore.Update.ReaderModificationCommandBatch.ExecuteAsync(IRelationalConnection connection, CancellationToken cancellationToken)
   at Microsoft.EntityFrameworkCore.Update.ReaderModificationCommandBatch.ExecuteAsync(IRelationalConnection connection, CancellationToken cancellationToken)
   at Microsoft.EntityFrameworkCore.SqlServer.Update.Internal.SqlServerModificationCommandBatch.ExecuteAsync(IRelationalConnection connection, CancellationToken cancellationToken)
   at Microsoft.EntityFrameworkCore.Update.Internal.BatchExecutor.ExecuteAsync(IEnumerable`1 commandBatches, IRelationalConnection connection, CancellationToken cancellationToken)
   at Microsoft.EntityFrameworkCore.Update.Internal.BatchExecutor.ExecuteAsync(IEnumerable`1 commandBatches, IRelationalConnection connection, CancellationToken cancellationToken)
   at Microsoft.EntityFrameworkCore.Update.Internal.BatchExecutor.ExecuteAsync(IEnumerable`1 commandBatches, IRelationalConnection connection, CancellationToken cancellationToken)
   at Microsoft.EntityFrameworkCore.ChangeTracking.Internal.StateManager.SaveChangesAsync(IList`1 entriesToSave, CancellationToken cancellationToken)
   at Microsoft.EntityFrameworkCore.ChangeTracking.Internal.StateManager.SaveChangesAsync(StateManager stateManager, Boolean acceptAllChangesOnSuccess, CancellationToken cancellationToken)
   at Microsoft.EntityFrameworkCore.Storage.ExecutionStrategy.<>c__DisplayClass30_0`2.<<ExecuteAsync>b__0>d.MoveNext()
--- End of stack trace from previous location ---
   at Microsoft.EntityFrameworkCore.Storage.ExecutionStrategy.ExecuteImplementationAsync[TState,TResult](Func`4 operation, Func`4 verifySucceeded, TState state, CancellationToken cancellationToken)
   at Microsoft.EntityFrameworkCore.Storage.ExecutionStrategy.ExecuteImplementationAsync[TState,TResult](Func`4 operation, Func`4 verifySucceeded, TState state, CancellationToken cancellationToken)
   at Microsoft.EntityFrameworkCore.Storage.ExecutionStrategy.ExecuteAsync[TState,TResult](TState state, Func`4 operation, Func`4 verifySucceeded, CancellationToken cancellationToken)
   at Microsoft.EntityFrameworkCore.DbContext.SaveChangesAsync(Boolean acceptAllChangesOnSuccess, CancellationToken cancellationToken)
2026-08-22 01:56:10.388 +04:00 [ERR] An exception occurred in the database while saving changes for context type 'EnglishLearningPlatform.Persistence.Context.ApplicationDbContext'.
Microsoft.EntityFrameworkCore.DbUpdateException: An error occurred while saving the entity changes. See the inner exception for details.
 ---> Microsoft.Data.SqlClient.SqlException (0x80131904): Cannot insert duplicate key row in object 'dbo.UserProgresses' with unique index 'IX_UserProgresses_AppUserId_StoryId'. The duplicate key value is (ec4aa1e8-d808-466e-e989-08def86735c8, 224da43d-d1fd-4b86-bd82-687049d6e289).
   at Microsoft.Data.SqlClient.SqlConnection.OnError(SqlException exception, Boolean breakConnection, Action`1 wrapCloseInAction)
   at Microsoft.Data.SqlClient.SqlInternalConnection.OnError(SqlException exception, Boolean breakConnection, Action`1 wrapCloseInAction)
   at Microsoft.Data.SqlClient.TdsParser.ThrowExceptionAndWarning(TdsParserStateObject stateObj, SqlCommand command, Boolean callerHasConnectionLock, Boolean asyncClose)
   at Microsoft.Data.SqlClient.TdsParser.TryRun(RunBehavior runBehavior, SqlCommand cmdHandler, SqlDataReader dataStream, BulkCopySimpleResultSet bulkCopyHandler, TdsParserStateObject stateObj, Boolean& dataReady)
   at Microsoft.Data.SqlClient.SqlDataReader.TryHasMoreRows(Boolean& moreRows)
   at Microsoft.Data.SqlClient.SqlDataReader.TryHasMoreResults(Boolean& moreResults)
   at Microsoft.Data.SqlClient.SqlDataReader.TryNextResult(Boolean& more)
   at Microsoft.Data.SqlClient.SqlDataReader.NextResultAsyncExecute(Task task, Object state)
   at Microsoft.Data.SqlClient.SqlDataReader.InvokeAsyncCall[T](SqlDataReaderBaseAsyncCallContext`1 context)
--- End of stack trace from previous location ---
   at Microsoft.EntityFrameworkCore.Update.AffectedCountModificationCommandBatch.ConsumeAsync(RelationalDataReader reader, CancellationToken cancellationToken)
ClientConnectionId:d824b6a1-be3f-4a11-aa67-5d620fdb432f
Error Number:2601,State:1,Class:14
   --- End of inner exception stack trace ---
   at Microsoft.EntityFrameworkCore.Update.AffectedCountModificationCommandBatch.ConsumeAsync(RelationalDataReader reader, CancellationToken cancellationToken)
   at Microsoft.EntityFrameworkCore.Update.ReaderModificationCommandBatch.ExecuteAsync(IRelationalConnection connection, CancellationToken cancellationToken)
   at Microsoft.EntityFrameworkCore.Update.ReaderModificationCommandBatch.ExecuteAsync(IRelationalConnection connection, CancellationToken cancellationToken)
   at Microsoft.EntityFrameworkCore.SqlServer.Update.Internal.SqlServerModificationCommandBatch.ExecuteAsync(IRelationalConnection connection, CancellationToken cancellationToken)
   at Microsoft.EntityFrameworkCore.Update.Internal.BatchExecutor.ExecuteAsync(IEnumerable`1 commandBatches, IRelationalConnection connection, CancellationToken cancellationToken)
   at Microsoft.EntityFrameworkCore.Update.Internal.BatchExecutor.ExecuteAsync(IEnumerable`1 commandBatches, IRelationalConnection connection, CancellationToken cancellationToken)
   at Microsoft.EntityFrameworkCore.Update.Internal.BatchExecutor.ExecuteAsync(IEnumerable`1 commandBatches, IRelationalConnection connection, CancellationToken cancellationToken)
   at Microsoft.EntityFrameworkCore.ChangeTracking.Internal.StateManager.SaveChangesAsync(IList`1 entriesToSave, CancellationToken cancellationToken)
   at Microsoft.EntityFrameworkCore.ChangeTracking.Internal.StateManager.SaveChangesAsync(StateManager stateManager, Boolean acceptAllChangesOnSuccess, CancellationToken cancellationToken)
   at Microsoft.EntityFrameworkCore.Storage.ExecutionStrategy.<>c__DisplayClass30_0`2.<<ExecuteAsync>b__0>d.MoveNext()
--- End of stack trace from previous location ---
   at Microsoft.EntityFrameworkCore.Storage.ExecutionStrategy.ExecuteImplementationAsync[TState,TResult](Func`4 operation, Func`4 verifySucceeded, TState state, CancellationToken cancellationToken)
   at Microsoft.EntityFrameworkCore.Storage.ExecutionStrategy.ExecuteImplementationAsync[TState,TResult](Func`4 operation, Func`4 verifySucceeded, TState state, CancellationToken cancellationToken)
   at Microsoft.EntityFrameworkCore.Storage.ExecutionStrategy.ExecuteAsync[TState,TResult](TState state, Func`4 operation, Func`4 verifySucceeded, CancellationToken cancellationToken)
   at Microsoft.EntityFrameworkCore.DbContext.SaveChangesAsync(Boolean acceptAllChangesOnSuccess, CancellationToken cancellationToken)
Microsoft.EntityFrameworkCore.DbUpdateException: An error occurred while saving the entity changes. See the inner exception for details.
 ---> Microsoft.Data.SqlClient.SqlException (0x80131904): Cannot insert duplicate key row in object 'dbo.UserProgresses' with unique index 'IX_UserProgresses_AppUserId_StoryId'. The duplicate key value is (ec4aa1e8-d808-466e-e989-08def86735c8, 224da43d-d1fd-4b86-bd82-687049d6e289).
   at Microsoft.Data.SqlClient.SqlConnection.OnError(SqlException exception, Boolean breakConnection, Action`1 wrapCloseInAction)
   at Microsoft.Data.SqlClient.SqlInternalConnection.OnError(SqlException exception, Boolean breakConnection, Action`1 wrapCloseInAction)
   at Microsoft.Data.SqlClient.TdsParser.ThrowExceptionAndWarning(TdsParserStateObject stateObj, SqlCommand command, Boolean callerHasConnectionLock, Boolean asyncClose)
   at Microsoft.Data.SqlClient.TdsParser.TryRun(RunBehavior runBehavior, SqlCommand cmdHandler, SqlDataReader dataStream, BulkCopySimpleResultSet bulkCopyHandler, TdsParserStateObject stateObj, Boolean& dataReady)
   at Microsoft.Data.SqlClient.SqlDataReader.TryHasMoreRows(Boolean& moreRows)
   at Microsoft.Data.SqlClient.SqlDataReader.TryHasMoreResults(Boolean& moreResults)
   at Microsoft.Data.SqlClient.SqlDataReader.TryNextResult(Boolean& more)
   at Microsoft.Data.SqlClient.SqlDataReader.NextResultAsyncExecute(Task task, Object state)
   at Microsoft.Data.SqlClient.SqlDataReader.InvokeAsyncCall[T](SqlDataReaderBaseAsyncCallContext`1 context)
--- End of stack trace from previous location ---
   at Microsoft.EntityFrameworkCore.Update.AffectedCountModificationCommandBatch.ConsumeAsync(RelationalDataReader reader, CancellationToken cancellationToken)
ClientConnectionId:d824b6a1-be3f-4a11-aa67-5d620fdb432f
Error Number:2601,State:1,Class:14
   --- End of inner exception stack trace ---
   at Microsoft.EntityFrameworkCore.Update.AffectedCountModificationCommandBatch.ConsumeAsync(RelationalDataReader reader, CancellationToken cancellationToken)
   at Microsoft.EntityFrameworkCore.Update.ReaderModificationCommandBatch.ExecuteAsync(IRelationalConnection connection, CancellationToken cancellationToken)
   at Microsoft.EntityFrameworkCore.Update.ReaderModificationCommandBatch.ExecuteAsync(IRelationalConnection connection, CancellationToken cancellationToken)
   at Microsoft.EntityFrameworkCore.SqlServer.Update.Internal.SqlServerModificationCommandBatch.ExecuteAsync(IRelationalConnection connection, CancellationToken cancellationToken)
   at Microsoft.EntityFrameworkCore.Update.Internal.BatchExecutor.ExecuteAsync(IEnumerable`1 commandBatches, IRelationalConnection connection, CancellationToken cancellationToken)
   at Microsoft.EntityFrameworkCore.Update.Internal.BatchExecutor.ExecuteAsync(IEnumerable`1 commandBatches, IRelationalConnection connection, CancellationToken cancellationToken)
   at Microsoft.EntityFrameworkCore.Update.Internal.BatchExecutor.ExecuteAsync(IEnumerable`1 commandBatches, IRelationalConnection connection, CancellationToken cancellationToken)
   at Microsoft.EntityFrameworkCore.ChangeTracking.Internal.StateManager.SaveChangesAsync(IList`1 entriesToSave, CancellationToken cancellationToken)
   at Microsoft.EntityFrameworkCore.ChangeTracking.Internal.StateManager.SaveChangesAsync(StateManager stateManager, Boolean acceptAllChangesOnSuccess, CancellationToken cancellationToken)
   at Microsoft.EntityFrameworkCore.Storage.ExecutionStrategy.<>c__DisplayClass30_0`2.<<ExecuteAsync>b__0>d.MoveNext()
--- End of stack trace from previous location ---
   at Microsoft.EntityFrameworkCore.Storage.ExecutionStrategy.ExecuteImplementationAsync[TState,TResult](Func`4 operation, Func`4 verifySucceeded, TState state, CancellationToken cancellationToken)
   at Microsoft.EntityFrameworkCore.Storage.ExecutionStrategy.ExecuteImplementationAsync[TState,TResult](Func`4 operation, Func`4 verifySucceeded, TState state, CancellationToken cancellationToken)
   at Microsoft.EntityFrameworkCore.Storage.ExecutionStrategy.ExecuteAsync[TState,TResult](TState state, Func`4 operation, Func`4 verifySucceeded, CancellationToken cancellationToken)
   at Microsoft.EntityFrameworkCore.DbContext.SaveChangesAsync(Boolean acceptAllChangesOnSuccess, CancellationToken cancellationToken)
2026-08-22 01:56:10.398 +04:00 [INF] OPTIONS /api/v1/progress/reading-history responded 204 in 0ms (user: anonymous)
2026-08-22 01:56:10.404 +04:00 [INF] POST /api/v1/progress responded 200 in 72ms (user: anonymous)
2026-08-22 01:56:10.414 +04:00 [INF] POST /api/v1/progress responded 200 in 83ms (user: anonymous)
2026-08-22 01:56:10.421 +04:00 [INF] POST /api/v1/progress responded 200 in 82ms (user: anonymous)
2026-08-22 01:56:10.429 +04:00 [ERR] Unhandled exception on /api/v1/progress
Microsoft.EntityFrameworkCore.DbUpdateException: An error occurred while saving the entity changes. See the inner exception for details.
 ---> Microsoft.Data.SqlClient.SqlException (0x80131904): Cannot insert duplicate key row in object 'dbo.UserProgresses' with unique index 'IX_UserProgresses_AppUserId_StoryId'. The duplicate key value is (ec4aa1e8-d808-466e-e989-08def86735c8, 224da43d-d1fd-4b86-bd82-687049d6e289).
   at Microsoft.Data.SqlClient.SqlConnection.OnError(SqlException exception, Boolean breakConnection, Action`1 wrapCloseInAction)
   at Microsoft.Data.SqlClient.SqlInternalConnection.OnError(SqlException exception, Boolean breakConnection, Action`1 wrapCloseInAction)
   at Microsoft.Data.SqlClient.TdsParser.ThrowExceptionAndWarning(TdsParserStateObject stateObj, SqlCommand command, Boolean callerHasConnectionLock, Boolean asyncClose)
   at Microsoft.Data.SqlClient.TdsParser.TryRun(RunBehavior runBehavior, SqlCommand cmdHandler, SqlDataReader dataStream, BulkCopySimpleResultSet bulkCopyHandler, TdsParserStateObject stateObj, Boolean& dataReady)
   at Microsoft.Data.SqlClient.SqlDataReader.TryHasMoreRows(Boolean& moreRows)
   at Microsoft.Data.SqlClient.SqlDataReader.TryHasMoreResults(Boolean& moreResults)
   at Microsoft.Data.SqlClient.SqlDataReader.TryNextResult(Boolean& more)
   at Microsoft.Data.SqlClient.SqlDataReader.NextResultAsyncExecute(Task task, Object state)
   at Microsoft.Data.SqlClient.SqlDataReader.InvokeAsyncCall[T](SqlDataReaderBaseAsyncCallContext`1 context)
--- End of stack trace from previous location ---
   at Microsoft.EntityFrameworkCore.Update.AffectedCountModificationCommandBatch.ConsumeAsync(RelationalDataReader reader, CancellationToken cancellationToken)
ClientConnectionId:a20096b3-e533-4c89-9a33-c222148be1cc
Error Number:2601,State:1,Class:14
   --- End of inner exception stack trace ---
   at Microsoft.EntityFrameworkCore.Update.AffectedCountModificationCommandBatch.ConsumeAsync(RelationalDataReader reader, CancellationToken cancellationToken)
   at Microsoft.EntityFrameworkCore.Update.ReaderModificationCommandBatch.ExecuteAsync(IRelationalConnection connection, CancellationToken cancellationToken)
   at Microsoft.EntityFrameworkCore.Update.ReaderModificationCommandBatch.ExecuteAsync(IRelationalConnection connection, CancellationToken cancellationToken)
   at Microsoft.EntityFrameworkCore.SqlServer.Update.Internal.SqlServerModificationCommandBatch.ExecuteAsync(IRelationalConnection connection, CancellationToken cancellationToken)
   at Microsoft.EntityFrameworkCore.Update.Internal.BatchExecutor.ExecuteAsync(IEnumerable`1 commandBatches, IRelationalConnection connection, CancellationToken cancellationToken)
   at Microsoft.EntityFrameworkCore.Update.Internal.BatchExecutor.ExecuteAsync(IEnumerable`1 commandBatches, IRelationalConnection connection, CancellationToken cancellationToken)
   at Microsoft.EntityFrameworkCore.Update.Internal.BatchExecutor.ExecuteAsync(IEnumerable`1 commandBatches, IRelationalConnection connection, CancellationToken cancellationToken)
   at Microsoft.EntityFrameworkCore.ChangeTracking.Internal.StateManager.SaveChangesAsync(IList`1 entriesToSave, CancellationToken cancellationToken)
   at Microsoft.EntityFrameworkCore.ChangeTracking.Internal.StateManager.SaveChangesAsync(StateManager stateManager, Boolean acceptAllChangesOnSuccess, CancellationToken cancellationToken)
   at Microsoft.EntityFrameworkCore.Storage.ExecutionStrategy.<>c__DisplayClass30_0`2.<<ExecuteAsync>b__0>d.MoveNext()
--- End of stack trace from previous location ---
   at Microsoft.EntityFrameworkCore.Storage.ExecutionStrategy.ExecuteImplementationAsync[TState,TResult](Func`4 operation, Func`4 verifySucceeded, TState state, CancellationToken cancellationToken)
   at Microsoft.EntityFrameworkCore.Storage.ExecutionStrategy.ExecuteImplementationAsync[TState,TResult](Func`4 operation, Func`4 verifySucceeded, TState state, CancellationToken cancellationToken)
   at Microsoft.EntityFrameworkCore.Storage.ExecutionStrategy.ExecuteAsync[TState,TResult](TState state, Func`4 operation, Func`4 verifySucceeded, CancellationToken cancellationToken)
   at Microsoft.EntityFrameworkCore.DbContext.SaveChangesAsync(Boolean acceptAllChangesOnSuccess, CancellationToken cancellationToken)
   at Microsoft.EntityFrameworkCore.DbContext.SaveChangesAsync(Boolean acceptAllChangesOnSuccess, CancellationToken cancellationToken)
   at EnglishLearningPlatform.Persistence.UnitOfWork.UnitOfWork.SaveChangesAsync(CancellationToken cancellationToken) in C:\Users\Ravan999\Desktop\Aygun-Final\Final-Project-ReadLingo-Back\EnglishLearningPlatform.Persistence\UnitOfWork\UnitOfWork.cs:line 88
   at EnglishLearningPlatform.Application.Services.ProgressService.UpsertAsync(Guid userId, UpsertUserProgressDto dto, CancellationToken cancellationToken) in C:\Users\Ravan999\Desktop\Aygun-Final\Final-Project-ReadLingo-Back\EnglishLearningPlatform.Application\Services\ProgressService .cs:line 78
   at EnglishLearningPlatform.API.Controllers.V1.ProgressController.Upsert(UpsertUserProgressDto dto, CancellationToken cancellationToken) in C:\Users\Ravan999\Desktop\Aygun-Final\Final-Project-ReadLingo-Back\EnglishLearningPlatform.API\Controllers\V1\ProgressController.cs:line 35
   at Microsoft.AspNetCore.Mvc.Infrastructure.ActionMethodExecutor.TaskOfIActionResultExecutor.Execute(ActionContext actionContext, IActionResultTypeMapper mapper, ObjectMethodExecutor executor, Object controller, Object[] arguments)
   at Microsoft.AspNetCore.Mvc.Infrastructure.ControllerActionInvoker.<InvokeActionMethodAsync>g__Awaited|12_0(ControllerActionInvoker invoker, ValueTask`1 actionResultValueTask)
   at Microsoft.AspNetCore.Mvc.Infrastructure.ControllerActionInvoker.<InvokeNextActionFilterAsync>g__Awaited|10_0(ControllerActionInvoker invoker, Task lastTask, State next, Scope scope, Object state, Boolean isCompleted)
   at Microsoft.AspNetCore.Mvc.Infrastructure.ControllerActionInvoker.Rethrow(ActionExecutedContextSealed context)
   at Microsoft.AspNetCore.Mvc.Infrastructure.ControllerActionInvoker.Next(State& next, Scope& scope, Object& state, Boolean& isCompleted)
   at Microsoft.AspNetCore.Mvc.Infrastructure.ControllerActionInvoker.<InvokeInnerFilterAsync>g__Awaited|13_0(ControllerActionInvoker invoker, Task lastTask, State next, Scope scope, Object state, Boolean isCompleted)
   at Microsoft.AspNetCore.Mvc.Infrastructure.ResourceInvoker.<InvokeFilterPipelineAsync>g__Awaited|20_0(ResourceInvoker invoker, Task lastTask, State next, Scope scope, Object state, Boolean isCompleted)
   at Microsoft.AspNetCore.Mvc.Infrastructure.ResourceInvoker.<InvokeAsync>g__Awaited|17_0(ResourceInvoker invoker, Task task, IDisposable scope)
   at Microsoft.AspNetCore.Mvc.Infrastructure.ResourceInvoker.<InvokeAsync>g__Awaited|17_0(ResourceInvoker invoker, Task task, IDisposable scope)
   at Microsoft.AspNetCore.Authorization.AuthorizationMiddleware.Invoke(HttpContext context)
   at Microsoft.AspNetCore.Authentication.AuthenticationMiddleware.Invoke(HttpContext context)
   at Microsoft.AspNetCore.RateLimiting.RateLimitingMiddleware.InvokeInternal(HttpContext context, EnableRateLimitingAttribute enableRateLimitingAttribute)
   at Swashbuckle.AspNetCore.SwaggerUI.SwaggerUIMiddleware.Invoke(HttpContext httpContext)
   at Swashbuckle.AspNetCore.Swagger.SwaggerMiddleware.Invoke(HttpContext httpContext, ISwaggerProvider swaggerProvider)
   at EnglishLearningPlatform.API.Middlewares.RequestLoggingMiddleware.InvokeAsync(HttpContext context) in C:\Users\Ravan999\Desktop\Aygun-Final\Final-Project-ReadLingo-Back\EnglishLearningPlatform.API\Middlewares\RequestLoggingMiddleware.cs:line 24
   at EnglishLearningPlatform.API.Middlewares.ExceptionHandlingMiddleware.InvokeAsync(HttpContext context) in C:\Users\Ravan999\Desktop\Aygun-Final\Final-Project-ReadLingo-Back\EnglishLearningPlatform.API\Middlewares\ExceptionHandlingMiddleware.cs:line 27
2026-08-22 01:56:10.429 +04:00 [ERR] Unhandled exception on /api/v1/progress
Microsoft.EntityFrameworkCore.DbUpdateException: An error occurred while saving the entity changes. See the inner exception for details.
 ---> Microsoft.Data.SqlClient.SqlException (0x80131904): Cannot insert duplicate key row in object 'dbo.UserProgresses' with unique index 'IX_UserProgresses_AppUserId_StoryId'. The duplicate key value is (ec4aa1e8-d808-466e-e989-08def86735c8, 224da43d-d1fd-4b86-bd82-687049d6e289).
   at Microsoft.Data.SqlClient.SqlConnection.OnError(SqlException exception, Boolean breakConnection, Action`1 wrapCloseInAction)
   at Microsoft.Data.SqlClient.SqlInternalConnection.OnError(SqlException exception, Boolean breakConnection, Action`1 wrapCloseInAction)
   at Microsoft.Data.SqlClient.TdsParser.ThrowExceptionAndWarning(TdsParserStateObject stateObj, SqlCommand command, Boolean callerHasConnectionLock, Boolean asyncClose)
   at Microsoft.Data.SqlClient.TdsParser.TryRun(RunBehavior runBehavior, SqlCommand cmdHandler, SqlDataReader dataStream, BulkCopySimpleResultSet bulkCopyHandler, TdsParserStateObject stateObj, Boolean& dataReady)
   at Microsoft.Data.SqlClient.SqlDataReader.TryHasMoreRows(Boolean& moreRows)
   at Microsoft.Data.SqlClient.SqlDataReader.TryHasMoreResults(Boolean& moreResults)
   at Microsoft.Data.SqlClient.SqlDataReader.TryNextResult(Boolean& more)
   at Microsoft.Data.SqlClient.SqlDataReader.NextResultAsyncExecute(Task task, Object state)
   at Microsoft.Data.SqlClient.SqlDataReader.InvokeAsyncCall[T](SqlDataReaderBaseAsyncCallContext`1 context)
--- End of stack trace from previous location ---
   at Microsoft.EntityFrameworkCore.Update.AffectedCountModificationCommandBatch.ConsumeAsync(RelationalDataReader reader, CancellationToken cancellationToken)
ClientConnectionId:cf0a3850-0150-41c0-8d8e-b5c0dd074cef
Error Number:2601,State:1,Class:14
   --- End of inner exception stack trace ---
   at Microsoft.EntityFrameworkCore.Update.AffectedCountModificationCommandBatch.ConsumeAsync(RelationalDataReader reader, CancellationToken cancellationToken)
   at Microsoft.EntityFrameworkCore.Update.ReaderModificationCommandBatch.ExecuteAsync(IRelationalConnection connection, CancellationToken cancellationToken)
   at Microsoft.EntityFrameworkCore.Update.ReaderModificationCommandBatch.ExecuteAsync(IRelationalConnection connection, CancellationToken cancellationToken)
   at Microsoft.EntityFrameworkCore.SqlServer.Update.Internal.SqlServerModificationCommandBatch.ExecuteAsync(IRelationalConnection connection, CancellationToken cancellationToken)
   at Microsoft.EntityFrameworkCore.Update.Internal.BatchExecutor.ExecuteAsync(IEnumerable`1 commandBatches, IRelationalConnection connection, CancellationToken cancellationToken)
   at Microsoft.EntityFrameworkCore.Update.Internal.BatchExecutor.ExecuteAsync(IEnumerable`1 commandBatches, IRelationalConnection connection, CancellationToken cancellationToken)
   at Microsoft.EntityFrameworkCore.Update.Internal.BatchExecutor.ExecuteAsync(IEnumerable`1 commandBatches, IRelationalConnection connection, CancellationToken cancellationToken)
   at Microsoft.EntityFrameworkCore.ChangeTracking.Internal.StateManager.SaveChangesAsync(IList`1 entriesToSave, CancellationToken cancellationToken)
   at Microsoft.EntityFrameworkCore.ChangeTracking.Internal.StateManager.SaveChangesAsync(StateManager stateManager, Boolean acceptAllChangesOnSuccess, CancellationToken cancellationToken)
   at Microsoft.EntityFrameworkCore.Storage.ExecutionStrategy.<>c__DisplayClass30_0`2.<<ExecuteAsync>b__0>d.MoveNext()
--- End of stack trace from previous location ---
   at Microsoft.EntityFrameworkCore.Storage.ExecutionStrategy.ExecuteImplementationAsync[TState,TResult](Func`4 operation, Func`4 verifySucceeded, TState state, CancellationToken cancellationToken)
   at Microsoft.EntityFrameworkCore.Storage.ExecutionStrategy.ExecuteImplementationAsync[TState,TResult](Func`4 operation, Func`4 verifySucceeded, TState state, CancellationToken cancellationToken)
   at Microsoft.EntityFrameworkCore.Storage.ExecutionStrategy.ExecuteAsync[TState,TResult](TState state, Func`4 operation, Func`4 verifySucceeded, CancellationToken cancellationToken)
   at Microsoft.EntityFrameworkCore.DbContext.SaveChangesAsync(Boolean acceptAllChangesOnSuccess, CancellationToken cancellationToken)
   at Microsoft.EntityFrameworkCore.DbContext.SaveChangesAsync(Boolean acceptAllChangesOnSuccess, CancellationToken cancellationToken)
   at EnglishLearningPlatform.Persistence.UnitOfWork.UnitOfWork.SaveChangesAsync(CancellationToken cancellationToken) in C:\Users\Ravan999\Desktop\Aygun-Final\Final-Project-ReadLingo-Back\EnglishLearningPlatform.Persistence\UnitOfWork\UnitOfWork.cs:line 88
   at EnglishLearningPlatform.Application.Services.ProgressService.UpsertAsync(Guid userId, UpsertUserProgressDto dto, CancellationToken cancellationToken) in C:\Users\Ravan999\Desktop\Aygun-Final\Final-Project-ReadLingo-Back\EnglishLearningPlatform.Application\Services\ProgressService .cs:line 78
   at EnglishLearningPlatform.API.Controllers.V1.ProgressController.Upsert(UpsertUserProgressDto dto, CancellationToken cancellationToken) in C:\Users\Ravan999\Desktop\Aygun-Final\Final-Project-ReadLingo-Back\EnglishLearningPlatform.API\Controllers\V1\ProgressController.cs:line 35
   at Microsoft.AspNetCore.Mvc.Infrastructure.ActionMethodExecutor.TaskOfIActionResultExecutor.Execute(ActionContext actionContext, IActionResultTypeMapper mapper, ObjectMethodExecutor executor, Object controller, Object[] arguments)
   at Microsoft.AspNetCore.Mvc.Infrastructure.ControllerActionInvoker.<InvokeActionMethodAsync>g__Awaited|12_0(ControllerActionInvoker invoker, ValueTask`1 actionResultValueTask)
   at Microsoft.AspNetCore.Mvc.Infrastructure.ControllerActionInvoker.<InvokeNextActionFilterAsync>g__Awaited|10_0(ControllerActionInvoker invoker, Task lastTask, State next, Scope scope, Object state, Boolean isCompleted)
   at Microsoft.AspNetCore.Mvc.Infrastructure.ControllerActionInvoker.Rethrow(ActionExecutedContextSealed context)
   at Microsoft.AspNetCore.Mvc.Infrastructure.ControllerActionInvoker.Next(State& next, Scope& scope, Object& state, Boolean& isCompleted)
   at Microsoft.AspNetCore.Mvc.Infrastructure.ControllerActionInvoker.<InvokeInnerFilterAsync>g__Awaited|13_0(ControllerActionInvoker invoker, Task lastTask, State next, Scope scope, Object state, Boolean isCompleted)
   at Microsoft.AspNetCore.Mvc.Infrastructure.ResourceInvoker.<InvokeFilterPipelineAsync>g__Awaited|20_0(ResourceInvoker invoker, Task lastTask, State next, Scope scope, Object state, Boolean isCompleted)
   at Microsoft.AspNetCore.Mvc.Infrastructure.ResourceInvoker.<InvokeAsync>g__Awaited|17_0(ResourceInvoker invoker, Task task, IDisposable scope)
   at Microsoft.AspNetCore.Mvc.Infrastructure.ResourceInvoker.<InvokeAsync>g__Awaited|17_0(ResourceInvoker invoker, Task task, IDisposable scope)
   at Microsoft.AspNetCore.Authorization.AuthorizationMiddleware.Invoke(HttpContext context)
   at Microsoft.AspNetCore.Authentication.AuthenticationMiddleware.Invoke(HttpContext context)
   at Microsoft.AspNetCore.RateLimiting.RateLimitingMiddleware.InvokeInternal(HttpContext context, EnableRateLimitingAttribute enableRateLimitingAttribute)
   at Swashbuckle.AspNetCore.SwaggerUI.SwaggerUIMiddleware.Invoke(HttpContext httpContext)
   at Swashbuckle.AspNetCore.Swagger.SwaggerMiddleware.Invoke(HttpContext httpContext, ISwaggerProvider swaggerProvider)
   at EnglishLearningPlatform.API.Middlewares.RequestLoggingMiddleware.InvokeAsync(HttpContext context) in C:\Users\Ravan999\Desktop\Aygun-Final\Final-Project-ReadLingo-Back\EnglishLearningPlatform.API\Middlewares\RequestLoggingMiddleware.cs:line 24
   at EnglishLearningPlatform.API.Middlewares.ExceptionHandlingMiddleware.InvokeAsync(HttpContext context) in C:\Users\Ravan999\Desktop\Aygun-Final\Final-Project-ReadLingo-Back\EnglishLearningPlatform.API\Middlewares\ExceptionHandlingMiddleware.cs:line 27
2026-08-22 01:56:10.432 +04:00 [ERR] Unhandled exception on /api/v1/progress
Microsoft.EntityFrameworkCore.DbUpdateException: An error occurred while saving the entity changes. See the inner exception for details.
 ---> Microsoft.Data.SqlClient.SqlException (0x80131904): Cannot insert duplicate key row in object 'dbo.UserProgresses' with unique index 'IX_UserProgresses_AppUserId_StoryId'. The duplicate key value is (ec4aa1e8-d808-466e-e989-08def86735c8, 224da43d-d1fd-4b86-bd82-687049d6e289).
   at Microsoft.Data.SqlClient.SqlConnection.OnError(SqlException exception, Boolean breakConnection, Action`1 wrapCloseInAction)
   at Microsoft.Data.SqlClient.SqlInternalConnection.OnError(SqlException exception, Boolean breakConnection, Action`1 wrapCloseInAction)
   at Microsoft.Data.SqlClient.TdsParser.ThrowExceptionAndWarning(TdsParserStateObject stateObj, SqlCommand command, Boolean callerHasConnectionLock, Boolean asyncClose)
   at Microsoft.Data.SqlClient.TdsParser.TryRun(RunBehavior runBehavior, SqlCommand cmdHandler, SqlDataReader dataStream, BulkCopySimpleResultSet bulkCopyHandler, TdsParserStateObject stateObj, Boolean& dataReady)
   at Microsoft.Data.SqlClient.SqlDataReader.TryHasMoreRows(Boolean& moreRows)
   at Microsoft.Data.SqlClient.SqlDataReader.TryHasMoreResults(Boolean& moreResults)
   at Microsoft.Data.SqlClient.SqlDataReader.TryNextResult(Boolean& more)
   at Microsoft.Data.SqlClient.SqlDataReader.NextResultAsyncExecute(Task task, Object state)
   at Microsoft.Data.SqlClient.SqlDataReader.InvokeAsyncCall[T](SqlDataReaderBaseAsyncCallContext`1 context)
--- End of stack trace from previous location ---
   at Microsoft.EntityFrameworkCore.Update.AffectedCountModificationCommandBatch.ConsumeAsync(RelationalDataReader reader, CancellationToken cancellationToken)
ClientConnectionId:d824b6a1-be3f-4a11-aa67-5d620fdb432f
Error Number:2601,State:1,Class:14
   --- End of inner exception stack trace ---
   at Microsoft.EntityFrameworkCore.Update.AffectedCountModificationCommandBatch.ConsumeAsync(RelationalDataReader reader, CancellationToken cancellationToken)
   at Microsoft.EntityFrameworkCore.Update.ReaderModificationCommandBatch.ExecuteAsync(IRelationalConnection connection, CancellationToken cancellationToken)
   at Microsoft.EntityFrameworkCore.Update.ReaderModificationCommandBatch.ExecuteAsync(IRelationalConnection connection, CancellationToken cancellationToken)
   at Microsoft.EntityFrameworkCore.SqlServer.Update.Internal.SqlServerModificationCommandBatch.ExecuteAsync(IRelationalConnection connection, CancellationToken cancellationToken)
   at Microsoft.EntityFrameworkCore.Update.Internal.BatchExecutor.ExecuteAsync(IEnumerable`1 commandBatches, IRelationalConnection connection, CancellationToken cancellationToken)
   at Microsoft.EntityFrameworkCore.Update.Internal.BatchExecutor.ExecuteAsync(IEnumerable`1 commandBatches, IRelationalConnection connection, CancellationToken cancellationToken)
   at Microsoft.EntityFrameworkCore.Update.Internal.BatchExecutor.ExecuteAsync(IEnumerable`1 commandBatches, IRelationalConnection connection, CancellationToken cancellationToken)
   at Microsoft.EntityFrameworkCore.ChangeTracking.Internal.StateManager.SaveChangesAsync(IList`1 entriesToSave, CancellationToken cancellationToken)
   at Microsoft.EntityFrameworkCore.ChangeTracking.Internal.StateManager.SaveChangesAsync(StateManager stateManager, Boolean acceptAllChangesOnSuccess, CancellationToken cancellationToken)
   at Microsoft.EntityFrameworkCore.Storage.ExecutionStrategy.<>c__DisplayClass30_0`2.<<ExecuteAsync>b__0>d.MoveNext()
--- End of stack trace from previous location ---
   at Microsoft.EntityFrameworkCore.Storage.ExecutionStrategy.ExecuteImplementationAsync[TState,TResult](Func`4 operation, Func`4 verifySucceeded, TState state, CancellationToken cancellationToken)
   at Microsoft.EntityFrameworkCore.Storage.ExecutionStrategy.ExecuteImplementationAsync[TState,TResult](Func`4 operation, Func`4 verifySucceeded, TState state, CancellationToken cancellationToken)
   at Microsoft.EntityFrameworkCore.Storage.ExecutionStrategy.ExecuteAsync[TState,TResult](TState state, Func`4 operation, Func`4 verifySucceeded, CancellationToken cancellationToken)
   at Microsoft.EntityFrameworkCore.DbContext.SaveChangesAsync(Boolean acceptAllChangesOnSuccess, CancellationToken cancellationToken)
   at Microsoft.EntityFrameworkCore.DbContext.SaveChangesAsync(Boolean acceptAllChangesOnSuccess, CancellationToken cancellationToken)
   at EnglishLearningPlatform.Persistence.UnitOfWork.UnitOfWork.SaveChangesAsync(CancellationToken cancellationToken) in C:\Users\Ravan999\Desktop\Aygun-Final\Final-Project-ReadLingo-Back\EnglishLearningPlatform.Persistence\UnitOfWork\UnitOfWork.cs:line 88
   at EnglishLearningPlatform.Application.Services.ProgressService.UpsertAsync(Guid userId, UpsertUserProgressDto dto, CancellationToken cancellationToken) in C:\Users\Ravan999\Desktop\Aygun-Final\Final-Project-ReadLingo-Back\EnglishLearningPlatform.Application\Services\ProgressService .cs:line 78
   at EnglishLearningPlatform.API.Controllers.V1.ProgressController.Upsert(UpsertUserProgressDto dto, CancellationToken cancellationToken) in C:\Users\Ravan999\Desktop\Aygun-Final\Final-Project-ReadLingo-Back\EnglishLearningPlatform.API\Controllers\V1\ProgressController.cs:line 35
   at Microsoft.AspNetCore.Mvc.Infrastructure.ActionMethodExecutor.TaskOfIActionResultExecutor.Execute(ActionContext actionContext, IActionResultTypeMapper mapper, ObjectMethodExecutor executor, Object controller, Object[] arguments)
   at Microsoft.AspNetCore.Mvc.Infrastructure.ControllerActionInvoker.<InvokeActionMethodAsync>g__Awaited|12_0(ControllerActionInvoker invoker, ValueTask`1 actionResultValueTask)
   at Microsoft.AspNetCore.Mvc.Infrastructure.ControllerActionInvoker.<InvokeNextActionFilterAsync>g__Awaited|10_0(ControllerActionInvoker invoker, Task lastTask, State next, Scope scope, Object state, Boolean isCompleted)
   at Microsoft.AspNetCore.Mvc.Infrastructure.ControllerActionInvoker.Rethrow(ActionExecutedContextSealed context)
   at Microsoft.AspNetCore.Mvc.Infrastructure.ControllerActionInvoker.Next(State& next, Scope& scope, Object& state, Boolean& isCompleted)
   at Microsoft.AspNetCore.Mvc.Infrastructure.ControllerActionInvoker.<InvokeInnerFilterAsync>g__Awaited|13_0(ControllerActionInvoker invoker, Task lastTask, State next, Scope scope, Object state, Boolean isCompleted)
   at Microsoft.AspNetCore.Mvc.Infrastructure.ResourceInvoker.<InvokeFilterPipelineAsync>g__Awaited|20_0(ResourceInvoker invoker, Task lastTask, State next, Scope scope, Object state, Boolean isCompleted)
   at Microsoft.AspNetCore.Mvc.Infrastructure.ResourceInvoker.<InvokeAsync>g__Awaited|17_0(ResourceInvoker invoker, Task task, IDisposable scope)
   at Microsoft.AspNetCore.Mvc.Infrastructure.ResourceInvoker.<InvokeAsync>g__Awaited|17_0(ResourceInvoker invoker, Task task, IDisposable scope)
   at Microsoft.AspNetCore.Authorization.AuthorizationMiddleware.Invoke(HttpContext context)
   at Microsoft.AspNetCore.Authentication.AuthenticationMiddleware.Invoke(HttpContext context)
   at Microsoft.AspNetCore.RateLimiting.RateLimitingMiddleware.InvokeInternal(HttpContext context, EnableRateLimitingAttribute enableRateLimitingAttribute)
   at Swashbuckle.AspNetCore.SwaggerUI.SwaggerUIMiddleware.Invoke(HttpContext httpContext)
   at Swashbuckle.AspNetCore.Swagger.SwaggerMiddleware.Invoke(HttpContext httpContext, ISwaggerProvider swaggerProvider)
   at EnglishLearningPlatform.API.Middlewares.RequestLoggingMiddleware.InvokeAsync(HttpContext context) in C:\Users\Ravan999\Desktop\Aygun-Final\Final-Project-ReadLingo-Back\EnglishLearningPlatform.API\Middlewares\RequestLoggingMiddleware.cs:line 24
   at EnglishLearningPlatform.API.Middlewares.ExceptionHandlingMiddleware.InvokeAsync(HttpContext context) in C:\Users\Ravan999\Desktop\Aygun-Final\Final-Project-ReadLingo-Back\EnglishLearningPlatform.API\Middlewares\ExceptionHandlingMiddleware.cs:line 27
2026-08-22 01:56:10.456 +04:00 [INF] POST /api/v1/progress/reading-history responded 200 in 31ms (user: anonymous)
2026-08-22 01:56:10.472 +04:00 [INF] OPTIONS /api/v1/progress/streak responded 204 in 0ms (user: anonymous)
2026-08-22 01:56:10.490 +04:00 [INF] GET /api/v1/progress/streak responded 200 in 12ms (user: anonymous)
2026-08-22 01:56:13.879 +04:00 [INF] OPTIONS /api/v1/translations/translate responded 204 in 0ms (user: anonymous)
2026-08-22 01:56:15.086 +04:00 [INF] POST /api/v1/translations/translate responded 200 in 1203ms (user: anonymous)
2026-08-22 01:56:16.218 +04:00 [INF] POST /api/v1/translations/translate responded 200 in 4ms (user: anonymous)
2026-08-22 01:56:34.614 +04:00 [INF] OPTIONS /api/v1/admin/dashboard responded 204 in 0ms (user: anonymous)
2026-08-22 01:56:34.614 +04:00 [INF] OPTIONS /api/v1/admin/dashboard responded 204 in 0ms (user: anonymous)
2026-08-22 01:56:34.621 +04:00 [INF] GET /api/v1/admin/dashboard responded 200 in 3ms (user: anonymous)
2026-08-22 01:56:34.627 +04:00 [INF] GET /api/v1/admin/dashboard responded 200 in 5ms (user: anonymous)
2026-08-22 01:56:34.629 +04:00 [INF] OPTIONS /api/v1/story-categories responded 204 in 0ms (user: anonymous)
2026-08-22 01:56:34.629 +04:00 [INF] OPTIONS /api/v1/stories/224da43d-d1fd-4b86-bd82-687049d6e289 responded 204 in 0ms (user: anonymous)
2026-08-22 01:56:34.629 +04:00 [INF] OPTIONS /api/v1/stories/224da43d-d1fd-4b86-bd82-687049d6e289 responded 204 in 0ms (user: anonymous)
2026-08-22 01:56:34.629 +04:00 [INF] OPTIONS /api/v1/story-levels responded 204 in 0ms (user: anonymous)
2026-08-22 01:56:34.630 +04:00 [INF] OPTIONS /api/v1/story-categories responded 204 in 0ms (user: anonymous)
2026-08-22 01:56:34.631 +04:00 [INF] OPTIONS /api/v1/story-levels responded 204 in 0ms (user: anonymous)
2026-08-22 01:56:34.635 +04:00 [INF] GET /api/v1/story-categories responded 200 in 0ms (user: anonymous)
2026-08-22 01:56:34.639 +04:00 [INF] GET /api/v1/stories/224da43d-d1fd-4b86-bd82-687049d6e289 responded 200 in 1ms (user: anonymous)
2026-08-22 01:56:34.640 +04:00 [INF] GET /api/v1/story-levels responded 200 in 0ms (user: anonymous)
2026-08-22 01:56:34.640 +04:00 [INF] GET /api/v1/stories/224da43d-d1fd-4b86-bd82-687049d6e289 responded 200 in 0ms (user: anonymous)
2026-08-22 01:56:34.643 +04:00 [INF] GET /api/v1/story-categories responded 200 in 0ms (user: anonymous)
2026-08-22 01:56:34.646 +04:00 [INF] GET /api/v1/story-levels responded 200 in 0ms (user: anonymous)
