2026-08-13 00:00:05.618 +04:00 [INF] OPTIONS /api/v1/profile responded 204 in 0ms (user: anonymous)
2026-08-13 00:00:05.640 +04:00 [INF] PUT /api/v1/profile responded 200 in 15ms (user: anonymous)
2026-08-13 00:00:05.658 +04:00 [INF] GET /api/v1/profile responded 200 in 11ms (user: anonymous)
2026-08-13 00:00:13.885 +04:00 [INF] OPTIONS /api/v1/profile responded 204 in 0ms (user: anonymous)
2026-08-13 00:00:13.896 +04:00 [INF] PUT /api/v1/profile responded 200 in 6ms (user: anonymous)
2026-08-13 00:00:13.908 +04:00 [INF] GET /api/v1/profile responded 200 in 4ms (user: anonymous)
2026-08-13 00:00:18.287 +04:00 [INF] PUT /api/v1/profile responded 200 in 8ms (user: anonymous)
2026-08-13 00:00:18.302 +04:00 [INF] GET /api/v1/profile responded 200 in 5ms (user: anonymous)
2026-08-13 00:00:22.133 +04:00 [INF] OPTIONS /api/v1/progress responded 204 in 0ms (user: anonymous)
2026-08-13 00:00:22.151 +04:00 [INF] POST /api/v1/progress responded 200 in 14ms (user: anonymous)
2026-08-13 00:00:22.158 +04:00 [INF] OPTIONS /api/v1/progress/streak responded 204 in 0ms (user: anonymous)
2026-08-13 00:00:22.167 +04:00 [INF] GET /api/v1/progress/streak responded 200 in 2ms (user: anonymous)
2026-08-13 00:00:23.422 +04:00 [INF] OPTIONS /api/v1/stories responded 204 in 0ms (user: anonymous)
2026-08-13 00:00:23.422 +04:00 [INF] OPTIONS /api/v1/profile responded 204 in 0ms (user: anonymous)
2026-08-13 00:00:23.422 +04:00 [INF] OPTIONS /api/v1/profile responded 204 in 0ms (user: anonymous)
2026-08-13 00:00:23.422 +04:00 [INF] OPTIONS /api/v1/profile responded 204 in 0ms (user: anonymous)
2026-08-13 00:00:23.423 +04:00 [INF] OPTIONS /api/v1/profile responded 204 in 0ms (user: anonymous)
2026-08-13 00:00:23.423 +04:00 [INF] OPTIONS /api/v1/stories responded 204 in 0ms (user: anonymous)
2026-08-13 00:00:23.430 +04:00 [INF] GET /api/v1/stories responded 200 in 1ms (user: anonymous)
2026-08-13 00:00:23.437 +04:00 [INF] GET /api/v1/profile responded 200 in 7ms (user: anonymous)
2026-08-13 00:00:23.444 +04:00 [INF] GET /api/v1/profile responded 200 in 5ms (user: anonymous)
2026-08-13 00:00:23.444 +04:00 [INF] GET /api/v1/stories responded 200 in 0ms (user: anonymous)
2026-08-13 00:00:23.448 +04:00 [INF] GET /api/v1/profile responded 200 in 2ms (user: anonymous)
2026-08-13 00:00:23.448 +04:00 [INF] GET /api/v1/profile responded 200 in 3ms (user: anonymous)
2026-08-13 00:00:25.311 +04:00 [INF] GET /api/v1/stories responded 200 in 1ms (user: anonymous)
2026-08-13 00:00:25.314 +04:00 [INF] GET /api/v1/stories responded 200 in 1ms (user: anonymous)
2026-08-13 00:00:25.317 +04:00 [INF] GET /api/v1/profile responded 200 in 7ms (user: anonymous)
2026-08-13 00:00:25.329 +04:00 [INF] GET /api/v1/profile responded 200 in 10ms (user: anonymous)
2026-08-13 00:00:25.334 +04:00 [INF] GET /api/v1/profile responded 200 in 3ms (user: anonymous)
2026-08-13 00:00:25.342 +04:00 [INF] GET /api/v1/profile responded 200 in 7ms (user: anonymous)
2026-08-13 00:00:25.368 +04:00 [INF] GET /uploads/story-covers/e362dbad11c44eb2adbfc21ac47c8c13.png responded 304 in 2ms (user: anonymous)
2026-08-13 00:00:29.255 +04:00 [INF] OPTIONS /api/v1/leaderboard responded 204 in 0ms (user: anonymous)
2026-08-13 00:00:29.255 +04:00 [INF] OPTIONS /api/v1/profile responded 204 in 0ms (user: anonymous)
2026-08-13 00:00:29.255 +04:00 [INF] OPTIONS /api/v1/profile responded 204 in 0ms (user: anonymous)
2026-08-13 00:00:29.255 +04:00 [INF] OPTIONS /api/v1/profile responded 204 in 0ms (user: anonymous)
2026-08-13 00:00:29.255 +04:00 [INF] OPTIONS /api/v1/leaderboard responded 204 in 0ms (user: anonymous)
2026-08-13 00:00:29.255 +04:00 [INF] OPTIONS /api/v1/profile responded 204 in 0ms (user: anonymous)
2026-08-13 00:00:29.266 +04:00 [INF] GET /api/v1/profile responded 200 in 4ms (user: anonymous)
2026-08-13 00:00:29.276 +04:00 [INF] GET /api/v1/profile responded 200 in 8ms (user: anonymous)
2026-08-13 00:00:29.281 +04:00 [INF] GET /api/v1/profile responded 200 in 2ms (user: anonymous)
2026-08-13 00:00:29.286 +04:00 [INF] GET /api/v1/profile responded 200 in 3ms (user: anonymous)
2026-08-13 00:00:29.309 +04:00 [INF] GET /api/v1/leaderboard responded 200 in 50ms (user: anonymous)
2026-08-13 00:00:29.316 +04:00 [INF] GET /api/v1/leaderboard responded 200 in 5ms (user: anonymous)
2026-08-13 00:00:32.410 +04:00 [INF] OPTIONS /api/v1/leaderboard responded 204 in 0ms (user: anonymous)
2026-08-13 00:00:32.415 +04:00 [INF] GET /api/v1/profile responded 200 in 4ms (user: anonymous)
2026-08-13 00:00:32.425 +04:00 [INF] GET /api/v1/leaderboard responded 200 in 10ms (user: anonymous)
2026-08-13 00:00:34.348 +04:00 [INF] OPTIONS /api/v1/leaderboard responded 204 in 0ms (user: anonymous)
2026-08-13 00:00:34.348 +04:00 [INF] OPTIONS /api/v1/profile responded 204 in 0ms (user: anonymous)
2026-08-13 00:00:34.359 +04:00 [INF] GET /api/v1/profile responded 200 in 3ms (user: anonymous)
2026-08-13 00:00:34.363 +04:00 [INF] GET /api/v1/leaderboard responded 200 in 10ms (user: anonymous)
2026-08-13 00:00:36.954 +04:00 [INF] OPTIONS /api/v1/leaderboard responded 204 in 0ms (user: anonymous)
2026-08-13 00:00:36.958 +04:00 [INF] GET /api/v1/profile responded 200 in 4ms (user: anonymous)
2026-08-13 00:00:36.973 +04:00 [INF] GET /api/v1/leaderboard responded 200 in 13ms (user: anonymous)
2026-08-13 00:00:37.529 +04:00 [INF] GET /api/v1/profile responded 200 in 3ms (user: anonymous)
2026-08-13 00:00:37.533 +04:00 [INF] GET /api/v1/leaderboard responded 200 in 7ms (user: anonymous)
2026-08-13 00:00:38.259 +04:00 [INF] GET /api/v1/profile responded 200 in 4ms (user: anonymous)
2026-08-13 00:00:38.265 +04:00 [INF] GET /api/v1/leaderboard responded 200 in 9ms (user: anonymous)
2026-08-13 00:00:41.239 +04:00 [INF] OPTIONS /api/v1/leaderboard responded 204 in 0ms (user: anonymous)
2026-08-13 00:00:41.239 +04:00 [INF] OPTIONS /api/v1/profile responded 204 in 0ms (user: anonymous)
2026-08-13 00:00:41.239 +04:00 [INF] OPTIONS /api/v1/profile responded 204 in 0ms (user: anonymous)
2026-08-13 00:00:41.240 +04:00 [INF] OPTIONS /api/v1/leaderboard responded 204 in 0ms (user: anonymous)
2026-08-13 00:00:41.240 +04:00 [INF] OPTIONS /api/v1/profile responded 204 in 0ms (user: anonymous)
2026-08-13 00:00:41.240 +04:00 [INF] OPTIONS /api/v1/profile responded 204 in 0ms (user: anonymous)
2026-08-13 00:00:41.260 +04:00 [INF] GET /api/v1/profile responded 200 in 5ms (user: anonymous)
2026-08-13 00:00:41.263 +04:00 [INF] GET /api/v1/leaderboard responded 200 in 14ms (user: anonymous)
2026-08-13 00:00:41.268 +04:00 [INF] GET /api/v1/profile responded 200 in 6ms (user: anonymous)
2026-08-13 00:00:41.277 +04:00 [INF] GET /api/v1/profile responded 200 in 6ms (user: anonymous)
2026-08-13 00:00:41.292 +04:00 [INF] GET /api/v1/leaderboard responded 200 in 26ms (user: anonymous)
2026-08-13 00:00:41.292 +04:00 [INF] GET /api/v1/profile responded 200 in 12ms (user: anonymous)
2026-08-13 00:00:42.859 +04:00 [INF] OPTIONS /api/v1/leaderboard responded 204 in 0ms (user: anonymous)
2026-08-13 00:00:42.863 +04:00 [INF] GET /api/v1/profile responded 200 in 3ms (user: anonymous)
2026-08-13 00:00:42.872 +04:00 [INF] GET /api/v1/leaderboard responded 200 in 7ms (user: anonymous)
2026-08-13 00:00:47.508 +04:00 [INF] OPTIONS /api/v1/leaderboard responded 204 in 0ms (user: anonymous)
2026-08-13 00:00:47.508 +04:00 [INF] OPTIONS /api/v1/profile responded 204 in 0ms (user: anonymous)
2026-08-13 00:00:47.521 +04:00 [INF] GET /api/v1/profile responded 200 in 3ms (user: anonymous)
2026-08-13 00:00:47.528 +04:00 [INF] GET /api/v1/leaderboard responded 200 in 13ms (user: anonymous)
2026-08-13 00:00:48.239 +04:00 [INF] OPTIONS /api/v1/leaderboard responded 204 in 0ms (user: anonymous)
2026-08-13 00:00:48.244 +04:00 [INF] GET /api/v1/profile responded 200 in 3ms (user: anonymous)
2026-08-13 00:00:48.253 +04:00 [INF] GET /api/v1/leaderboard responded 200 in 9ms (user: anonymous)
2026-08-13 00:00:48.903 +04:00 [INF] OPTIONS /api/v1/leaderboard responded 204 in 0ms (user: anonymous)
2026-08-13 00:00:48.906 +04:00 [INF] GET /api/v1/profile responded 200 in 2ms (user: anonymous)
2026-08-13 00:00:48.911 +04:00 [INF] GET /api/v1/leaderboard responded 200 in 4ms (user: anonymous)
2026-08-13 00:00:49.777 +04:00 [INF] OPTIONS /api/v1/leaderboard responded 204 in 0ms (user: anonymous)
2026-08-13 00:00:49.783 +04:00 [INF] GET /api/v1/profile responded 200 in 5ms (user: anonymous)
2026-08-13 00:00:49.789 +04:00 [INF] GET /api/v1/leaderboard responded 200 in 7ms (user: anonymous)
2026-08-13 00:02:40.854 +04:00 [INF] OPTIONS /api/v1/profile responded 204 in 0ms (user: anonymous)
2026-08-13 00:02:40.854 +04:00 [INF] OPTIONS /api/v1/leaderboard responded 204 in 0ms (user: anonymous)
2026-08-13 00:02:40.854 +04:00 [INF] OPTIONS /api/v1/profile responded 204 in 0ms (user: anonymous)
2026-08-13 00:02:40.861 +04:00 [INF] GET /api/v1/profile responded 200 in 2ms (user: anonymous)
2026-08-13 00:02:40.864 +04:00 [INF] GET /api/v1/profile responded 200 in 1ms (user: anonymous)
2026-08-13 00:02:40.865 +04:00 [INF] GET /api/v1/leaderboard responded 200 in 4ms (user: anonymous)
2026-08-13 00:04:30.036 +04:00 [WRN] Entity 'Story' has a global query filter defined and is the required end of a relationship with the entity 'Chapter'. This may lead to unexpected results when the required entity is filtered out. Either configure the navigation as optional, or define matching query filters for both entities in the navigation. See https://go.microsoft.com/fwlink/?linkid=2131316 for more information.
2026-08-13 00:04:30.071 +04:00 [WRN] Entity 'Story' has a global query filter defined and is the required end of a relationship with the entity 'DailyStoryReadLog'. This may lead to unexpected results when the required entity is filtered out. Either configure the navigation as optional, or define matching query filters for both entities in the navigation. See https://go.microsoft.com/fwlink/?linkid=2131316 for more information.
2026-08-13 00:04:30.073 +04:00 [WRN] Entity 'Story' has a global query filter defined and is the required end of a relationship with the entity 'FavoriteStory'. This may lead to unexpected results when the required entity is filtered out. Either configure the navigation as optional, or define matching query filters for both entities in the navigation. See https://go.microsoft.com/fwlink/?linkid=2131316 for more information.
2026-08-13 00:04:30.076 +04:00 [WRN] Entity 'Story' has a global query filter defined and is the required end of a relationship with the entity 'QuizAttempt'. This may lead to unexpected results when the required entity is filtered out. Either configure the navigation as optional, or define matching query filters for both entities in the navigation. See https://go.microsoft.com/fwlink/?linkid=2131316 for more information.
2026-08-13 00:04:30.077 +04:00 [WRN] Entity 'Story' has a global query filter defined and is the required end of a relationship with the entity 'ReadingHistory'. This may lead to unexpected results when the required entity is filtered out. Either configure the navigation as optional, or define matching query filters for both entities in the navigation. See https://go.microsoft.com/fwlink/?linkid=2131316 for more information.
2026-08-13 00:04:30.079 +04:00 [WRN] Entity 'Story' has a global query filter defined and is the required end of a relationship with the entity 'RemainingCorrectCounter'. This may lead to unexpected results when the required entity is filtered out. Either configure the navigation as optional, or define matching query filters for both entities in the navigation. See https://go.microsoft.com/fwlink/?linkid=2131316 for more information.
2026-08-13 00:04:30.080 +04:00 [WRN] Entity 'Story' has a global query filter defined and is the required end of a relationship with the entity 'Review'. This may lead to unexpected results when the required entity is filtered out. Either configure the navigation as optional, or define matching query filters for both entities in the navigation. See https://go.microsoft.com/fwlink/?linkid=2131316 for more information.
2026-08-13 00:04:30.081 +04:00 [WRN] Entity 'Story' has a global query filter defined and is the required end of a relationship with the entity 'UserProgress'. This may lead to unexpected results when the required entity is filtered out. Either configure the navigation as optional, or define matching query filters for both entities in the navigation. See https://go.microsoft.com/fwlink/?linkid=2131316 for more information.
2026-08-13 00:04:30.768 +04:00 [INF] Database seeding completed successfully.
2026-08-13 00:04:32.571 +04:00 [INF] GET /swagger/index.html responded 200 in 83ms (user: anonymous)
2026-08-13 00:04:32.903 +04:00 [INF] GET /swagger/v1/swagger.json responded 200 in 49ms (user: anonymous)
2026-08-13 00:04:37.823 +04:00 [INF] GET /swagger/v1/swagger.json responded 200 in 42ms (user: anonymous)
2026-08-13 00:04:37.858 +04:00 [INF] GET /swagger/v1/swagger.json responded 200 in 36ms (user: anonymous)
2026-08-13 00:04:37.921 +04:00 [INF] OPTIONS /api/v1/leaderboard responded 204 in 1ms (user: anonymous)
2026-08-13 00:04:37.921 +04:00 [INF] OPTIONS /api/v1/profile responded 204 in 1ms (user: anonymous)
2026-08-13 00:04:37.921 +04:00 [INF] OPTIONS /api/v1/leaderboard responded 204 in 1ms (user: anonymous)
2026-08-13 00:04:37.921 +04:00 [INF] OPTIONS /api/v1/profile responded 204 in 1ms (user: anonymous)
2026-08-13 00:04:37.921 +04:00 [INF] OPTIONS /api/v1/profile responded 204 in 1ms (user: anonymous)
2026-08-13 00:04:37.921 +04:00 [INF] OPTIONS /api/v1/profile responded 204 in 1ms (user: anonymous)
2026-08-13 00:04:38.777 +04:00 [INF] GET /api/v1/leaderboard responded 200 in 842ms (user: anonymous)
2026-08-13 00:04:38.777 +04:00 [INF] GET /api/v1/profile responded 200 in 842ms (user: anonymous)
2026-08-13 00:04:38.807 +04:00 [INF] GET /api/v1/profile responded 200 in 26ms (user: anonymous)
2026-08-13 00:04:38.822 +04:00 [INF] GET /api/v1/leaderboard responded 200 in 39ms (user: anonymous)
2026-08-13 00:04:38.831 +04:00 [INF] GET /api/v1/profile responded 200 in 21ms (user: anonymous)
2026-08-13 00:04:38.854 +04:00 [INF] GET /api/v1/profile responded 200 in 18ms (user: anonymous)
2026-08-13 00:04:40.768 +04:00 [INF] OPTIONS /api/v1/leaderboard responded 204 in 0ms (user: anonymous)
2026-08-13 00:04:40.778 +04:00 [INF] GET /api/v1/profile responded 200 in 9ms (user: anonymous)
2026-08-13 00:04:40.793 +04:00 [INF] GET /api/v1/leaderboard responded 200 in 18ms (user: anonymous)
2026-08-13 00:04:42.511 +04:00 [INF] OPTIONS /api/v1/stories responded 204 in 0ms (user: anonymous)
2026-08-13 00:04:42.511 +04:00 [INF] OPTIONS /api/v1/stories responded 204 in 0ms (user: anonymous)
2026-08-13 00:04:42.524 +04:00 [INF] GET /api/v1/profile responded 200 in 13ms (user: anonymous)
2026-08-13 00:04:42.537 +04:00 [INF] GET /api/v1/profile responded 200 in 11ms (user: anonymous)
2026-08-13 00:04:42.548 +04:00 [INF] GET /api/v1/profile responded 200 in 7ms (user: anonymous)
2026-08-13 00:04:42.560 +04:00 [INF] GET /api/v1/profile responded 200 in 10ms (user: anonymous)
2026-08-13 00:04:42.618 +04:00 [WRN] Compiling a query which loads related collections for more than one collection navigation, either via 'Include' or through projection, but no 'QuerySplittingBehavior' has been configured. By default, Entity Framework will use 'QuerySplittingBehavior.SingleQuery', which can potentially result in slow query performance. See https://go.microsoft.com/fwlink/?linkid=2134277 for more information. To identify the query that's triggering this warning call 'ConfigureWarnings(w => w.Throw(RelationalEventId.MultipleCollectionIncludeWarning))'.
2026-08-13 00:04:42.652 +04:00 [INF] GET /api/v1/stories responded 200 in 130ms (user: anonymous)
2026-08-13 00:04:42.657 +04:00 [INF] GET /api/v1/stories responded 200 in 3ms (user: anonymous)
2026-08-13 00:04:42.700 +04:00 [INF] GET /uploads/story-covers/e362dbad11c44eb2adbfc21ac47c8c13.png responded 304 in 3ms (user: anonymous)
2026-08-13 00:04:44.518 +04:00 [INF] OPTIONS /api/v1/profile responded 204 in 0ms (user: anonymous)
2026-08-13 00:04:44.518 +04:00 [INF] OPTIONS /api/v1/profile responded 204 in 0ms (user: anonymous)
2026-08-13 00:04:44.518 +04:00 [INF] OPTIONS /api/v1/stories/ff71137a-c796-499b-9a8e-5cc111b19174 responded 204 in 0ms (user: anonymous)
2026-08-13 00:04:44.518 +04:00 [INF] OPTIONS /api/v1/stories/ff71137a-c796-499b-9a8e-5cc111b19174 responded 204 in 0ms (user: anonymous)
2026-08-13 00:04:44.532 +04:00 [INF] GET /api/v1/profile responded 200 in 7ms (user: anonymous)
2026-08-13 00:04:44.542 +04:00 [INF] GET /api/v1/profile responded 200 in 8ms (user: anonymous)
2026-08-13 00:04:44.620 +04:00 [INF] GET /api/v1/stories/ff71137a-c796-499b-9a8e-5cc111b19174 responded 200 in 88ms (user: anonymous)
2026-08-13 00:04:44.625 +04:00 [INF] GET /api/v1/stories/ff71137a-c796-499b-9a8e-5cc111b19174 responded 200 in 2ms (user: anonymous)
2026-08-13 00:04:46.177 +04:00 [INF] GET /api/v1/stories/ff71137a-c796-499b-9a8e-5cc111b19174 responded 200 in 3ms (user: anonymous)
2026-08-13 00:04:46.183 +04:00 [INF] GET /api/v1/profile responded 200 in 8ms (user: anonymous)
2026-08-13 00:04:46.188 +04:00 [INF] GET /api/v1/stories/ff71137a-c796-499b-9a8e-5cc111b19174 responded 200 in 8ms (user: anonymous)
2026-08-13 00:04:46.193 +04:00 [INF] GET /api/v1/profile responded 200 in 7ms (user: anonymous)
2026-08-13 00:04:46.198 +04:00 [INF] OPTIONS /api/v1/progress responded 204 in 0ms (user: anonymous)
2026-08-13 00:04:46.199 +04:00 [INF] GET /api/v1/profile responded 200 in 3ms (user: anonymous)
2026-08-13 00:04:46.207 +04:00 [INF] GET /api/v1/profile responded 200 in 7ms (user: anonymous)
2026-08-13 00:04:46.344 +04:00 [INF] POST /api/v1/progress responded 200 in 139ms (user: anonymous)
2026-08-13 00:04:46.344 +04:00 [INF] POST /api/v1/progress responded 200 in 98ms (user: anonymous)
2026-08-13 00:04:46.344 +04:00 [INF] POST /api/v1/progress responded 200 in 122ms (user: anonymous)
2026-08-13 00:04:46.344 +04:00 [INF] POST /api/v1/progress responded 200 in 116ms (user: anonymous)
2026-08-13 00:04:46.348 +04:00 [INF] OPTIONS /api/v1/progress/reading-history responded 204 in 0ms (user: anonymous)
2026-08-13 00:04:46.351 +04:00 [INF] OPTIONS /api/v1/progress/reading-history responded 204 in 0ms (user: anonymous)
2026-08-13 00:04:46.353 +04:00 [INF] OPTIONS /api/v1/progress/reading-history responded 204 in 0ms (user: anonymous)
2026-08-13 00:04:46.356 +04:00 [INF] OPTIONS /api/v1/progress/reading-history responded 204 in 0ms (user: anonymous)
2026-08-13 00:04:46.411 +04:00 [INF] POST /api/v1/progress/reading-history responded 200 in 53ms (user: anonymous)
2026-08-13 00:04:46.411 +04:00 [INF] POST /api/v1/progress/reading-history responded 200 in 45ms (user: anonymous)
2026-08-13 00:04:46.411 +04:00 [INF] POST /api/v1/progress/reading-history responded 200 in 48ms (user: anonymous)
2026-08-13 00:04:46.411 +04:00 [INF] POST /api/v1/progress/reading-history responded 200 in 51ms (user: anonymous)
2026-08-13 00:04:46.416 +04:00 [INF] OPTIONS /api/v1/progress/streak responded 204 in 0ms (user: anonymous)
2026-08-13 00:04:46.418 +04:00 [INF] OPTIONS /api/v1/progress/streak responded 204 in 0ms (user: anonymous)
2026-08-13 00:04:46.423 +04:00 [INF] OPTIONS /api/v1/progress/streak responded 204 in 0ms (user: anonymous)
2026-08-13 00:04:46.425 +04:00 [INF] OPTIONS /api/v1/progress/streak responded 204 in 0ms (user: anonymous)
2026-08-13 00:04:46.464 +04:00 [INF] GET /api/v1/progress/streak responded 200 in 37ms (user: anonymous)
2026-08-13 00:04:46.470 +04:00 [INF] GET /api/v1/progress/streak responded 200 in 4ms (user: anonymous)
2026-08-13 00:04:46.475 +04:00 [INF] GET /api/v1/progress/streak responded 200 in 3ms (user: anonymous)
2026-08-13 00:04:46.479 +04:00 [INF] GET /api/v1/progress/streak responded 200 in 2ms (user: anonymous)
2026-08-13 00:04:48.226 +04:00 [INF] OPTIONS /api/v1/quizzes/story/ff71137a-c796-499b-9a8e-5cc111b19174 responded 204 in 0ms (user: anonymous)
2026-08-13 00:04:48.345 +04:00 [WRN] AI provider is not configured; returning a placeholder response.
2026-08-13 00:04:48.351 +04:00 [WRN] AI provider is not configured; returning a placeholder response.
2026-08-13 00:04:48.353 +04:00 [WRN] AI provider is not configured; returning a placeholder response.
2026-08-13 00:04:48.355 +04:00 [WRN] AI provider is not configured; returning a placeholder response.
2026-08-13 00:04:48.357 +04:00 [WRN] AI provider is not configured; returning a placeholder response.
2026-08-13 00:04:48.376 +04:00 [INF] GET /api/v1/quizzes/story/ff71137a-c796-499b-9a8e-5cc111b19174 responded 200 in 144ms (user: anonymous)
2026-08-13 00:04:50.968 +04:00 [INF] OPTIONS /api/v1/profile responded 204 in 0ms (user: anonymous)
2026-08-13 00:04:50.987 +04:00 [INF] PUT /api/v1/profile responded 200 in 12ms (user: anonymous)
2026-08-13 00:04:50.997 +04:00 [INF] GET /api/v1/profile responded 200 in 4ms (user: anonymous)
2026-08-13 00:04:53.634 +04:00 [INF] PUT /api/v1/profile responded 200 in 5ms (user: anonymous)
2026-08-13 00:04:53.642 +04:00 [INF] GET /api/v1/profile responded 200 in 2ms (user: anonymous)
2026-08-13 00:05:05.070 +04:00 [INF] OPTIONS /api/v1/profile responded 204 in 0ms (user: anonymous)
2026-08-13 00:05:05.092 +04:00 [INF] PUT /api/v1/profile responded 200 in 17ms (user: anonymous)
2026-08-13 00:05:05.113 +04:00 [INF] GET /api/v1/profile responded 200 in 16ms (user: anonymous)
2026-08-13 00:05:11.737 +04:00 [INF] OPTIONS /api/v1/progress responded 204 in 0ms (user: anonymous)
2026-08-13 00:05:11.759 +04:00 [INF] POST /api/v1/progress responded 200 in 17ms (user: anonymous)
2026-08-13 00:05:11.765 +04:00 [INF] OPTIONS /api/v1/progress/streak responded 204 in 0ms (user: anonymous)
2026-08-13 00:05:11.777 +04:00 [INF] GET /api/v1/progress/streak responded 200 in 6ms (user: anonymous)
2026-08-13 00:05:12.872 +04:00 [INF] OPTIONS /api/v1/stories responded 204 in 0ms (user: anonymous)
2026-08-13 00:05:12.872 +04:00 [INF] OPTIONS /api/v1/profile responded 204 in 0ms (user: anonymous)
2026-08-13 00:05:12.872 +04:00 [INF] OPTIONS /api/v1/profile responded 204 in 0ms (user: anonymous)
2026-08-13 00:05:12.873 +04:00 [INF] OPTIONS /api/v1/profile responded 204 in 0ms (user: anonymous)
2026-08-13 00:05:12.874 +04:00 [INF] OPTIONS /api/v1/profile responded 204 in 0ms (user: anonymous)
2026-08-13 00:05:12.874 +04:00 [INF] OPTIONS /api/v1/stories responded 204 in 0ms (user: anonymous)
2026-08-13 00:05:12.884 +04:00 [INF] GET /api/v1/stories responded 200 in 3ms (user: anonymous)
2026-08-13 00:05:12.893 +04:00 [INF] GET /api/v1/stories responded 200 in 0ms (user: anonymous)
2026-08-13 00:05:12.901 +04:00 [INF] GET /api/v1/profile responded 200 in 15ms (user: anonymous)
2026-08-13 00:05:12.905 +04:00 [INF] GET /api/v1/profile responded 200 in 2ms (user: anonymous)
2026-08-13 00:05:12.908 +04:00 [INF] GET /api/v1/profile responded 200 in 2ms (user: anonymous)
2026-08-13 00:05:12.913 +04:00 [INF] GET /api/v1/profile responded 200 in 4ms (user: anonymous)
2026-08-13 00:05:19.200 +04:00 [INF] OPTIONS /api/v1/leaderboard responded 204 in 0ms (user: anonymous)
2026-08-13 00:05:19.200 +04:00 [INF] OPTIONS /api/v1/profile responded 204 in 0ms (user: anonymous)
2026-08-13 00:05:19.200 +04:00 [INF] OPTIONS /api/v1/profile responded 204 in 0ms (user: anonymous)
2026-08-13 00:05:19.200 +04:00 [INF] OPTIONS /api/v1/profile responded 204 in 0ms (user: anonymous)
2026-08-13 00:05:19.200 +04:00 [INF] OPTIONS /api/v1/leaderboard responded 204 in 0ms (user: anonymous)
2026-08-13 00:05:19.200 +04:00 [INF] OPTIONS /api/v1/profile responded 204 in 0ms (user: anonymous)
2026-08-13 00:05:19.213 +04:00 [INF] GET /api/v1/profile responded 200 in 5ms (user: anonymous)
2026-08-13 00:05:19.218 +04:00 [INF] GET /api/v1/profile responded 200 in 3ms (user: anonymous)
2026-08-13 00:05:19.225 +04:00 [INF] GET /api/v1/leaderboard responded 200 in 20ms (user: anonymous)
2026-08-13 00:05:19.226 +04:00 [INF] GET /api/v1/profile responded 200 in 7ms (user: anonymous)
2026-08-13 00:05:19.227 +04:00 [INF] GET /api/v1/profile responded 200 in 7ms (user: anonymous)
2026-08-13 00:05:19.238 +04:00 [INF] GET /api/v1/leaderboard responded 200 in 10ms (user: anonymous)
2026-08-13 00:05:21.494 +04:00 [INF] OPTIONS /api/v1/leaderboard responded 204 in 0ms (user: anonymous)
2026-08-13 00:05:21.501 +04:00 [INF] GET /api/v1/profile responded 200 in 6ms (user: anonymous)
2026-08-13 00:05:21.508 +04:00 [INF] GET /api/v1/leaderboard responded 200 in 7ms (user: anonymous)
2026-08-13 00:05:23.904 +04:00 [INF] GET /api/v1/profile responded 200 in 3ms (user: anonymous)
2026-08-13 00:05:23.910 +04:00 [INF] GET /api/v1/leaderboard responded 200 in 9ms (user: anonymous)
2026-08-13 00:05:23.911 +04:00 [INF] GET /api/v1/profile responded 200 in 5ms (user: anonymous)
2026-08-13 00:05:23.919 +04:00 [INF] GET /api/v1/profile responded 200 in 7ms (user: anonymous)
2026-08-13 00:05:23.929 +04:00 [INF] GET /api/v1/leaderboard responded 200 in 16ms (user: anonymous)
2026-08-13 00:05:23.931 +04:00 [INF] GET /api/v1/profile responded 200 in 7ms (user: anonymous)
2026-08-13 00:05:26.796 +04:00 [INF] OPTIONS /api/v1/leaderboard responded 204 in 0ms (user: anonymous)
2026-08-13 00:05:26.796 +04:00 [INF] OPTIONS /api/v1/profile responded 204 in 0ms (user: anonymous)
2026-08-13 00:05:26.807 +04:00 [INF] GET /api/v1/profile responded 200 in 2ms (user: anonymous)
2026-08-13 00:05:26.808 +04:00 [INF] GET /api/v1/leaderboard responded 200 in 6ms (user: anonymous)
2026-08-13 00:05:27.986 +04:00 [INF] OPTIONS /api/v1/leaderboard responded 204 in 0ms (user: anonymous)
2026-08-13 00:05:27.990 +04:00 [INF] GET /api/v1/profile responded 200 in 4ms (user: anonymous)
2026-08-13 00:05:27.997 +04:00 [INF] GET /api/v1/leaderboard responded 200 in 7ms (user: anonymous)
2026-08-13 00:05:32.909 +04:00 [INF] OPTIONS /api/v1/vocabularies responded 204 in 0ms (user: anonymous)
2026-08-13 00:05:32.909 +04:00 [INF] OPTIONS /api/v1/profile responded 204 in 0ms (user: anonymous)
2026-08-13 00:05:32.909 +04:00 [INF] OPTIONS /api/v1/profile responded 204 in 0ms (user: anonymous)
2026-08-13 00:05:32.909 +04:00 [INF] OPTIONS /api/v1/vocabularies responded 204 in 0ms (user: anonymous)
2026-08-13 00:05:32.923 +04:00 [INF] GET /api/v1/profile responded 200 in 6ms (user: anonymous)
2026-08-13 00:05:32.929 +04:00 [INF] GET /api/v1/profile responded 200 in 5ms (user: anonymous)
2026-08-13 00:05:32.940 +04:00 [INF] GET /api/v1/vocabularies responded 200 in 25ms (user: anonymous)
2026-08-13 00:05:32.947 +04:00 [INF] GET /api/v1/vocabularies responded 200 in 5ms (user: anonymous)
2026-08-13 00:05:32.960 +04:00 [INF] GET /api/v1/vocabularies responded 200 in 6ms (user: anonymous)
2026-08-13 00:05:32.965 +04:00 [INF] GET /api/v1/vocabularies responded 200 in 3ms (user: anonymous)
2026-08-13 00:05:39.685 +04:00 [INF] OPTIONS /api/v1/profile responded 204 in 0ms (user: anonymous)
2026-08-13 00:05:39.685 +04:00 [INF] OPTIONS /api/v1/progress/achievements responded 204 in 0ms (user: anonymous)
2026-08-13 00:05:39.685 +04:00 [INF] OPTIONS /api/v1/profile responded 204 in 0ms (user: anonymous)
2026-08-13 00:05:39.685 +04:00 [INF] OPTIONS /api/v1/progress/sessions responded 204 in 0ms (user: anonymous)
2026-08-13 00:05:39.686 +04:00 [INF] OPTIONS /api/v1/progress/achievements responded 204 in 0ms (user: anonymous)
2026-08-13 00:05:39.686 +04:00 [INF] OPTIONS /api/v1/profile/badges responded 204 in 0ms (user: anonymous)
2026-08-13 00:05:39.686 +04:00 [INF] OPTIONS /api/v1/profile responded 204 in 0ms (user: anonymous)
2026-08-13 00:05:39.686 +04:00 [INF] OPTIONS /api/v1/profile responded 204 in 0ms (user: anonymous)
2026-08-13 00:05:39.686 +04:00 [INF] OPTIONS /api/v1/progress/sessions responded 204 in 0ms (user: anonymous)
2026-08-13 00:05:39.687 +04:00 [INF] OPTIONS /api/v1/profile/badges responded 204 in 0ms (user: anonymous)
2026-08-13 00:05:39.694 +04:00 [INF] GET /api/v1/profile responded 200 in 4ms (user: anonymous)
2026-08-13 00:05:39.696 +04:00 [INF] GET /api/v1/progress/achievements responded 404 in 0ms (user: anonymous)
2026-08-13 00:05:39.698 +04:00 [INF] GET /api/v1/profile responded 200 in 2ms (user: anonymous)
2026-08-13 00:05:39.699 +04:00 [INF] GET /api/v1/progress/sessions responded 404 in 0ms (user: anonymous)
2026-08-13 00:05:39.702 +04:00 [INF] GET /api/v1/profile/badges responded 404 in 0ms (user: anonymous)
2026-08-13 00:05:39.709 +04:00 [INF] GET /api/v1/profile responded 200 in 4ms (user: anonymous)
2026-08-13 00:05:39.714 +04:00 [INF] GET /api/v1/profile responded 200 in 4ms (user: anonymous)
2026-08-13 00:05:39.719 +04:00 [INF] GET /api/v1/progress/achievements responded 404 in 0ms (user: anonymous)
2026-08-13 00:05:39.726 +04:00 [INF] GET /api/v1/progress/sessions responded 404 in 0ms (user: anonymous)
2026-08-13 00:05:39.727 +04:00 [INF] GET /api/v1/profile/badges responded 404 in 0ms (user: anonymous)
2026-08-13 00:05:49.712 +04:00 [INF] OPTIONS /api/v1/profile responded 204 in 0ms (user: anonymous)
2026-08-13 00:05:49.712 +04:00 [INF] OPTIONS /api/v1/profile responded 204 in 0ms (user: anonymous)
2026-08-13 00:05:49.712 +04:00 [INF] OPTIONS /api/v1/profile responded 204 in 0ms (user: anonymous)
2026-08-13 00:05:49.712 +04:00 [INF] OPTIONS /api/v1/profile responded 204 in 0ms (user: anonymous)
2026-08-13 00:05:49.720 +04:00 [INF] GET /api/v1/profile responded 200 in 3ms (user: anonymous)
2026-08-13 00:05:49.727 +04:00 [INF] GET /api/v1/profile responded 200 in 5ms (user: anonymous)
2026-08-13 00:05:49.733 +04:00 [INF] GET /api/v1/profile responded 200 in 5ms (user: anonymous)
2026-08-13 00:05:49.738 +04:00 [INF] GET /api/v1/profile responded 200 in 3ms (user: anonymous)
2026-08-13 00:05:50.394 +04:00 [INF] OPTIONS /api/v1/leaderboard responded 204 in 0ms (user: anonymous)
2026-08-13 00:05:50.394 +04:00 [INF] OPTIONS /api/v1/leaderboard responded 204 in 0ms (user: anonymous)
2026-08-13 00:05:50.398 +04:00 [INF] GET /api/v1/profile responded 200 in 4ms (user: anonymous)
2026-08-13 00:05:50.402 +04:00 [INF] GET /api/v1/profile responded 200 in 2ms (user: anonymous)
2026-08-13 00:05:50.408 +04:00 [INF] GET /api/v1/profile responded 200 in 5ms (user: anonymous)
2026-08-13 00:05:50.409 +04:00 [INF] GET /api/v1/leaderboard responded 200 in 10ms (user: anonymous)
2026-08-13 00:05:50.410 +04:00 [INF] GET /api/v1/profile responded 200 in 7ms (user: anonymous)
2026-08-13 00:05:50.420 +04:00 [INF] GET /api/v1/leaderboard responded 200 in 8ms (user: anonymous)
2026-08-13 00:05:50.797 +04:00 [INF] OPTIONS /api/v1/vocabularies responded 204 in 0ms (user: anonymous)
2026-08-13 00:05:50.797 +04:00 [INF] OPTIONS /api/v1/vocabularies responded 204 in 0ms (user: anonymous)
2026-08-13 00:05:50.801 +04:00 [INF] GET /api/v1/profile responded 200 in 4ms (user: anonymous)
2026-08-13 00:05:50.808 +04:00 [INF] GET /api/v1/profile responded 200 in 6ms (user: anonymous)
2026-08-13 00:05:50.810 +04:00 [INF] GET /api/v1/vocabularies responded 200 in 7ms (user: anonymous)
2026-08-13 00:05:50.817 +04:00 [INF] GET /api/v1/vocabularies responded 200 in 3ms (user: anonymous)
2026-08-13 00:05:50.842 +04:00 [INF] GET /api/v1/vocabularies responded 200 in 6ms (user: anonymous)
2026-08-13 00:05:50.848 +04:00 [INF] GET /api/v1/vocabularies responded 200 in 4ms (user: anonymous)
2026-08-13 00:05:53.392 +04:00 [INF] OPTIONS /api/v1/story-categories responded 204 in 0ms (user: anonymous)
2026-08-13 00:05:53.392 +04:00 [INF] OPTIONS /api/v1/story-categories responded 204 in 0ms (user: anonymous)
2026-08-13 00:05:53.392 +04:00 [INF] OPTIONS /api/v1/stories responded 204 in 0ms (user: anonymous)
2026-08-13 00:05:53.392 +04:00 [INF] OPTIONS /api/v1/stories responded 204 in 0ms (user: anonymous)
2026-08-13 00:05:53.396 +04:00 [INF] GET /api/v1/profile responded 200 in 3ms (user: anonymous)
2026-08-13 00:05:53.401 +04:00 [INF] GET /api/v1/profile responded 200 in 3ms (user: anonymous)
2026-08-13 00:05:53.405 +04:00 [INF] GET /api/v1/stories responded 200 in 2ms (user: anonymous)
2026-08-13 00:05:53.408 +04:00 [INF] GET /api/v1/stories responded 200 in 0ms (user: anonymous)
2026-08-13 00:05:53.433 +04:00 [INF] GET /api/v1/story-categories responded 200 in 35ms (user: anonymous)
2026-08-13 00:05:53.435 +04:00 [INF] GET /api/v1/story-categories responded 200 in 0ms (user: anonymous)
2026-08-13 00:05:54.243 +04:00 [INF] GET /api/v1/stories responded 200 in 0ms (user: anonymous)
2026-08-13 00:05:54.246 +04:00 [INF] GET /api/v1/stories responded 200 in 0ms (user: anonymous)
2026-08-13 00:05:54.247 +04:00 [INF] GET /api/v1/profile responded 200 in 4ms (user: anonymous)
2026-08-13 00:05:54.251 +04:00 [INF] GET /api/v1/profile responded 200 in 2ms (user: anonymous)
2026-08-13 00:05:54.257 +04:00 [INF] GET /api/v1/profile responded 200 in 4ms (user: anonymous)
2026-08-13 00:05:54.257 +04:00 [INF] GET /api/v1/profile responded 200 in 4ms (user: anonymous)
2026-08-13 00:05:55.229 +04:00 [INF] OPTIONS /api/v1/profile responded 204 in 0ms (user: anonymous)
2026-08-13 00:05:55.233 +04:00 [INF] GET /api/v1/story-categories responded 200 in 2ms (user: anonymous)
2026-08-13 00:05:55.233 +04:00 [INF] GET /api/v1/stories responded 200 in 1ms (user: anonymous)
2026-08-13 00:05:55.229 +04:00 [INF] OPTIONS /api/v1/profile responded 204 in 0ms (user: anonymous)
2026-08-13 00:05:55.236 +04:00 [INF] GET /api/v1/stories responded 200 in 0ms (user: anonymous)
2026-08-13 00:05:55.236 +04:00 [INF] GET /api/v1/story-categories responded 200 in 0ms (user: anonymous)
2026-08-13 00:05:55.242 +04:00 [INF] GET /api/v1/profile responded 200 in 6ms (user: anonymous)
2026-08-13 00:05:55.248 +04:00 [INF] GET /api/v1/profile responded 200 in 4ms (user: anonymous)
2026-08-13 00:05:55.630 +04:00 [INF] GET /api/v1/profile responded 200 in 2ms (user: anonymous)
2026-08-13 00:05:55.630 +04:00 [INF] GET /api/v1/vocabularies responded 200 in 3ms (user: anonymous)
2026-08-13 00:05:55.634 +04:00 [INF] GET /api/v1/vocabularies responded 200 in 2ms (user: anonymous)
2026-08-13 00:05:55.634 +04:00 [INF] GET /api/v1/profile responded 200 in 3ms (user: anonymous)
2026-08-13 00:05:55.656 +04:00 [INF] GET /api/v1/vocabularies responded 200 in 5ms (user: anonymous)
2026-08-13 00:05:55.661 +04:00 [INF] GET /api/v1/vocabularies responded 200 in 3ms (user: anonymous)
2026-08-13 00:10:01.770 +04:00 [INF] OPTIONS /api/v1/auth/refresh-token responded 204 in 0ms (user: anonymous)
2026-08-13 00:10:01.785 +04:00 [INF] POST /api/v1/auth/refresh-token responded 200 in 7ms (user: anonymous)
2026-08-13 00:10:01.796 +04:00 [ERR] Unhandled exception on /api/v1/auth/refresh-token
System.ArgumentNullException: IDX10000: The parameter 'token' cannot be a 'null' or an empty object.  (Parameter 'token')
   at System.IdentityModel.Tokens.Jwt.JwtSecurityTokenHandler.ValidateToken(String token, TokenValidationParameters validationParameters, SecurityToken& validatedToken)
   at EnglishLearningPlatform.Infrastructure.Identity.JwtTokenService.GetPrincipalFromExpiredToken(String token) in C:\Users\Ravan999\Desktop\Aygun-Final\Final-Project-ReadLingo-Back\EnglishLearningPlatform.Infrastructure\Identity\JwtTokenService .cs:line 72
   at EnglishLearningPlatform.Application.Services.AuthService.RefreshTokenAsync(RefreshTokenRequestDto dto, String ipAddress, CancellationToken cancellationToken) in C:\Users\Ravan999\Desktop\Aygun-Final\Final-Project-ReadLingo-Back\EnglishLearningPlatform.Application\Services\AuthService .cs:line 91
   at EnglishLearningPlatform.API.Controllers.V1.AuthController.RefreshToken(RefreshTokenRequestDto dto, CancellationToken cancellationToken) in C:\Users\Ravan999\Desktop\Aygun-Final\Final-Project-ReadLingo-Back\EnglishLearningPlatform.API\Controllers\V1\AuthController.cs:line 47
   at Microsoft.AspNetCore.Mvc.Infrastructure.ActionMethodExecutor.TaskOfIActionResultExecutor.Execute(ActionContext actionContext, IActionResultTypeMapper mapper, ObjectMethodExecutor executor, Object controller, Object[] arguments)
   at Microsoft.AspNetCore.Mvc.Infrastructure.ControllerActionInvoker.<InvokeActionMethodAsync>g__Awaited|12_0(ControllerActionInvoker invoker, ValueTask`1 actionResultValueTask)
   at Microsoft.AspNetCore.Mvc.Infrastructure.ControllerActionInvoker.<InvokeNextActionFilterAsync>g__Awaited|10_0(ControllerActionInvoker invoker, Task lastTask, State next, Scope scope, Object state, Boolean isCompleted)
   at Microsoft.AspNetCore.Mvc.Infrastructure.ControllerActionInvoker.Rethrow(ActionExecutedContextSealed context)
   at Microsoft.AspNetCore.Mvc.Infrastructure.ControllerActionInvoker.Next(State& next, Scope& scope, Object& state, Boolean& isCompleted)
   at Microsoft.AspNetCore.Mvc.Infrastructure.ControllerActionInvoker.InvokeInnerFilterAsync()
--- End of stack trace from previous location ---
   at Microsoft.AspNetCore.Mvc.Infrastructure.ResourceInvoker.<InvokeFilterPipelineAsync>g__Awaited|20_0(ResourceInvoker invoker, Task lastTask, State next, Scope scope, Object state, Boolean isCompleted)
   at Microsoft.AspNetCore.Mvc.Infrastructure.ResourceInvoker.<InvokeAsync>g__Awaited|17_0(ResourceInvoker invoker, Task task, IDisposable scope)
   at Microsoft.AspNetCore.Mvc.Infrastructure.ResourceInvoker.<InvokeAsync>g__Awaited|17_0(ResourceInvoker invoker, Task task, IDisposable scope)
   at Microsoft.AspNetCore.Authorization.AuthorizationMiddleware.Invoke(HttpContext context)
   at Microsoft.AspNetCore.Authentication.AuthenticationMiddleware.Invoke(HttpContext context)
   at Microsoft.AspNetCore.RateLimiting.RateLimitingMiddleware.InvokeInternal(HttpContext context, EnableRateLimitingAttribute enableRateLimitingAttribute)
   at Swashbuckle.AspNetCore.SwaggerUI.SwaggerUIMiddleware.Invoke(HttpContext httpContext)
   at Swashbuckle.AspNetCore.Swagger.SwaggerMiddleware.Invoke(HttpContext httpContext, ISwaggerProvider swaggerProvider)
   at EnglishLearningPlatform.API.Middlewares.RequestLoggingMiddleware.InvokeAsync(HttpContext context) in C:\Users\Ravan999\Desktop\Aygun-Final\Final-Project-ReadLingo-Back\EnglishLearningPlatform.API\Middlewares\RequestLoggingMiddleware.cs:line 24
   at EnglishLearningPlatform.API.Middlewares.ExceptionHandlingMiddleware.InvokeAsync(HttpContext context) in C:\Users\Ravan999\Desktop\Aygun-Final\Final-Project-ReadLingo-Back\EnglishLearningPlatform.API\Middlewares\ExceptionHandlingMiddleware.cs:line 27
2026-08-13 00:10:12.757 +04:00 [WRN] Entity 'Story' has a global query filter defined and is the required end of a relationship with the entity 'Chapter'. This may lead to unexpected results when the required entity is filtered out. Either configure the navigation as optional, or define matching query filters for both entities in the navigation. See https://go.microsoft.com/fwlink/?linkid=2131316 for more information.
2026-08-13 00:10:12.786 +04:00 [WRN] Entity 'Story' has a global query filter defined and is the required end of a relationship with the entity 'DailyStoryReadLog'. This may lead to unexpected results when the required entity is filtered out. Either configure the navigation as optional, or define matching query filters for both entities in the navigation. See https://go.microsoft.com/fwlink/?linkid=2131316 for more information.
2026-08-13 00:10:12.788 +04:00 [WRN] Entity 'Story' has a global query filter defined and is the required end of a relationship with the entity 'FavoriteStory'. This may lead to unexpected results when the required entity is filtered out. Either configure the navigation as optional, or define matching query filters for both entities in the navigation. See https://go.microsoft.com/fwlink/?linkid=2131316 for more information.
2026-08-13 00:10:12.790 +04:00 [WRN] Entity 'Story' has a global query filter defined and is the required end of a relationship with the entity 'QuizAttempt'. This may lead to unexpected results when the required entity is filtered out. Either configure the navigation as optional, or define matching query filters for both entities in the navigation. See https://go.microsoft.com/fwlink/?linkid=2131316 for more information.
2026-08-13 00:10:12.791 +04:00 [WRN] Entity 'Story' has a global query filter defined and is the required end of a relationship with the entity 'ReadingHistory'. This may lead to unexpected results when the required entity is filtered out. Either configure the navigation as optional, or define matching query filters for both entities in the navigation. See https://go.microsoft.com/fwlink/?linkid=2131316 for more information.
2026-08-13 00:10:12.793 +04:00 [WRN] Entity 'Story' has a global query filter defined and is the required end of a relationship with the entity 'RemainingCorrectCounter'. This may lead to unexpected results when the required entity is filtered out. Either configure the navigation as optional, or define matching query filters for both entities in the navigation. See https://go.microsoft.com/fwlink/?linkid=2131316 for more information.
2026-08-13 00:10:12.794 +04:00 [WRN] Entity 'Story' has a global query filter defined and is the required end of a relationship with the entity 'Review'. This may lead to unexpected results when the required entity is filtered out. Either configure the navigation as optional, or define matching query filters for both entities in the navigation. See https://go.microsoft.com/fwlink/?linkid=2131316 for more information.
2026-08-13 00:10:12.797 +04:00 [WRN] Entity 'Story' has a global query filter defined and is the required end of a relationship with the entity 'UserProgress'. This may lead to unexpected results when the required entity is filtered out. Either configure the navigation as optional, or define matching query filters for both entities in the navigation. See https://go.microsoft.com/fwlink/?linkid=2131316 for more information.
2026-08-13 00:10:13.951 +04:00 [INF] Database seeding completed successfully.
2026-08-13 00:10:14.381 +04:00 [INF] GET /swagger/index.html responded 200 in 1ms (user: anonymous)
2026-08-13 00:10:14.381 +04:00 [INF] GET /swagger/index.html responded 200 in 44ms (user: anonymous)
2026-08-13 00:10:14.381 +04:00 [INF] GET /swagger/index.html responded 200 in 4ms (user: anonymous)
2026-08-13 00:10:14.637 +04:00 [INF] GET /swagger/v1/swagger.json responded 200 in 60ms (user: anonymous)
2026-08-13 00:10:14.681 +04:00 [INF] GET /swagger/v1/swagger.json responded 200 in 43ms (user: anonymous)
2026-08-13 00:10:14.700 +04:00 [INF] GET /swagger/v1/swagger.json responded 200 in 21ms (user: anonymous)
2026-08-13 00:11:39.838 +04:00 [INF] OPTIONS /api/v1/auth/login responded 204 in 0ms (user: anonymous)
2026-08-13 00:11:40.143 +04:00 [INF] POST /api/v1/auth/login responded 200 in 295ms (user: anonymous)
2026-08-13 00:11:40.170 +04:00 [INF] OPTIONS /api/v1/profile responded 204 in 0ms (user: anonymous)
2026-08-13 00:11:40.170 +04:00 [INF] OPTIONS /api/v1/profile responded 204 in 1ms (user: anonymous)
2026-08-13 00:11:40.170 +04:00 [INF] OPTIONS /api/v1/stories responded 204 in 0ms (user: anonymous)
2026-08-13 00:11:40.170 +04:00 [INF] OPTIONS /api/v1/profile responded 204 in 0ms (user: anonymous)
2026-08-13 00:11:40.172 +04:00 [INF] OPTIONS /api/v1/profile responded 204 in 0ms (user: anonymous)
2026-08-13 00:11:40.173 +04:00 [INF] OPTIONS /api/v1/stories responded 204 in 0ms (user: anonymous)
2026-08-13 00:11:40.401 +04:00 [WRN] Compiling a query which loads related collections for more than one collection navigation, either via 'Include' or through projection, but no 'QuerySplittingBehavior' has been configured. By default, Entity Framework will use 'QuerySplittingBehavior.SingleQuery', which can potentially result in slow query performance. See https://go.microsoft.com/fwlink/?linkid=2134277 for more information. To identify the query that's triggering this warning call 'ConfigureWarnings(w => w.Throw(RelationalEventId.MultipleCollectionIncludeWarning))'.
2026-08-13 00:11:40.435 +04:00 [INF] GET /api/v1/stories responded 200 in 246ms (user: anonymous)
2026-08-13 00:11:40.440 +04:00 [INF] GET /api/v1/stories responded 200 in 2ms (user: anonymous)
2026-08-13 00:11:40.497 +04:00 [INF] GET /api/v1/profile responded 200 in 315ms (user: anonymous)
2026-08-13 00:11:40.509 +04:00 [INF] GET /api/v1/profile responded 200 in 10ms (user: anonymous)
2026-08-13 00:11:40.523 +04:00 [INF] GET /api/v1/profile responded 200 in 11ms (user: anonymous)
2026-08-13 00:11:40.537 +04:00 [INF] GET /api/v1/profile responded 200 in 12ms (user: anonymous)
2026-08-13 00:11:40.540 +04:00 [INF] GET /uploads/story-covers/e362dbad11c44eb2adbfc21ac47c8c13.png responded 304 in 4ms (user: anonymous)
2026-08-13 00:11:40.540 +04:00 [INF] GET /uploads/story-covers/9115ea7c325b4aff948ba6955fb48166.png responded 304 in 4ms (user: anonymous)
2026-08-13 00:11:44.849 +04:00 [INF] GET /api/v1/profile responded 200 in 21ms (user: anonymous)
2026-08-13 00:11:44.866 +04:00 [INF] GET /api/v1/profile responded 200 in 15ms (user: anonymous)
2026-08-13 00:11:44.884 +04:00 [INF] GET /api/v1/profile responded 200 in 16ms (user: anonymous)
2026-08-13 00:11:44.910 +04:00 [INF] GET /api/v1/profile responded 200 in 23ms (user: anonymous)
2026-08-13 00:11:49.256 +04:00 [INF] OPTIONS /api/v1/profile responded 204 in 0ms (user: anonymous)
2026-08-13 00:11:49.256 +04:00 [INF] OPTIONS /api/v1/profile responded 204 in 0ms (user: anonymous)
2026-08-13 00:11:49.257 +04:00 [INF] OPTIONS /api/v1/profile/badges responded 204 in 0ms (user: anonymous)
2026-08-13 00:11:49.257 +04:00 [INF] OPTIONS /api/v1/profile responded 204 in 0ms (user: anonymous)
2026-08-13 00:11:49.257 +04:00 [INF] OPTIONS /api/v1/progress/achievements responded 204 in 0ms (user: anonymous)
2026-08-13 00:11:49.257 +04:00 [INF] OPTIONS /api/v1/progress/sessions responded 204 in 0ms (user: anonymous)
2026-08-13 00:11:49.257 +04:00 [INF] OPTIONS /api/v1/profile responded 204 in 0ms (user: anonymous)
2026-08-13 00:11:49.258 +04:00 [INF] OPTIONS /api/v1/progress/sessions responded 204 in 0ms (user: anonymous)
2026-08-13 00:11:49.258 +04:00 [INF] OPTIONS /api/v1/profile/badges responded 204 in 0ms (user: anonymous)
2026-08-13 00:11:49.259 +04:00 [INF] OPTIONS /api/v1/progress/achievements responded 204 in 0ms (user: anonymous)
2026-08-13 00:11:49.268 +04:00 [INF] GET /api/v1/profile/badges responded 404 in 1ms (user: anonymous)
2026-08-13 00:11:49.273 +04:00 [INF] GET /api/v1/progress/achievements responded 404 in 1ms (user: anonymous)
2026-08-13 00:11:49.273 +04:00 [INF] GET /api/v1/progress/sessions responded 404 in 0ms (user: anonymous)
2026-08-13 00:11:49.283 +04:00 [INF] GET /api/v1/profile/badges responded 404 in 0ms (user: anonymous)
2026-08-13 00:11:49.283 +04:00 [INF] GET /api/v1/profile responded 200 in 21ms (user: anonymous)
2026-08-13 00:11:49.286 +04:00 [INF] GET /api/v1/progress/achievements responded 404 in 0ms (user: anonymous)
2026-08-13 00:11:49.288 +04:00 [INF] GET /api/v1/progress/sessions responded 404 in 0ms (user: anonymous)
2026-08-13 00:11:49.290 +04:00 [INF] GET /api/v1/profile responded 200 in 4ms (user: anonymous)
2026-08-13 00:11:49.295 +04:00 [INF] GET /api/v1/profile responded 200 in 4ms (user: anonymous)
2026-08-13 00:11:49.295 +04:00 [INF] GET /api/v1/profile responded 200 in 4ms (user: anonymous)
2026-08-13 00:11:51.561 +04:00 [INF] GET /api/v1/profile responded 200 in 4ms (user: anonymous)
2026-08-13 00:11:51.569 +04:00 [INF] GET /api/v1/profile responded 200 in 4ms (user: anonymous)
2026-08-13 00:11:51.575 +04:00 [INF] GET /api/v1/profile responded 200 in 4ms (user: anonymous)
2026-08-13 00:11:51.579 +04:00 [INF] GET /api/v1/profile responded 200 in 3ms (user: anonymous)
2026-08-13 00:11:53.865 +04:00 [INF] OPTIONS /api/v1/stories responded 204 in 0ms (user: anonymous)
2026-08-13 00:11:53.865 +04:00 [INF] OPTIONS /api/v1/stories responded 204 in 0ms (user: anonymous)
2026-08-13 00:11:53.874 +04:00 [INF] GET /api/v1/stories responded 200 in 4ms (user: anonymous)
2026-08-13 00:11:53.874 +04:00 [INF] GET /api/v1/profile responded 200 in 9ms (user: anonymous)
2026-08-13 00:11:53.878 +04:00 [INF] GET /api/v1/stories responded 200 in 2ms (user: anonymous)
2026-08-13 00:11:53.880 +04:00 [INF] GET /api/v1/profile responded 200 in 4ms (user: anonymous)
2026-08-13 00:11:53.888 +04:00 [INF] GET /api/v1/profile responded 200 in 6ms (user: anonymous)
2026-08-13 00:11:53.893 +04:00 [INF] GET /api/v1/profile responded 200 in 3ms (user: anonymous)
2026-08-13 00:11:53.908 +04:00 [INF] GET /uploads/story-covers/c0bc5126a8c84930a0ab6bc8e1fb5b1d.png responded 304 in 0ms (user: anonymous)
2026-08-13 00:12:04.753 +04:00 [INF] OPTIONS /api/v1/profile responded 204 in 0ms (user: anonymous)
2026-08-13 00:12:04.753 +04:00 [INF] OPTIONS /api/v1/story-categories responded 204 in 0ms (user: anonymous)
2026-08-13 00:12:04.753 +04:00 [INF] OPTIONS /api/v1/stories responded 204 in 0ms (user: anonymous)
2026-08-13 00:12:04.754 +04:00 [INF] OPTIONS /api/v1/profile responded 204 in 0ms (user: anonymous)
2026-08-13 00:12:04.754 +04:00 [INF] OPTIONS /api/v1/stories responded 204 in 0ms (user: anonymous)
2026-08-13 00:12:04.754 +04:00 [INF] OPTIONS /api/v1/story-categories responded 204 in 0ms (user: anonymous)
2026-08-13 00:12:04.770 +04:00 [INF] GET /api/v1/stories responded 200 in 4ms (user: anonymous)
2026-08-13 00:12:04.775 +04:00 [INF] GET /api/v1/profile responded 200 in 16ms (user: anonymous)
2026-08-13 00:12:04.779 +04:00 [INF] GET /api/v1/stories responded 200 in 0ms (user: anonymous)
2026-08-13 00:12:04.787 +04:00 [INF] GET /api/v1/profile responded 200 in 8ms (user: anonymous)
2026-08-13 00:12:04.825 +04:00 [INF] GET /api/v1/story-categories responded 200 in 63ms (user: anonymous)
2026-08-13 00:12:04.828 +04:00 [INF] GET /api/v1/story-categories responded 200 in 1ms (user: anonymous)
2026-08-13 00:12:05.411 +04:00 [INF] OPTIONS /api/v1/vocabularies responded 204 in 0ms (user: anonymous)
2026-08-13 00:12:05.411 +04:00 [INF] OPTIONS /api/v1/vocabularies responded 204 in 0ms (user: anonymous)
2026-08-13 00:12:05.421 +04:00 [INF] GET /api/v1/profile responded 200 in 9ms (user: anonymous)
2026-08-13 00:12:05.431 +04:00 [INF] GET /api/v1/profile responded 200 in 5ms (user: anonymous)
2026-08-13 00:12:05.520 +04:00 [INF] GET /api/v1/vocabularies responded 200 in 99ms (user: anonymous)
2026-08-13 00:12:05.528 +04:00 [INF] GET /api/v1/vocabularies responded 200 in 6ms (user: anonymous)
2026-08-13 00:12:05.572 +04:00 [INF] GET /api/v1/vocabularies responded 200 in 12ms (user: anonymous)
2026-08-13 00:12:05.606 +04:00 [INF] GET /api/v1/vocabularies responded 200 in 30ms (user: anonymous)
2026-08-13 00:12:08.184 +04:00 [INF] OPTIONS /api/v1/leaderboard responded 204 in 0ms (user: anonymous)
2026-08-13 00:12:08.184 +04:00 [INF] OPTIONS /api/v1/leaderboard responded 204 in 0ms (user: anonymous)
2026-08-13 00:12:08.188 +04:00 [INF] GET /api/v1/profile responded 200 in 3ms (user: anonymous)
2026-08-13 00:12:08.193 +04:00 [INF] GET /api/v1/profile responded 200 in 3ms (user: anonymous)
2026-08-13 00:12:08.201 +04:00 [INF] GET /api/v1/profile responded 200 in 6ms (user: anonymous)
2026-08-13 00:12:08.201 +04:00 [INF] GET /api/v1/profile responded 200 in 6ms (user: anonymous)
2026-08-13 00:12:08.237 +04:00 [INF] GET /api/v1/leaderboard responded 200 in 46ms (user: anonymous)
2026-08-13 00:12:08.245 +04:00 [INF] GET /api/v1/leaderboard responded 200 in 6ms (user: anonymous)
2026-08-13 00:12:10.606 +04:00 [INF] OPTIONS /api/v1/leaderboard/privacy responded 204 in 0ms (user: anonymous)
2026-08-13 00:12:10.625 +04:00 [INF] PATCH /api/v1/leaderboard/privacy responded 200 in 15ms (user: anonymous)
2026-08-13 00:12:10.632 +04:00 [INF] OPTIONS /api/v1/profile responded 204 in 0ms (user: anonymous)
2026-08-13 00:12:10.638 +04:00 [INF] GET /api/v1/profile responded 200 in 2ms (user: anonymous)
2026-08-13 00:12:10.638 +04:00 [INF] GET /api/v1/leaderboard responded 200 in 6ms (user: anonymous)
2026-08-13 00:12:12.540 +04:00 [INF] OPTIONS /api/v1/profile/badges responded 204 in 0ms (user: anonymous)
2026-08-13 00:12:12.540 +04:00 [INF] OPTIONS /api/v1/progress/sessions responded 204 in 0ms (user: anonymous)
2026-08-13 00:12:12.540 +04:00 [INF] OPTIONS /api/v1/progress/achievements responded 204 in 0ms (user: anonymous)
2026-08-13 00:12:12.541 +04:00 [INF] OPTIONS /api/v1/progress/achievements responded 204 in 0ms (user: anonymous)
2026-08-13 00:12:12.541 +04:00 [INF] OPTIONS /api/v1/progress/sessions responded 204 in 0ms (user: anonymous)
2026-08-13 00:12:12.541 +04:00 [INF] OPTIONS /api/v1/profile/badges responded 204 in 0ms (user: anonymous)
2026-08-13 00:12:12.549 +04:00 [INF] GET /api/v1/profile/badges responded 404 in 0ms (user: anonymous)
2026-08-13 00:12:12.550 +04:00 [INF] GET /api/v1/profile responded 200 in 8ms (user: anonymous)
2026-08-13 00:12:12.550 +04:00 [INF] GET /api/v1/progress/sessions responded 404 in 0ms (user: anonymous)
2026-08-13 00:12:12.554 +04:00 [INF] GET /api/v1/progress/achievements responded 404 in 0ms (user: anonymous)
2026-08-13 00:12:12.559 +04:00 [INF] GET /api/v1/profile responded 200 in 6ms (user: anonymous)
2026-08-13 00:12:12.566 +04:00 [INF] GET /api/v1/profile responded 200 in 6ms (user: anonymous)
2026-08-13 00:12:12.566 +04:00 [INF] GET /api/v1/profile responded 200 in 6ms (user: anonymous)
2026-08-13 00:12:12.568 +04:00 [INF] GET /api/v1/profile/badges responded 404 in 1ms (user: anonymous)
2026-08-13 00:12:12.571 +04:00 [INF] GET /api/v1/progress/sessions responded 404 in 0ms (user: anonymous)
2026-08-13 00:12:12.574 +04:00 [INF] GET /api/v1/progress/achievements responded 404 in 0ms (user: anonymous)
2026-08-13 00:12:14.964 +04:00 [INF] GET /api/v1/profile responded 200 in 5ms (user: anonymous)
2026-08-13 00:12:14.971 +04:00 [INF] GET /api/v1/profile responded 200 in 5ms (user: anonymous)
2026-08-13 00:12:14.976 +04:00 [INF] GET /api/v1/profile responded 200 in 2ms (user: anonymous)
2026-08-13 00:12:14.979 +04:00 [INF] GET /api/v1/profile responded 200 in 3ms (user: anonymous)
2026-08-13 00:13:29.177 +04:00 [INF] OPTIONS /api/v1/profile responded 204 in 0ms (user: anonymous)
2026-08-13 00:13:29.177 +04:00 [INF] OPTIONS /api/v1/profile responded 204 in 0ms (user: anonymous)
2026-08-13 00:13:29.177 +04:00 [INF] OPTIONS /api/v1/profile responded 204 in 0ms (user: anonymous)
2026-08-13 00:13:29.177 +04:00 [INF] OPTIONS /api/v1/profile responded 204 in 0ms (user: anonymous)
2026-08-13 00:13:29.204 +04:00 [INF] GET /api/v1/profile responded 200 in 17ms (user: anonymous)
2026-08-13 00:13:29.209 +04:00 [INF] GET /api/v1/profile responded 200 in 3ms (user: anonymous)
2026-08-13 00:13:29.216 +04:00 [INF] GET /api/v1/profile responded 200 in 6ms (user: anonymous)
2026-08-13 00:13:29.225 +04:00 [INF] GET /api/v1/profile responded 200 in 5ms (user: anonymous)
2026-08-13 00:15:53.399 +04:00 [WRN] Entity 'Story' has a global query filter defined and is the required end of a relationship with the entity 'Chapter'. This may lead to unexpected results when the required entity is filtered out. Either configure the navigation as optional, or define matching query filters for both entities in the navigation. See https://go.microsoft.com/fwlink/?linkid=2131316 for more information.
2026-08-13 00:15:53.426 +04:00 [WRN] Entity 'Story' has a global query filter defined and is the required end of a relationship with the entity 'DailyStoryReadLog'. This may lead to unexpected results when the required entity is filtered out. Either configure the navigation as optional, or define matching query filters for both entities in the navigation. See https://go.microsoft.com/fwlink/?linkid=2131316 for more information.
2026-08-13 00:15:53.430 +04:00 [WRN] Entity 'Story' has a global query filter defined and is the required end of a relationship with the entity 'FavoriteStory'. This may lead to unexpected results when the required entity is filtered out. Either configure the navigation as optional, or define matching query filters for both entities in the navigation. See https://go.microsoft.com/fwlink/?linkid=2131316 for more information.
2026-08-13 00:15:53.432 +04:00 [WRN] Entity 'Story' has a global query filter defined and is the required end of a relationship with the entity 'QuizAttempt'. This may lead to unexpected results when the required entity is filtered out. Either configure the navigation as optional, or define matching query filters for both entities in the navigation. See https://go.microsoft.com/fwlink/?linkid=2131316 for more information.
2026-08-13 00:15:53.434 +04:00 [WRN] Entity 'Story' has a global query filter defined and is the required end of a relationship with the entity 'ReadingHistory'. This may lead to unexpected results when the required entity is filtered out. Either configure the navigation as optional, or define matching query filters for both entities in the navigation. See https://go.microsoft.com/fwlink/?linkid=2131316 for more information.
2026-08-13 00:15:53.436 +04:00 [WRN] Entity 'Story' has a global query filter defined and is the required end of a relationship with the entity 'RemainingCorrectCounter'. This may lead to unexpected results when the required entity is filtered out. Either configure the navigation as optional, or define matching query filters for both entities in the navigation. See https://go.microsoft.com/fwlink/?linkid=2131316 for more information.
2026-08-13 00:15:53.438 +04:00 [WRN] Entity 'Story' has a global query filter defined and is the required end of a relationship with the entity 'Review'. This may lead to unexpected results when the required entity is filtered out. Either configure the navigation as optional, or define matching query filters for both entities in the navigation. See https://go.microsoft.com/fwlink/?linkid=2131316 for more information.
2026-08-13 00:15:53.439 +04:00 [WRN] Entity 'Story' has a global query filter defined and is the required end of a relationship with the entity 'UserProgress'. This may lead to unexpected results when the required entity is filtered out. Either configure the navigation as optional, or define matching query filters for both entities in the navigation. See https://go.microsoft.com/fwlink/?linkid=2131316 for more information.
2026-08-13 00:15:54.061 +04:00 [INF] Database seeding completed successfully.
2026-08-13 00:15:54.562 +04:00 [INF] GET /swagger/index.html responded 200 in 62ms (user: anonymous)
2026-08-13 00:15:54.562 +04:00 [INF] GET /swagger/index.html responded 200 in 8ms (user: anonymous)
2026-08-13 00:15:54.565 +04:00 [INF] GET /swagger/index.html responded 200 in 3ms (user: anonymous)
2026-08-13 00:15:54.768 +04:00 [INF] GET /swagger/v1/swagger.json responded 200 in 47ms (user: anonymous)
2026-08-13 00:15:54.797 +04:00 [INF] GET /swagger/v1/swagger.json responded 200 in 24ms (user: anonymous)
2026-08-13 00:15:54.815 +04:00 [INF] GET /swagger/v1/swagger.json responded 200 in 16ms (user: anonymous)
2026-08-13 00:16:00.809 +04:00 [INF] OPTIONS /api/v1/profile responded 204 in 1ms (user: anonymous)
2026-08-13 00:16:01.137 +04:00 [INF] GET /api/v1/profile responded 200 in 315ms (user: anonymous)
2026-08-13 00:16:37.204 +04:00 [INF] OPTIONS /api/v1/profile responded 204 in 0ms (user: anonymous)
2026-08-13 00:16:37.204 +04:00 [INF] OPTIONS /api/v1/profile responded 204 in 0ms (user: anonymous)
2026-08-13 00:16:37.204 +04:00 [INF] OPTIONS /api/v1/profile responded 204 in 0ms (user: anonymous)
2026-08-13 00:16:37.205 +04:00 [INF] OPTIONS /api/v1/profile responded 204 in 0ms (user: anonymous)
2026-08-13 00:16:37.290 +04:00 [INF] GET /api/v1/profile responded 200 in 61ms (user: anonymous)
2026-08-13 00:16:37.303 +04:00 [INF] GET /api/v1/profile responded 200 in 11ms (user: anonymous)
2026-08-13 00:16:37.314 +04:00 [INF] GET /api/v1/profile responded 200 in 8ms (user: anonymous)
2026-08-13 00:16:37.322 +04:00 [INF] GET /api/v1/profile responded 200 in 6ms (user: anonymous)
2026-08-13 00:16:37.964 +04:00 [INF] GET /api/v1/profile responded 200 in 7ms (user: anonymous)
2026-08-13 00:16:37.970 +04:00 [INF] GET /api/v1/profile responded 200 in 4ms (user: anonymous)
2026-08-13 00:16:37.976 +04:00 [INF] GET /api/v1/profile responded 200 in 4ms (user: anonymous)
2026-08-13 00:16:37.985 +04:00 [INF] GET /api/v1/profile responded 200 in 5ms (user: anonymous)
2026-08-13 00:16:41.443 +04:00 [INF] GET /api/v1/profile responded 200 in 6ms (user: anonymous)
2026-08-13 00:16:41.454 +04:00 [INF] GET /api/v1/profile responded 200 in 6ms (user: anonymous)
2026-08-13 00:16:41.465 +04:00 [INF] GET /api/v1/profile responded 200 in 7ms (user: anonymous)
2026-08-13 00:16:41.473 +04:00 [INF] GET /api/v1/profile responded 200 in 6ms (user: anonymous)
2026-08-13 00:18:32.567 +04:00 [INF] OPTIONS /api/v1/profile responded 204 in 0ms (user: anonymous)
2026-08-13 00:18:32.567 +04:00 [INF] OPTIONS /api/v1/profile responded 204 in 0ms (user: anonymous)
2026-08-13 00:18:32.567 +04:00 [INF] OPTIONS /api/v1/profile responded 204 in 0ms (user: anonymous)
2026-08-13 00:18:32.567 +04:00 [INF] OPTIONS /api/v1/profile responded 204 in 0ms (user: anonymous)
2026-08-13 00:18:32.587 +04:00 [INF] GET /api/v1/profile responded 200 in 15ms (user: anonymous)
2026-08-13 00:18:32.594 +04:00 [INF] GET /api/v1/profile responded 200 in 3ms (user: anonymous)
2026-08-13 00:18:32.600 +04:00 [INF] GET /api/v1/profile responded 200 in 5ms (user: anonymous)
2026-08-13 00:18:32.608 +04:00 [INF] GET /api/v1/profile responded 200 in 6ms (user: anonymous)
2026-08-13 00:18:33.144 +04:00 [INF] GET /api/v1/profile responded 200 in 9ms (user: anonymous)
2026-08-13 00:18:33.151 +04:00 [INF] GET /api/v1/profile responded 200 in 4ms (user: anonymous)
2026-08-13 00:18:33.159 +04:00 [INF] GET /api/v1/profile responded 200 in 6ms (user: anonymous)
2026-08-13 00:18:33.166 +04:00 [INF] GET /api/v1/profile responded 200 in 3ms (user: anonymous)
2026-08-13 00:18:33.578 +04:00 [INF] GET /api/v1/profile responded 200 in 4ms (user: anonymous)
2026-08-13 00:18:33.589 +04:00 [INF] GET /api/v1/profile responded 200 in 9ms (user: anonymous)
2026-08-13 00:18:33.597 +04:00 [INF] GET /api/v1/profile responded 200 in 6ms (user: anonymous)
2026-08-13 00:18:33.602 +04:00 [INF] GET /api/v1/profile responded 200 in 3ms (user: anonymous)
2026-08-13 00:18:33.761 +04:00 [INF] GET /api/v1/profile responded 200 in 4ms (user: anonymous)
2026-08-13 00:18:33.772 +04:00 [INF] GET /api/v1/profile responded 200 in 9ms (user: anonymous)
2026-08-13 00:18:33.781 +04:00 [INF] GET /api/v1/profile responded 200 in 7ms (user: anonymous)
2026-08-13 00:18:33.786 +04:00 [INF] GET /api/v1/profile responded 200 in 3ms (user: anonymous)
2026-08-13 00:19:25.928 +04:00 [INF] OPTIONS /api/v1/profile responded 204 in 0ms (user: anonymous)
2026-08-13 00:19:25.928 +04:00 [INF] OPTIONS /api/v1/profile responded 204 in 0ms (user: anonymous)
2026-08-13 00:19:25.928 +04:00 [INF] OPTIONS /api/v1/profile responded 204 in 0ms (user: anonymous)
2026-08-13 00:19:25.988 +04:00 [INF] GET /api/v1/profile responded 200 in 50ms (user: anonymous)
2026-08-13 00:19:26.020 +04:00 [INF] GET /api/v1/profile responded 200 in 29ms (user: anonymous)
2026-08-13 00:19:26.044 +04:00 [INF] GET /api/v1/profile responded 200 in 21ms (user: anonymous)
2026-08-13 00:19:37.054 +04:00 [INF] OPTIONS /api/v1/subscriptions responded 204 in 0ms (user: anonymous)
2026-08-13 00:19:37.305 +04:00 [INF] POST /api/v1/subscriptions responded 200 in 243ms (user: anonymous)
2026-08-13 00:19:37.313 +04:00 [INF] OPTIONS /api/v1/profile responded 204 in 0ms (user: anonymous)
2026-08-13 00:19:37.333 +04:00 [INF] PUT /api/v1/profile responded 200 in 15ms (user: anonymous)
2026-08-13 00:19:37.349 +04:00 [INF] GET /api/v1/profile responded 200 in 11ms (user: anonymous)
2026-08-13 00:19:37.356 +04:00 [INF] GET /api/v1/profile responded 200 in 2ms (user: anonymous)
2026-08-13 00:19:40.020 +04:00 [INF] GET /api/v1/profile responded 200 in 6ms (user: anonymous)
2026-08-13 00:19:40.027 +04:00 [INF] GET /api/v1/profile responded 200 in 5ms (user: anonymous)
2026-08-13 00:19:40.033 +04:00 [INF] GET /api/v1/profile responded 200 in 4ms (user: anonymous)
2026-08-13 00:19:40.044 +04:00 [INF] GET /api/v1/profile responded 200 in 8ms (user: anonymous)
2026-08-13 00:19:45.767 +04:00 [INF] OPTIONS /api/v1/profile responded 204 in 0ms (user: anonymous)
2026-08-13 00:19:45.767 +04:00 [INF] OPTIONS /api/v1/profile responded 204 in 0ms (user: anonymous)
2026-08-13 00:19:45.767 +04:00 [INF] OPTIONS /api/v1/profile responded 204 in 0ms (user: anonymous)
2026-08-13 00:19:45.767 +04:00 [INF] OPTIONS /api/v1/profile responded 204 in 0ms (user: anonymous)
2026-08-13 00:19:45.775 +04:00 [INF] GET /api/v1/profile responded 200 in 3ms (user: anonymous)
2026-08-13 00:19:45.782 +04:00 [INF] GET /api/v1/profile responded 200 in 4ms (user: anonymous)
2026-08-13 00:19:45.787 +04:00 [INF] GET /api/v1/profile responded 200 in 3ms (user: anonymous)
2026-08-13 00:19:45.794 +04:00 [INF] GET /api/v1/profile responded 200 in 5ms (user: anonymous)
2026-08-13 00:19:47.348 +04:00 [INF] OPTIONS /api/v1/profile/badges responded 204 in 0ms (user: anonymous)
2026-08-13 00:19:47.348 +04:00 [INF] OPTIONS /api/v1/progress/sessions responded 204 in 0ms (user: anonymous)
2026-08-13 00:19:47.348 +04:00 [INF] OPTIONS /api/v1/progress/achievements responded 204 in 0ms (user: anonymous)
2026-08-13 00:19:47.348 +04:00 [INF] OPTIONS /api/v1/progress/achievements responded 204 in 0ms (user: anonymous)
2026-08-13 00:19:47.349 +04:00 [INF] OPTIONS /api/v1/profile/badges responded 204 in 0ms (user: anonymous)
2026-08-13 00:19:47.350 +04:00 [INF] OPTIONS /api/v1/progress/sessions responded 204 in 0ms (user: anonymous)
2026-08-13 00:19:47.352 +04:00 [INF] GET /api/v1/profile responded 200 in 3ms (user: anonymous)
2026-08-13 00:19:47.354 +04:00 [INF] GET /api/v1/profile/badges responded 404 in 0ms (user: anonymous)
2026-08-13 00:19:47.356 +04:00 [INF] GET /api/v1/progress/sessions responded 404 in 0ms (user: anonymous)
2026-08-13 00:19:47.358 +04:00 [INF] GET /api/v1/profile responded 200 in 3ms (user: anonymous)
2026-08-13 00:19:47.363 +04:00 [INF] GET /api/v1/progress/achievements responded 404 in 0ms (user: anonymous)
2026-08-13 00:19:47.366 +04:00 [INF] GET /api/v1/profile responded 200 in 4ms (user: anonymous)
2026-08-13 00:19:47.371 +04:00 [INF] GET /api/v1/profile responded 200 in 9ms (user: anonymous)
2026-08-13 00:19:47.373 +04:00 [INF] GET /api/v1/profile/badges responded 404 in 0ms (user: anonymous)
2026-08-13 00:19:47.376 +04:00 [INF] GET /api/v1/progress/sessions responded 404 in 0ms (user: anonymous)
2026-08-13 00:19:47.379 +04:00 [INF] GET /api/v1/progress/achievements responded 404 in 0ms (user: anonymous)
2026-08-13 00:19:49.028 +04:00 [INF] GET /api/v1/profile responded 200 in 2ms (user: anonymous)
2026-08-13 00:19:49.034 +04:00 [INF] GET /api/v1/profile responded 200 in 4ms (user: anonymous)
2026-08-13 00:19:49.040 +04:00 [INF] GET /api/v1/profile responded 200 in 3ms (user: anonymous)
2026-08-13 00:19:49.045 +04:00 [INF] GET /api/v1/profile responded 200 in 3ms (user: anonymous)
2026-08-13 00:19:50.846 +04:00 [INF] OPTIONS /api/v1/subscriptions responded 204 in 0ms (user: anonymous)
2026-08-13 00:19:50.897 +04:00 [INF] POST /api/v1/subscriptions responded 200 in 39ms (user: anonymous)
2026-08-13 00:19:50.902 +04:00 [INF] OPTIONS /api/v1/profile responded 204 in 0ms (user: anonymous)
2026-08-13 00:19:50.910 +04:00 [INF] PUT /api/v1/profile responded 200 in 5ms (user: anonymous)
2026-08-13 00:19:50.917 +04:00 [INF] GET /api/v1/profile responded 200 in 2ms (user: anonymous)
2026-08-13 00:19:50.925 +04:00 [INF] GET /api/v1/profile responded 200 in 4ms (user: anonymous)
2026-08-13 00:19:52.282 +04:00 [INF] GET /api/v1/progress/achievements responded 404 in 0ms (user: anonymous)
2026-08-13 00:19:52.282 +04:00 [INF] GET /api/v1/progress/sessions responded 404 in 0ms (user: anonymous)
2026-08-13 00:19:52.282 +04:00 [INF] GET /api/v1/profile/badges responded 404 in 0ms (user: anonymous)
2026-08-13 00:19:52.286 +04:00 [INF] GET /api/v1/profile responded 200 in 5ms (user: anonymous)
2026-08-13 00:19:52.290 +04:00 [INF] GET /api/v1/progress/achievements responded 404 in 0ms (user: anonymous)
2026-08-13 00:19:52.294 +04:00 [INF] GET /api/v1/progress/sessions responded 404 in 0ms (user: anonymous)
2026-08-13 00:19:52.294 +04:00 [INF] GET /api/v1/profile responded 200 in 4ms (user: anonymous)
2026-08-13 00:19:52.297 +04:00 [INF] GET /api/v1/profile/badges responded 404 in 0ms (user: anonymous)
2026-08-13 00:19:52.298 +04:00 [INF] GET /api/v1/profile responded 200 in 3ms (user: anonymous)
2026-08-13 00:19:52.298 +04:00 [INF] GET /api/v1/profile responded 200 in 3ms (user: anonymous)
2026-08-13 00:19:57.183 +04:00 [INF] OPTIONS /api/v1/profile responded 204 in 0ms (user: anonymous)
2026-08-13 00:19:57.183 +04:00 [INF] OPTIONS /api/v1/profile responded 204 in 0ms (user: anonymous)
2026-08-13 00:19:57.183 +04:00 [INF] OPTIONS /api/v1/profile responded 204 in 0ms (user: anonymous)
2026-08-13 00:19:57.183 +04:00 [INF] OPTIONS /api/v1/profile responded 204 in 0ms (user: anonymous)
2026-08-13 00:19:57.194 +04:00 [INF] GET /api/v1/profile responded 200 in 4ms (user: anonymous)
2026-08-13 00:19:57.201 +04:00 [INF] GET /api/v1/profile responded 200 in 5ms (user: anonymous)
2026-08-13 00:19:57.207 +04:00 [INF] GET /api/v1/profile responded 200 in 4ms (user: anonymous)
2026-08-13 00:19:57.214 +04:00 [INF] GET /api/v1/profile responded 200 in 5ms (user: anonymous)
2026-08-13 00:20:05.471 +04:00 [INF] OPTIONS /api/v1/auth/login responded 204 in 0ms (user: anonymous)
2026-08-13 00:20:05.576 +04:00 [INF] POST /api/v1/auth/login responded 200 in 98ms (user: anonymous)
2026-08-13 00:20:05.602 +04:00 [INF] OPTIONS /api/v1/profile responded 204 in 0ms (user: anonymous)
2026-08-13 00:20:05.605 +04:00 [INF] OPTIONS /api/v1/stories responded 204 in 0ms (user: anonymous)
2026-08-13 00:20:05.605 +04:00 [INF] OPTIONS /api/v1/profile responded 204 in 0ms (user: anonymous)
2026-08-13 00:20:05.605 +04:00 [INF] OPTIONS /api/v1/profile responded 204 in 0ms (user: anonymous)
2026-08-13 00:20:05.605 +04:00 [INF] OPTIONS /api/v1/stories responded 204 in 0ms (user: anonymous)
2026-08-13 00:20:05.605 +04:00 [INF] OPTIONS /api/v1/profile responded 204 in 0ms (user: anonymous)
2026-08-13 00:20:05.614 +04:00 [INF] GET /api/v1/profile responded 200 in 5ms (user: anonymous)
2026-08-13 00:20:05.618 +04:00 [INF] GET /api/v1/profile responded 200 in 2ms (user: anonymous)
2026-08-13 00:20:05.626 +04:00 [INF] GET /api/v1/profile responded 200 in 6ms (user: anonymous)
2026-08-13 00:20:05.626 +04:00 [INF] GET /api/v1/profile responded 200 in 5ms (user: anonymous)
2026-08-13 00:20:05.641 +04:00 [INF] GET /uploads/profile-pictures/f7854795c420452884b8c1d60caec115.png responded 304 in 9ms (user: anonymous)
2026-08-13 00:20:05.680 +04:00 [WRN] Compiling a query which loads related collections for more than one collection navigation, either via 'Include' or through projection, but no 'QuerySplittingBehavior' has been configured. By default, Entity Framework will use 'QuerySplittingBehavior.SingleQuery', which can potentially result in slow query performance. See https://go.microsoft.com/fwlink/?linkid=2134277 for more information. To identify the query that's triggering this warning call 'ConfigureWarnings(w => w.Throw(RelationalEventId.MultipleCollectionIncludeWarning))'.
2026-08-13 00:20:05.703 +04:00 [INF] GET /api/v1/stories responded 200 in 92ms (user: anonymous)
2026-08-13 00:20:05.707 +04:00 [INF] GET /api/v1/stories responded 200 in 1ms (user: anonymous)
2026-08-13 00:20:05.729 +04:00 [INF] GET /uploads/story-covers/e362dbad11c44eb2adbfc21ac47c8c13.png responded 304 in 0ms (user: anonymous)
2026-08-13 00:20:05.729 +04:00 [INF] GET /uploads/story-covers/dae6c25b60be4a36b63e4da2428cefc3.png responded 304 in 0ms (user: anonymous)
2026-08-13 00:20:09.296 +04:00 [INF] OPTIONS /api/v1/stories/ff71137a-c796-499b-9a8e-5cc111b19174 responded 204 in 0ms (user: anonymous)
2026-08-13 00:20:09.296 +04:00 [INF] OPTIONS /api/v1/stories/ff71137a-c796-499b-9a8e-5cc111b19174 responded 204 in 0ms (user: anonymous)
2026-08-13 00:20:09.299 +04:00 [INF] GET /api/v1/profile responded 200 in 2ms (user: anonymous)
2026-08-13 00:20:09.303 +04:00 [INF] GET /api/v1/profile responded 200 in 2ms (user: anonymous)
2026-08-13 00:20:09.331 +04:00 [INF] GET /api/v1/stories/ff71137a-c796-499b-9a8e-5cc111b19174 responded 403 in 29ms (user: anonymous)
2026-08-13 00:20:09.335 +04:00 [INF] GET /api/v1/stories/ff71137a-c796-499b-9a8e-5cc111b19174 responded 403 in 2ms (user: anonymous)
2026-08-13 00:20:11.125 +04:00 [INF] OPTIONS /api/v1/profile responded 204 in 0ms (user: anonymous)
2026-08-13 00:20:11.125 +04:00 [INF] OPTIONS /api/v1/profile responded 204 in 0ms (user: anonymous)
2026-08-13 00:20:11.125 +04:00 [INF] OPTIONS /api/v1/profile responded 204 in 0ms (user: anonymous)
2026-08-13 00:20:11.125 +04:00 [INF] OPTIONS /api/v1/profile responded 204 in 0ms (user: anonymous)
2026-08-13 00:20:11.140 +04:00 [INF] GET /api/v1/profile responded 200 in 8ms (user: anonymous)
2026-08-13 00:20:11.145 +04:00 [INF] GET /api/v1/profile responded 200 in 3ms (user: anonymous)
2026-08-13 00:20:11.150 +04:00 [INF] GET /api/v1/profile responded 200 in 3ms (user: anonymous)
2026-08-13 00:20:11.156 +04:00 [INF] GET /api/v1/profile responded 200 in 4ms (user: anonymous)
2026-08-13 00:20:12.793 +04:00 [INF] OPTIONS /api/v1/subscriptions responded 204 in 0ms (user: anonymous)
2026-08-13 00:20:12.815 +04:00 [INF] POST /api/v1/subscriptions responded 200 in 11ms (user: anonymous)
2026-08-13 00:20:12.821 +04:00 [INF] OPTIONS /api/v1/profile responded 204 in 0ms (user: anonymous)
2026-08-13 00:20:12.827 +04:00 [INF] PUT /api/v1/profile responded 200 in 2ms (user: anonymous)
2026-08-13 00:20:12.836 +04:00 [INF] GET /api/v1/profile responded 200 in 3ms (user: anonymous)
2026-08-13 00:20:12.844 +04:00 [INF] GET /api/v1/profile responded 200 in 2ms (user: anonymous)
2026-08-13 00:20:14.010 +04:00 [INF] GET /api/v1/profile responded 200 in 2ms (user: anonymous)
2026-08-13 00:20:14.010 +04:00 [INF] GET /api/v1/stories/ff71137a-c796-499b-9a8e-5cc111b19174 responded 403 in 2ms (user: anonymous)
2026-08-13 00:20:14.014 +04:00 [INF] GET /api/v1/stories/ff71137a-c796-499b-9a8e-5cc111b19174 responded 403 in 2ms (user: anonymous)
2026-08-13 00:20:14.014 +04:00 [INF] GET /api/v1/profile responded 200 in 2ms (user: anonymous)
2026-08-13 00:20:14.682 +04:00 [INF] OPTIONS /api/v1/stories/ff71137a-c796-499b-9a8e-5cc111b19174 responded 204 in 0ms (user: anonymous)
2026-08-13 00:20:14.684 +04:00 [INF] OPTIONS /api/v1/stories/ff71137a-c796-499b-9a8e-5cc111b19174 responded 204 in 0ms (user: anonymous)
2026-08-13 00:20:14.689 +04:00 [INF] GET /api/v1/profile responded 200 in 6ms (user: anonymous)
2026-08-13 00:20:14.696 +04:00 [INF] GET /api/v1/stories/ff71137a-c796-499b-9a8e-5cc111b19174 responded 403 in 3ms (user: anonymous)
2026-08-13 00:20:14.696 +04:00 [INF] GET /api/v1/profile responded 200 in 3ms (user: anonymous)
2026-08-13 00:20:14.701 +04:00 [INF] GET /api/v1/stories/ff71137a-c796-499b-9a8e-5cc111b19174 responded 403 in 2ms (user: anonymous)
2026-08-13 00:20:15.570 +04:00 [INF] OPTIONS /api/v1/story-categories responded 204 in 0ms (user: anonymous)
2026-08-13 00:20:15.570 +04:00 [INF] OPTIONS /api/v1/stories responded 204 in 0ms (user: anonymous)
2026-08-13 00:20:15.570 +04:00 [INF] OPTIONS /api/v1/stories responded 204 in 0ms (user: anonymous)
2026-08-13 00:20:15.570 +04:00 [INF] OPTIONS /api/v1/story-categories responded 204 in 0ms (user: anonymous)
2026-08-13 00:20:15.575 +04:00 [INF] GET /api/v1/profile responded 200 in 4ms (user: anonymous)
2026-08-13 00:20:15.581 +04:00 [INF] GET /api/v1/stories responded 200 in 0ms (user: anonymous)
2026-08-13 00:20:15.582 +04:00 [INF] GET /api/v1/stories responded 200 in 0ms (user: anonymous)
2026-08-13 00:20:15.583 +04:00 [INF] GET /api/v1/profile responded 200 in 3ms (user: anonymous)
2026-08-13 00:20:15.609 +04:00 [INF] GET /api/v1/story-categories responded 200 in 34ms (user: anonymous)
2026-08-13 00:20:15.611 +04:00 [INF] GET /api/v1/story-categories responded 200 in 0ms (user: anonymous)
2026-08-13 00:20:16.665 +04:00 [INF] GET /api/v1/profile responded 200 in 2ms (user: anonymous)
2026-08-13 00:20:16.665 +04:00 [INF] GET /api/v1/stories/ff71137a-c796-499b-9a8e-5cc111b19174 responded 403 in 2ms (user: anonymous)
2026-08-13 00:20:16.671 +04:00 [INF] GET /api/v1/profile responded 200 in 4ms (user: anonymous)
2026-08-13 00:20:16.671 +04:00 [INF] GET /api/v1/stories/ff71137a-c796-499b-9a8e-5cc111b19174 responded 403 in 4ms (user: anonymous)
2026-08-13 00:20:17.857 +04:00 [INF] OPTIONS /api/v1/profile responded 204 in 0ms (user: anonymous)
2026-08-13 00:20:17.857 +04:00 [INF] OPTIONS /api/v1/profile responded 204 in 0ms (user: anonymous)
2026-08-13 00:20:17.858 +04:00 [INF] GET /api/v1/stories responded 200 in 1ms (user: anonymous)
2026-08-13 00:20:17.858 +04:00 [INF] GET /api/v1/story-categories responded 200 in 1ms (user: anonymous)
2026-08-13 00:20:17.861 +04:00 [INF] GET /api/v1/story-categories responded 200 in 0ms (user: anonymous)
2026-08-13 00:20:17.861 +04:00 [INF] GET /api/v1/stories responded 200 in 0ms (user: anonymous)
2026-08-13 00:20:17.865 +04:00 [INF] GET /api/v1/profile responded 200 in 3ms (user: anonymous)
2026-08-13 00:20:17.870 +04:00 [INF] GET /api/v1/profile responded 200 in 3ms (user: anonymous)
2026-08-13 00:20:18.982 +04:00 [INF] GET /api/v1/profile responded 200 in 2ms (user: anonymous)
2026-08-13 00:20:18.982 +04:00 [INF] GET /api/v1/stories/ff71137a-c796-499b-9a8e-5cc111b19174 responded 403 in 1ms (user: anonymous)
2026-08-13 00:20:18.988 +04:00 [INF] GET /api/v1/stories/ff71137a-c796-499b-9a8e-5cc111b19174 responded 403 in 4ms (user: anonymous)
2026-08-13 00:20:18.988 +04:00 [INF] GET /api/v1/profile responded 200 in 4ms (user: anonymous)
2026-08-13 00:21:02.957 +04:00 [WRN] Entity 'Story' has a global query filter defined and is the required end of a relationship with the entity 'Chapter'. This may lead to unexpected results when the required entity is filtered out. Either configure the navigation as optional, or define matching query filters for both entities in the navigation. See https://go.microsoft.com/fwlink/?linkid=2131316 for more information.
2026-08-13 00:21:02.983 +04:00 [WRN] Entity 'Story' has a global query filter defined and is the required end of a relationship with the entity 'DailyStoryReadLog'. This may lead to unexpected results when the required entity is filtered out. Either configure the navigation as optional, or define matching query filters for both entities in the navigation. See https://go.microsoft.com/fwlink/?linkid=2131316 for more information.
2026-08-13 00:21:02.984 +04:00 [WRN] Entity 'Story' has a global query filter defined and is the required end of a relationship with the entity 'FavoriteStory'. This may lead to unexpected results when the required entity is filtered out. Either configure the navigation as optional, or define matching query filters for both entities in the navigation. See https://go.microsoft.com/fwlink/?linkid=2131316 for more information.
2026-08-13 00:21:02.984 +04:00 [WRN] Entity 'Story' has a global query filter defined and is the required end of a relationship with the entity 'QuizAttempt'. This may lead to unexpected results when the required entity is filtered out. Either configure the navigation as optional, or define matching query filters for both entities in the navigation. See https://go.microsoft.com/fwlink/?linkid=2131316 for more information.
2026-08-13 00:21:02.985 +04:00 [WRN] Entity 'Story' has a global query filter defined and is the required end of a relationship with the entity 'ReadingHistory'. This may lead to unexpected results when the required entity is filtered out. Either configure the navigation as optional, or define matching query filters for both entities in the navigation. See https://go.microsoft.com/fwlink/?linkid=2131316 for more information.
2026-08-13 00:21:02.986 +04:00 [WRN] Entity 'Story' has a global query filter defined and is the required end of a relationship with the entity 'RemainingCorrectCounter'. This may lead to unexpected results when the required entity is filtered out. Either configure the navigation as optional, or define matching query filters for both entities in the navigation. See https://go.microsoft.com/fwlink/?linkid=2131316 for more information.
2026-08-13 00:21:02.986 +04:00 [WRN] Entity 'Story' has a global query filter defined and is the required end of a relationship with the entity 'Review'. This may lead to unexpected results when the required entity is filtered out. Either configure the navigation as optional, or define matching query filters for both entities in the navigation. See https://go.microsoft.com/fwlink/?linkid=2131316 for more information.
2026-08-13 00:21:02.987 +04:00 [WRN] Entity 'Story' has a global query filter defined and is the required end of a relationship with the entity 'UserProgress'. This may lead to unexpected results when the required entity is filtered out. Either configure the navigation as optional, or define matching query filters for both entities in the navigation. See https://go.microsoft.com/fwlink/?linkid=2131316 for more information.
2026-08-13 00:21:03.583 +04:00 [INF] Database seeding completed successfully.
2026-08-13 00:21:03.999 +04:00 [INF] GET /swagger/index.html responded 200 in 1ms (user: anonymous)
2026-08-13 00:21:03.999 +04:00 [INF] GET /swagger/index.html responded 200 in 33ms (user: anonymous)
2026-08-13 00:21:03.999 +04:00 [INF] GET /swagger/index.html responded 200 in 6ms (user: anonymous)
2026-08-13 00:21:04.138 +04:00 [INF] GET /swagger/v1/swagger.json responded 200 in 24ms (user: anonymous)
2026-08-13 00:21:04.160 +04:00 [INF] GET /swagger/v1/swagger.json responded 200 in 21ms (user: anonymous)
2026-08-13 00:21:04.197 +04:00 [INF] GET /swagger/v1/swagger.json responded 200 in 34ms (user: anonymous)
2026-08-13 00:21:05.796 +04:00 [INF] OPTIONS /api/v1/stories/ff71137a-c796-499b-9a8e-5cc111b19174 responded 204 in 5ms (user: anonymous)
2026-08-13 00:21:05.796 +04:00 [INF] OPTIONS /api/v1/profile responded 204 in 5ms (user: anonymous)
2026-08-13 00:21:05.796 +04:00 [INF] OPTIONS /api/v1/stories/ff71137a-c796-499b-9a8e-5cc111b19174 responded 204 in 5ms (user: anonymous)
2026-08-13 00:21:05.796 +04:00 [INF] OPTIONS /api/v1/profile responded 204 in 5ms (user: anonymous)
2026-08-13 00:21:06.015 +04:00 [INF] GET /api/v1/profile responded 200 in 205ms (user: anonymous)
2026-08-13 00:21:06.055 +04:00 [INF] GET /api/v1/profile responded 200 in 37ms (user: anonymous)
2026-08-13 00:21:06.057 +04:00 [INF] GET /api/v1/stories/ff71137a-c796-499b-9a8e-5cc111b19174 responded 403 in 247ms (user: anonymous)
2026-08-13 00:21:06.066 +04:00 [INF] GET /api/v1/stories/ff71137a-c796-499b-9a8e-5cc111b19174 responded 403 in 5ms (user: anonymous)
2026-08-13 00:21:06.645 +04:00 [INF] GET /api/v1/profile responded 200 in 40ms (user: anonymous)
2026-08-13 00:21:06.645 +04:00 [INF] GET /api/v1/stories/ff71137a-c796-499b-9a8e-5cc111b19174 responded 403 in 40ms (user: anonymous)
2026-08-13 00:21:06.658 +04:00 [INF] GET /api/v1/stories/ff71137a-c796-499b-9a8e-5cc111b19174 responded 403 in 9ms (user: anonymous)
2026-08-13 00:21:06.658 +04:00 [INF] GET /api/v1/profile responded 200 in 9ms (user: anonymous)
2026-08-13 00:21:06.837 +04:00 [INF] GET /api/v1/stories/ff71137a-c796-499b-9a8e-5cc111b19174 responded 403 in 10ms (user: anonymous)
2026-08-13 00:21:06.837 +04:00 [INF] GET /api/v1/profile responded 200 in 10ms (user: anonymous)
2026-08-13 00:21:06.848 +04:00 [INF] GET /api/v1/stories/ff71137a-c796-499b-9a8e-5cc111b19174 responded 403 in 8ms (user: anonymous)
2026-08-13 00:21:06.849 +04:00 [INF] GET /api/v1/profile responded 200 in 8ms (user: anonymous)
2026-08-13 00:21:07.213 +04:00 [INF] GET /api/v1/stories/ff71137a-c796-499b-9a8e-5cc111b19174 responded 403 in 10ms (user: anonymous)
2026-08-13 00:21:07.214 +04:00 [INF] GET /api/v1/profile responded 200 in 10ms (user: anonymous)
2026-08-13 00:21:07.223 +04:00 [INF] GET /api/v1/stories/ff71137a-c796-499b-9a8e-5cc111b19174 responded 403 in 6ms (user: anonymous)
2026-08-13 00:21:07.223 +04:00 [INF] GET /api/v1/profile responded 200 in 6ms (user: anonymous)
2026-08-13 00:21:07.425 +04:00 [INF] GET /api/v1/stories/ff71137a-c796-499b-9a8e-5cc111b19174 responded 403 in 7ms (user: anonymous)
2026-08-13 00:21:07.425 +04:00 [INF] GET /api/v1/profile responded 200 in 7ms (user: anonymous)
2026-08-13 00:21:07.437 +04:00 [INF] GET /api/v1/profile responded 200 in 10ms (user: anonymous)
2026-08-13 00:21:07.438 +04:00 [INF] GET /api/v1/stories/ff71137a-c796-499b-9a8e-5cc111b19174 responded 403 in 11ms (user: anonymous)
2026-08-13 00:21:07.680 +04:00 [INF] GET /api/v1/profile responded 200 in 5ms (user: anonymous)
2026-08-13 00:21:07.680 +04:00 [INF] GET /api/v1/stories/ff71137a-c796-499b-9a8e-5cc111b19174 responded 403 in 5ms (user: anonymous)
2026-08-13 00:21:07.692 +04:00 [INF] GET /api/v1/profile responded 200 in 9ms (user: anonymous)
2026-08-13 00:21:07.692 +04:00 [INF] GET /api/v1/stories/ff71137a-c796-499b-9a8e-5cc111b19174 responded 403 in 9ms (user: anonymous)
2026-08-13 00:21:07.890 +04:00 [INF] GET /api/v1/stories/ff71137a-c796-499b-9a8e-5cc111b19174 responded 403 in 7ms (user: anonymous)
2026-08-13 00:21:07.890 +04:00 [INF] GET /api/v1/profile responded 200 in 7ms (user: anonymous)
2026-08-13 00:21:07.903 +04:00 [INF] GET /api/v1/profile responded 200 in 10ms (user: anonymous)
2026-08-13 00:21:07.903 +04:00 [INF] GET /api/v1/stories/ff71137a-c796-499b-9a8e-5cc111b19174 responded 403 in 10ms (user: anonymous)
2026-08-13 00:21:08.074 +04:00 [INF] GET /api/v1/stories/ff71137a-c796-499b-9a8e-5cc111b19174 responded 403 in 7ms (user: anonymous)
2026-08-13 00:21:08.074 +04:00 [INF] GET /api/v1/profile responded 200 in 7ms (user: anonymous)
2026-08-13 00:21:08.084 +04:00 [INF] GET /api/v1/stories/ff71137a-c796-499b-9a8e-5cc111b19174 responded 403 in 8ms (user: anonymous)
2026-08-13 00:21:08.084 +04:00 [INF] GET /api/v1/profile responded 200 in 8ms (user: anonymous)
2026-08-13 00:21:08.295 +04:00 [INF] GET /api/v1/stories/ff71137a-c796-499b-9a8e-5cc111b19174 responded 403 in 8ms (user: anonymous)
2026-08-13 00:21:08.295 +04:00 [INF] GET /api/v1/profile responded 200 in 8ms (user: anonymous)
2026-08-13 00:21:08.304 +04:00 [INF] GET /api/v1/stories/ff71137a-c796-499b-9a8e-5cc111b19174 responded 403 in 6ms (user: anonymous)
2026-08-13 00:21:08.304 +04:00 [INF] GET /api/v1/profile responded 200 in 6ms (user: anonymous)
2026-08-13 00:21:08.478 +04:00 [INF] GET /api/v1/stories/ff71137a-c796-499b-9a8e-5cc111b19174 responded 403 in 3ms (user: anonymous)
2026-08-13 00:21:08.478 +04:00 [INF] GET /api/v1/profile responded 200 in 3ms (user: anonymous)
2026-08-13 00:21:08.489 +04:00 [INF] GET /api/v1/stories/ff71137a-c796-499b-9a8e-5cc111b19174 responded 403 in 8ms (user: anonymous)
2026-08-13 00:21:08.490 +04:00 [INF] GET /api/v1/profile responded 200 in 9ms (user: anonymous)
2026-08-13 00:21:08.678 +04:00 [INF] GET /api/v1/stories/ff71137a-c796-499b-9a8e-5cc111b19174 responded 403 in 8ms (user: anonymous)
2026-08-13 00:21:08.678 +04:00 [INF] GET /api/v1/profile responded 200 in 8ms (user: anonymous)
2026-08-13 00:21:08.686 +04:00 [INF] GET /api/v1/profile responded 200 in 6ms (user: anonymous)
2026-08-13 00:21:08.686 +04:00 [INF] GET /api/v1/stories/ff71137a-c796-499b-9a8e-5cc111b19174 responded 403 in 6ms (user: anonymous)
2026-08-13 00:21:11.099 +04:00 [INF] OPTIONS /api/v1/profile responded 204 in 0ms (user: anonymous)
2026-08-13 00:21:11.099 +04:00 [INF] OPTIONS /api/v1/stories/ff71137a-c796-499b-9a8e-5cc111b19174 responded 204 in 0ms (user: anonymous)
2026-08-13 00:21:11.099 +04:00 [INF] OPTIONS /api/v1/stories/ff71137a-c796-499b-9a8e-5cc111b19174 responded 204 in 0ms (user: anonymous)
2026-08-13 00:21:11.099 +04:00 [INF] OPTIONS /api/v1/profile responded 204 in 0ms (user: anonymous)
2026-08-13 00:21:11.122 +04:00 [INF] GET /api/v1/profile responded 200 in 7ms (user: anonymous)
2026-08-13 00:21:11.122 +04:00 [INF] GET /api/v1/stories/ff71137a-c796-499b-9a8e-5cc111b19174 responded 403 in 5ms (user: anonymous)
2026-08-13 00:21:11.129 +04:00 [INF] GET /api/v1/profile responded 200 in 6ms (user: anonymous)
2026-08-13 00:21:11.129 +04:00 [INF] GET /api/v1/stories/ff71137a-c796-499b-9a8e-5cc111b19174 responded 403 in 6ms (user: anonymous)
2026-08-13 00:21:11.342 +04:00 [INF] GET /api/v1/stories/ff71137a-c796-499b-9a8e-5cc111b19174 responded 403 in 3ms (user: anonymous)
2026-08-13 00:21:11.342 +04:00 [INF] GET /api/v1/profile responded 200 in 3ms (user: anonymous)
2026-08-13 00:21:11.350 +04:00 [INF] GET /api/v1/profile responded 200 in 6ms (user: anonymous)
2026-08-13 00:21:11.350 +04:00 [INF] GET /api/v1/stories/ff71137a-c796-499b-9a8e-5cc111b19174 responded 403 in 6ms (user: anonymous)
2026-08-13 00:21:11.537 +04:00 [INF] GET /api/v1/stories/ff71137a-c796-499b-9a8e-5cc111b19174 responded 403 in 3ms (user: anonymous)
2026-08-13 00:21:11.537 +04:00 [INF] GET /api/v1/profile responded 200 in 3ms (user: anonymous)
2026-08-13 00:21:11.545 +04:00 [INF] GET /api/v1/profile responded 200 in 4ms (user: anonymous)
2026-08-13 00:21:11.545 +04:00 [INF] GET /api/v1/stories/ff71137a-c796-499b-9a8e-5cc111b19174 responded 403 in 4ms (user: anonymous)
2026-08-13 00:21:12.258 +04:00 [INF] OPTIONS /api/v1/stories responded 204 in 0ms (user: anonymous)
2026-08-13 00:21:12.258 +04:00 [INF] OPTIONS /api/v1/story-categories responded 204 in 0ms (user: anonymous)
2026-08-13 00:21:12.258 +04:00 [INF] OPTIONS /api/v1/story-categories responded 204 in 0ms (user: anonymous)
2026-08-13 00:21:12.259 +04:00 [INF] OPTIONS /api/v1/stories responded 204 in 0ms (user: anonymous)
2026-08-13 00:21:12.264 +04:00 [INF] GET /api/v1/profile responded 200 in 4ms (user: anonymous)
2026-08-13 00:21:12.269 +04:00 [INF] GET /api/v1/profile responded 200 in 3ms (user: anonymous)
2026-08-13 00:21:12.305 +04:00 [WRN] Compiling a query which loads related collections for more than one collection navigation, either via 'Include' or through projection, but no 'QuerySplittingBehavior' has been configured. By default, Entity Framework will use 'QuerySplittingBehavior.SingleQuery', which can potentially result in slow query performance. See https://go.microsoft.com/fwlink/?linkid=2134277 for more information. To identify the query that's triggering this warning call 'ConfigureWarnings(w => w.Throw(RelationalEventId.MultipleCollectionIncludeWarning))'.
2026-08-13 00:21:12.316 +04:00 [INF] GET /api/v1/story-categories responded 200 in 48ms (user: anonymous)
2026-08-13 00:21:12.320 +04:00 [INF] GET /api/v1/story-categories responded 200 in 1ms (user: anonymous)
2026-08-13 00:21:12.334 +04:00 [INF] GET /api/v1/stories responded 200 in 67ms (user: anonymous)
2026-08-13 00:21:12.336 +04:00 [INF] GET /api/v1/stories responded 200 in 0ms (user: anonymous)
2026-08-13 00:21:13.624 +04:00 [INF] GET /api/v1/stories responded 200 in 1ms (user: anonymous)
2026-08-13 00:21:13.625 +04:00 [INF] GET /api/v1/story-categories responded 200 in 2ms (user: anonymous)
2026-08-13 00:21:13.627 +04:00 [INF] GET /api/v1/stories responded 200 in 1ms (user: anonymous)
2026-08-13 00:21:13.627 +04:00 [INF] GET /api/v1/story-categories responded 200 in 0ms (user: anonymous)
2026-08-13 00:21:13.627 +04:00 [INF] GET /api/v1/profile responded 200 in 4ms (user: anonymous)
2026-08-13 00:21:13.632 +04:00 [INF] GET /api/v1/profile responded 200 in 3ms (user: anonymous)
2026-08-13 00:21:15.559 +04:00 [INF] GET /api/v1/stories responded 200 in 2ms (user: anonymous)
2026-08-13 00:21:15.559 +04:00 [INF] GET /api/v1/story-categories responded 200 in 2ms (user: anonymous)
2026-08-13 00:21:15.562 +04:00 [INF] GET /api/v1/story-categories responded 200 in 0ms (user: anonymous)
2026-08-13 00:21:15.562 +04:00 [INF] GET /api/v1/stories responded 200 in 0ms (user: anonymous)
2026-08-13 00:21:15.563 +04:00 [INF] GET /api/v1/profile responded 200 in 6ms (user: anonymous)
2026-08-13 00:21:15.571 +04:00 [INF] GET /api/v1/profile responded 200 in 4ms (user: anonymous)
2026-08-13 00:21:17.592 +04:00 [INF] OPTIONS /api/v1/profile responded 204 in 0ms (user: anonymous)
2026-08-13 00:21:17.592 +04:00 [INF] OPTIONS /api/v1/profile responded 204 in 0ms (user: anonymous)
2026-08-13 00:21:17.592 +04:00 [INF] OPTIONS /api/v1/profile responded 204 in 0ms (user: anonymous)
2026-08-13 00:21:17.592 +04:00 [INF] OPTIONS /api/v1/profile responded 204 in 0ms (user: anonymous)
2026-08-13 00:21:17.598 +04:00 [INF] GET /api/v1/profile responded 200 in 2ms (user: anonymous)
2026-08-13 00:21:17.605 +04:00 [INF] GET /api/v1/profile responded 200 in 4ms (user: anonymous)
2026-08-13 00:21:17.610 +04:00 [INF] GET /api/v1/profile responded 200 in 3ms (user: anonymous)
2026-08-13 00:21:17.610 +04:00 [INF] GET /api/v1/profile responded 200 in 3ms (user: anonymous)
2026-08-13 00:21:19.349 +04:00 [INF] OPTIONS /api/v1/subscriptions responded 204 in 0ms (user: anonymous)
2026-08-13 00:21:19.505 +04:00 [INF] POST /api/v1/subscriptions responded 200 in 153ms (user: anonymous)
2026-08-13 00:21:19.510 +04:00 [INF] OPTIONS /api/v1/profile responded 204 in 0ms (user: anonymous)
2026-08-13 00:21:19.528 +04:00 [INF] PUT /api/v1/profile responded 200 in 15ms (user: anonymous)
2026-08-13 00:21:19.534 +04:00 [INF] GET /api/v1/profile responded 200 in 1ms (user: anonymous)
2026-08-13 00:21:19.540 +04:00 [INF] GET /api/v1/profile responded 200 in 3ms (user: anonymous)
2026-08-13 00:21:20.246 +04:00 [INF] OPTIONS /api/v1/stories responded 204 in 0ms (user: anonymous)
2026-08-13 00:21:20.246 +04:00 [INF] OPTIONS /api/v1/stories responded 204 in 0ms (user: anonymous)
2026-08-13 00:21:20.246 +04:00 [INF] OPTIONS /api/v1/story-categories responded 204 in 0ms (user: anonymous)
2026-08-13 00:21:20.246 +04:00 [INF] OPTIONS /api/v1/story-categories responded 204 in 0ms (user: anonymous)
2026-08-13 00:21:20.249 +04:00 [INF] GET /api/v1/profile responded 200 in 3ms (user: anonymous)
2026-08-13 00:21:20.250 +04:00 [INF] GET /api/v1/stories responded 200 in 0ms (user: anonymous)
2026-08-13 00:21:20.252 +04:00 [INF] GET /api/v1/stories responded 200 in 0ms (user: anonymous)
2026-08-13 00:21:20.253 +04:00 [INF] GET /api/v1/profile responded 200 in 2ms (user: anonymous)
2026-08-13 00:21:20.255 +04:00 [INF] GET /api/v1/story-categories responded 200 in 0ms (user: anonymous)
2026-08-13 00:21:20.257 +04:00 [INF] GET /api/v1/story-categories responded 200 in 0ms (user: anonymous)
2026-08-13 00:21:22.547 +04:00 [INF] OPTIONS /api/v1/stories/886d3625-3650-4b0b-8052-a9c5ca89a0be responded 204 in 0ms (user: anonymous)
2026-08-13 00:21:22.547 +04:00 [INF] OPTIONS /api/v1/stories/886d3625-3650-4b0b-8052-a9c5ca89a0be responded 204 in 0ms (user: anonymous)
2026-08-13 00:21:22.551 +04:00 [INF] GET /api/v1/profile responded 200 in 3ms (user: anonymous)
2026-08-13 00:21:22.556 +04:00 [INF] GET /api/v1/profile responded 200 in 4ms (user: anonymous)
2026-08-13 00:21:22.558 +04:00 [INF] GET /api/v1/stories/886d3625-3650-4b0b-8052-a9c5ca89a0be responded 403 in 4ms (user: anonymous)
2026-08-13 00:21:22.564 +04:00 [INF] GET /api/v1/stories/886d3625-3650-4b0b-8052-a9c5ca89a0be responded 403 in 3ms (user: anonymous)
2026-08-13 00:21:58.230 +04:00 [WRN] Entity 'Story' has a global query filter defined and is the required end of a relationship with the entity 'Chapter'. This may lead to unexpected results when the required entity is filtered out. Either configure the navigation as optional, or define matching query filters for both entities in the navigation. See https://go.microsoft.com/fwlink/?linkid=2131316 for more information.
2026-08-13 00:21:58.258 +04:00 [WRN] Entity 'Story' has a global query filter defined and is the required end of a relationship with the entity 'DailyStoryReadLog'. This may lead to unexpected results when the required entity is filtered out. Either configure the navigation as optional, or define matching query filters for both entities in the navigation. See https://go.microsoft.com/fwlink/?linkid=2131316 for more information.
2026-08-13 00:21:58.261 +04:00 [WRN] Entity 'Story' has a global query filter defined and is the required end of a relationship with the entity 'FavoriteStory'. This may lead to unexpected results when the required entity is filtered out. Either configure the navigation as optional, or define matching query filters for both entities in the navigation. See https://go.microsoft.com/fwlink/?linkid=2131316 for more information.
2026-08-13 00:21:58.263 +04:00 [WRN] Entity 'Story' has a global query filter defined and is the required end of a relationship with the entity 'QuizAttempt'. This may lead to unexpected results when the required entity is filtered out. Either configure the navigation as optional, or define matching query filters for both entities in the navigation. See https://go.microsoft.com/fwlink/?linkid=2131316 for more information.
2026-08-13 00:21:58.266 +04:00 [WRN] Entity 'Story' has a global query filter defined and is the required end of a relationship with the entity 'ReadingHistory'. This may lead to unexpected results when the required entity is filtered out. Either configure the navigation as optional, or define matching query filters for both entities in the navigation. See https://go.microsoft.com/fwlink/?linkid=2131316 for more information.
2026-08-13 00:21:58.269 +04:00 [WRN] Entity 'Story' has a global query filter defined and is the required end of a relationship with the entity 'RemainingCorrectCounter'. This may lead to unexpected results when the required entity is filtered out. Either configure the navigation as optional, or define matching query filters for both entities in the navigation. See https://go.microsoft.com/fwlink/?linkid=2131316 for more information.
2026-08-13 00:21:58.271 +04:00 [WRN] Entity 'Story' has a global query filter defined and is the required end of a relationship with the entity 'Review'. This may lead to unexpected results when the required entity is filtered out. Either configure the navigation as optional, or define matching query filters for both entities in the navigation. See https://go.microsoft.com/fwlink/?linkid=2131316 for more information.
2026-08-13 00:21:58.272 +04:00 [WRN] Entity 'Story' has a global query filter defined and is the required end of a relationship with the entity 'UserProgress'. This may lead to unexpected results when the required entity is filtered out. Either configure the navigation as optional, or define matching query filters for both entities in the navigation. See https://go.microsoft.com/fwlink/?linkid=2131316 for more information.
2026-08-13 00:21:59.176 +04:00 [INF] Database seeding completed successfully.
2026-08-13 00:22:00.102 +04:00 [INF] GET /swagger/index.html responded 200 in 7ms (user: anonymous)
2026-08-13 00:22:00.103 +04:00 [INF] GET /swagger/index.html responded 200 in 7ms (user: anonymous)
2026-08-13 00:22:00.102 +04:00 [INF] GET /swagger/index.html responded 200 in 89ms (user: anonymous)
2026-08-13 00:22:00.390 +04:00 [INF] GET /swagger/v1/swagger.json responded 200 in 77ms (user: anonymous)
2026-08-13 00:22:00.437 +04:00 [INF] GET /swagger/v1/swagger.json responded 200 in 45ms (user: anonymous)
2026-08-13 00:22:00.489 +04:00 [INF] GET /swagger/v1/swagger.json responded 200 in 53ms (user: anonymous)
2026-08-13 00:22:00.976 +04:00 [INF] OPTIONS /api/v1/stories/886d3625-3650-4b0b-8052-a9c5ca89a0be responded 204 in 3ms (user: anonymous)
2026-08-13 00:22:00.976 +04:00 [INF] OPTIONS /api/v1/profile responded 204 in 3ms (user: anonymous)
2026-08-13 00:22:00.976 +04:00 [INF] OPTIONS /api/v1/stories/886d3625-3650-4b0b-8052-a9c5ca89a0be responded 204 in 3ms (user: anonymous)
2026-08-13 00:22:00.976 +04:00 [INF] OPTIONS /api/v1/profile responded 204 in 3ms (user: anonymous)
2026-08-13 00:22:01.479 +04:00 [INF] GET /api/v1/profile responded 200 in 473ms (user: anonymous)
2026-08-13 00:22:01.643 +04:00 [INF] GET /api/v1/profile responded 200 in 160ms (user: anonymous)
2026-08-13 00:22:01.689 +04:00 [INF] GET /api/v1/stories/886d3625-3650-4b0b-8052-a9c5ca89a0be responded 200 in 683ms (user: anonymous)
2026-08-13 00:22:01.699 +04:00 [INF] GET /api/v1/stories/886d3625-3650-4b0b-8052-a9c5ca89a0be responded 200 in 6ms (user: anonymous)
2026-08-13 00:22:03.359 +04:00 [INF] OPTIONS /api/v1/stories responded 204 in 0ms (user: anonymous)
2026-08-13 00:22:03.359 +04:00 [INF] OPTIONS /api/v1/stories responded 204 in 0ms (user: anonymous)
2026-08-13 00:22:03.359 +04:00 [INF] OPTIONS /api/v1/story-categories responded 204 in 0ms (user: anonymous)
2026-08-13 00:22:03.359 +04:00 [INF] OPTIONS /api/v1/story-categories responded 204 in 0ms (user: anonymous)
2026-08-13 00:22:03.374 +04:00 [INF] GET /api/v1/profile responded 200 in 14ms (user: anonymous)
2026-08-13 00:22:03.385 +04:00 [INF] GET /api/v1/profile responded 200 in 8ms (user: anonymous)
2026-08-13 00:22:03.425 +04:00 [WRN] Compiling a query which loads related collections for more than one collection navigation, either via 'Include' or through projection, but no 'QuerySplittingBehavior' has been configured. By default, Entity Framework will use 'QuerySplittingBehavior.SingleQuery', which can potentially result in slow query performance. See https://go.microsoft.com/fwlink/?linkid=2134277 for more information. To identify the query that's triggering this warning call 'ConfigureWarnings(w => w.Throw(RelationalEventId.MultipleCollectionIncludeWarning))'.
2026-08-13 00:22:03.433 +04:00 [INF] GET /api/v1/story-categories responded 200 in 63ms (user: anonymous)
2026-08-13 00:22:03.436 +04:00 [INF] GET /api/v1/story-categories responded 200 in 1ms (user: anonymous)
2026-08-13 00:22:03.446 +04:00 [INF] GET /api/v1/stories responded 200 in 81ms (user: anonymous)
2026-08-13 00:22:03.450 +04:00 [INF] GET /api/v1/stories responded 200 in 1ms (user: anonymous)
2026-08-13 00:22:06.886 +04:00 [INF] OPTIONS /api/v1/profile responded 204 in 0ms (user: anonymous)
2026-08-13 00:22:06.886 +04:00 [INF] OPTIONS /api/v1/profile responded 204 in 0ms (user: anonymous)
2026-08-13 00:22:06.889 +04:00 [INF] GET /api/v1/story-categories responded 200 in 3ms (user: anonymous)
2026-08-13 00:22:06.889 +04:00 [INF] GET /api/v1/stories responded 200 in 3ms (user: anonymous)
2026-08-13 00:22:06.895 +04:00 [INF] GET /api/v1/story-categories responded 200 in 2ms (user: anonymous)
2026-08-13 00:22:06.895 +04:00 [INF] GET /api/v1/stories responded 200 in 2ms (user: anonymous)
2026-08-13 00:22:06.916 +04:00 [INF] GET /api/v1/profile responded 200 in 13ms (user: anonymous)
2026-08-13 00:22:06.929 +04:00 [INF] GET /api/v1/profile responded 200 in 7ms (user: anonymous)
2026-08-13 00:22:22.413 +04:00 [INF] OPTIONS /api/v1/profile responded 204 in 0ms (user: anonymous)
2026-08-13 00:22:22.413 +04:00 [INF] OPTIONS /api/v1/profile responded 204 in 0ms (user: anonymous)
2026-08-13 00:22:22.413 +04:00 [INF] OPTIONS /api/v1/leaderboard responded 204 in 0ms (user: anonymous)
2026-08-13 00:22:22.413 +04:00 [INF] OPTIONS /api/v1/profile responded 204 in 0ms (user: anonymous)
2026-08-13 00:22:22.413 +04:00 [INF] OPTIONS /api/v1/profile responded 204 in 0ms (user: anonymous)
2026-08-13 00:22:22.413 +04:00 [INF] OPTIONS /api/v1/leaderboard responded 204 in 0ms (user: anonymous)
2026-08-13 00:22:22.421 +04:00 [INF] GET /api/v1/profile responded 200 in 3ms (user: anonymous)
2026-08-13 00:22:22.434 +04:00 [INF] GET /api/v1/profile responded 200 in 10ms (user: anonymous)
2026-08-13 00:22:22.440 +04:00 [INF] GET /api/v1/profile responded 200 in 4ms (user: anonymous)
2026-08-13 00:22:22.440 +04:00 [INF] GET /api/v1/profile responded 200 in 4ms (user: anonymous)
2026-08-13 00:22:22.503 +04:00 [INF] GET /api/v1/leaderboard responded 200 in 79ms (user: anonymous)
2026-08-13 00:22:22.513 +04:00 [INF] GET /api/v1/leaderboard responded 200 in 8ms (user: anonymous)
2026-08-13 00:22:22.521 +04:00 [INF] GET /uploads/profile-pictures/918aa3dd2437495c809d955a58ac1bd9.png responded 304 in 2ms (user: anonymous)
2026-08-13 00:22:42.965 +04:00 [INF] OPTIONS /api/v1/progress/achievements responded 204 in 0ms (user: anonymous)
2026-08-13 00:22:42.965 +04:00 [INF] OPTIONS /api/v1/progress/sessions responded 204 in 0ms (user: anonymous)
2026-08-13 00:22:42.965 +04:00 [INF] OPTIONS /api/v1/profile responded 204 in 0ms (user: anonymous)
2026-08-13 00:22:42.965 +04:00 [INF] OPTIONS /api/v1/profile responded 204 in 0ms (user: anonymous)
2026-08-13 00:22:42.966 +04:00 [INF] OPTIONS /api/v1/profile/badges responded 204 in 0ms (user: anonymous)
2026-08-13 00:22:42.966 +04:00 [INF] OPTIONS /api/v1/profile responded 204 in 0ms (user: anonymous)
2026-08-13 00:22:42.966 +04:00 [INF] OPTIONS /api/v1/profile responded 204 in 0ms (user: anonymous)
2026-08-13 00:22:42.967 +04:00 [INF] OPTIONS /api/v1/progress/achievements responded 204 in 0ms (user: anonymous)
2026-08-13 00:22:42.967 +04:00 [INF] OPTIONS /api/v1/progress/sessions responded 204 in 0ms (user: anonymous)
2026-08-13 00:22:42.968 +04:00 [INF] OPTIONS /api/v1/profile/badges responded 204 in 0ms (user: anonymous)
2026-08-13 00:22:42.972 +04:00 [INF] GET /api/v1/progress/achievements responded 404 in 0ms (user: anonymous)
2026-08-13 00:22:42.973 +04:00 [INF] GET /api/v1/progress/sessions responded 404 in 0ms (user: anonymous)
2026-08-13 00:22:42.981 +04:00 [INF] GET /api/v1/profile/badges responded 404 in 0ms (user: anonymous)
2026-08-13 00:22:42.994 +04:00 [INF] GET /api/v1/profile responded 200 in 18ms (user: anonymous)
2026-08-13 00:22:42.996 +04:00 [INF] GET /api/v1/progress/achievements responded 404 in 0ms (user: anonymous)
2026-08-13 00:22:42.997 +04:00 [INF] GET /api/v1/progress/sessions responded 404 in 0ms (user: anonymous)
2026-08-13 00:22:42.998 +04:00 [INF] GET /api/v1/profile responded 200 in 2ms (user: anonymous)
2026-08-13 00:22:43.000 +04:00 [INF] GET /api/v1/profile/badges responded 404 in 0ms (user: anonymous)
2026-08-13 00:22:43.003 +04:00 [INF] GET /api/v1/profile responded 200 in 4ms (user: anonymous)
2026-08-13 00:22:43.003 +04:00 [INF] GET /api/v1/profile responded 200 in 4ms (user: anonymous)
2026-08-13 00:22:45.318 +04:00 [INF] GET /api/v1/profile responded 200 in 13ms (user: anonymous)
2026-08-13 00:22:45.324 +04:00 [INF] GET /api/v1/profile responded 200 in 4ms (user: anonymous)
2026-08-13 00:22:45.330 +04:00 [INF] GET /api/v1/profile responded 200 in 4ms (user: anonymous)
2026-08-13 00:22:45.344 +04:00 [INF] GET /api/v1/profile responded 200 in 12ms (user: anonymous)
2026-08-13 00:22:55.918 +04:00 [INF] OPTIONS /api/v1/profile responded 204 in 0ms (user: anonymous)
2026-08-13 00:22:55.918 +04:00 [INF] OPTIONS /api/v1/vocabularies responded 204 in 0ms (user: anonymous)
2026-08-13 00:22:55.918 +04:00 [INF] OPTIONS /api/v1/profile responded 204 in 0ms (user: anonymous)
2026-08-13 00:22:55.918 +04:00 [INF] OPTIONS /api/v1/vocabularies responded 204 in 0ms (user: anonymous)
2026-08-13 00:22:55.930 +04:00 [INF] GET /api/v1/profile responded 200 in 5ms (user: anonymous)
2026-08-13 00:22:55.938 +04:00 [INF] GET /api/v1/profile responded 200 in 5ms (user: anonymous)
2026-08-13 00:22:55.980 +04:00 [INF] GET /api/v1/vocabularies responded 200 in 54ms (user: anonymous)
2026-08-13 00:22:55.986 +04:00 [INF] GET /api/v1/vocabularies responded 200 in 4ms (user: anonymous)
2026-08-13 00:22:56.012 +04:00 [INF] GET /api/v1/vocabularies responded 200 in 7ms (user: anonymous)
2026-08-13 00:22:56.028 +04:00 [INF] GET /api/v1/vocabularies responded 200 in 14ms (user: anonymous)
2026-08-13 00:23:23.044 +04:00 [WRN] Entity 'Story' has a global query filter defined and is the required end of a relationship with the entity 'Chapter'. This may lead to unexpected results when the required entity is filtered out. Either configure the navigation as optional, or define matching query filters for both entities in the navigation. See https://go.microsoft.com/fwlink/?linkid=2131316 for more information.
2026-08-13 00:23:23.072 +04:00 [WRN] Entity 'Story' has a global query filter defined and is the required end of a relationship with the entity 'DailyStoryReadLog'. This may lead to unexpected results when the required entity is filtered out. Either configure the navigation as optional, or define matching query filters for both entities in the navigation. See https://go.microsoft.com/fwlink/?linkid=2131316 for more information.
2026-08-13 00:23:23.074 +04:00 [WRN] Entity 'Story' has a global query filter defined and is the required end of a relationship with the entity 'FavoriteStory'. This may lead to unexpected results when the required entity is filtered out. Either configure the navigation as optional, or define matching query filters for both entities in the navigation. See https://go.microsoft.com/fwlink/?linkid=2131316 for more information.
2026-08-13 00:23:23.075 +04:00 [WRN] Entity 'Story' has a global query filter defined and is the required end of a relationship with the entity 'QuizAttempt'. This may lead to unexpected results when the required entity is filtered out. Either configure the navigation as optional, or define matching query filters for both entities in the navigation. See https://go.microsoft.com/fwlink/?linkid=2131316 for more information.
2026-08-13 00:23:23.077 +04:00 [WRN] Entity 'Story' has a global query filter defined and is the required end of a relationship with the entity 'ReadingHistory'. This may lead to unexpected results when the required entity is filtered out. Either configure the navigation as optional, or define matching query filters for both entities in the navigation. See https://go.microsoft.com/fwlink/?linkid=2131316 for more information.
2026-08-13 00:23:23.078 +04:00 [WRN] Entity 'Story' has a global query filter defined and is the required end of a relationship with the entity 'RemainingCorrectCounter'. This may lead to unexpected results when the required entity is filtered out. Either configure the navigation as optional, or define matching query filters for both entities in the navigation. See https://go.microsoft.com/fwlink/?linkid=2131316 for more information.
2026-08-13 00:23:23.080 +04:00 [WRN] Entity 'Story' has a global query filter defined and is the required end of a relationship with the entity 'Review'. This may lead to unexpected results when the required entity is filtered out. Either configure the navigation as optional, or define matching query filters for both entities in the navigation. See https://go.microsoft.com/fwlink/?linkid=2131316 for more information.
2026-08-13 00:23:23.081 +04:00 [WRN] Entity 'Story' has a global query filter defined and is the required end of a relationship with the entity 'UserProgress'. This may lead to unexpected results when the required entity is filtered out. Either configure the navigation as optional, or define matching query filters for both entities in the navigation. See https://go.microsoft.com/fwlink/?linkid=2131316 for more information.
2026-08-13 00:23:23.723 +04:00 [INF] Database seeding completed successfully.
2026-08-13 00:23:24.111 +04:00 [INF] GET /swagger/index.html responded 200 in 1ms (user: anonymous)
2026-08-13 00:23:24.111 +04:00 [INF] GET /swagger/index.html responded 200 in 39ms (user: anonymous)
2026-08-13 00:23:24.113 +04:00 [INF] GET /swagger/index.html responded 200 in 1ms (user: anonymous)
2026-08-13 00:23:24.245 +04:00 [INF] GET /swagger/v1/swagger.json responded 200 in 30ms (user: anonymous)
2026-08-13 00:23:24.270 +04:00 [INF] GET /swagger/v1/swagger.json responded 200 in 23ms (user: anonymous)
2026-08-13 00:23:24.282 +04:00 [INF] GET /swagger/v1/swagger.json responded 200 in 13ms (user: anonymous)
