2026-08-15 12:32:20.403 +04:00 [WRN] Entity 'Story' has a global query filter defined and is the required end of a relationship with the entity 'Chapter'. This may lead to unexpected results when the required entity is filtered out. Either configure the navigation as optional, or define matching query filters for both entities in the navigation. See https://go.microsoft.com/fwlink/?linkid=2131316 for more information.
2026-08-15 12:32:20.435 +04:00 [WRN] Entity 'Story' has a global query filter defined and is the required end of a relationship with the entity 'DailyStoryReadLog'. This may lead to unexpected results when the required entity is filtered out. Either configure the navigation as optional, or define matching query filters for both entities in the navigation. See https://go.microsoft.com/fwlink/?linkid=2131316 for more information.
2026-08-15 12:32:20.438 +04:00 [WRN] Entity 'Story' has a global query filter defined and is the required end of a relationship with the entity 'FavoriteStory'. This may lead to unexpected results when the required entity is filtered out. Either configure the navigation as optional, or define matching query filters for both entities in the navigation. See https://go.microsoft.com/fwlink/?linkid=2131316 for more information.
2026-08-15 12:32:20.444 +04:00 [WRN] Entity 'Story' has a global query filter defined and is the required end of a relationship with the entity 'QuizAttempt'. This may lead to unexpected results when the required entity is filtered out. Either configure the navigation as optional, or define matching query filters for both entities in the navigation. See https://go.microsoft.com/fwlink/?linkid=2131316 for more information.
2026-08-15 12:32:20.446 +04:00 [WRN] Entity 'Story' has a global query filter defined and is the required end of a relationship with the entity 'ReadingHistory'. This may lead to unexpected results when the required entity is filtered out. Either configure the navigation as optional, or define matching query filters for both entities in the navigation. See https://go.microsoft.com/fwlink/?linkid=2131316 for more information.
2026-08-15 12:32:20.447 +04:00 [WRN] Entity 'Story' has a global query filter defined and is the required end of a relationship with the entity 'RemainingCorrectCounter'. This may lead to unexpected results when the required entity is filtered out. Either configure the navigation as optional, or define matching query filters for both entities in the navigation. See https://go.microsoft.com/fwlink/?linkid=2131316 for more information.
2026-08-15 12:32:20.449 +04:00 [WRN] Entity 'Story' has a global query filter defined and is the required end of a relationship with the entity 'Review'. This may lead to unexpected results when the required entity is filtered out. Either configure the navigation as optional, or define matching query filters for both entities in the navigation. See https://go.microsoft.com/fwlink/?linkid=2131316 for more information.
2026-08-15 12:32:20.451 +04:00 [WRN] Entity 'Story' has a global query filter defined and is the required end of a relationship with the entity 'UserProgress'. This may lead to unexpected results when the required entity is filtered out. Either configure the navigation as optional, or define matching query filters for both entities in the navigation. See https://go.microsoft.com/fwlink/?linkid=2131316 for more information.
2026-08-15 12:32:22.384 +04:00 [INF] Database seeding completed successfully.
2026-08-15 12:32:23.413 +04:00 [INF] GET /swagger responded 301 in 3ms (user: anonymous)
2026-08-15 12:32:23.469 +04:00 [INF] GET /swagger/index.html responded 200 in 36ms (user: anonymous)
2026-08-15 12:32:23.766 +04:00 [INF] GET /swagger/v1/swagger.json responded 200 in 23ms (user: anonymous)
2026-08-15 12:38:29.055 +04:00 [INF] OPTIONS /api/v1/auth/login responded 204 in 2ms (user: anonymous)
2026-08-15 12:38:29.225 +04:00 [INF] POST /api/v1/auth/login responded 400 in 151ms (user: anonymous)
2026-08-15 12:38:37.419 +04:00 [INF] OPTIONS /api/v1/auth/login responded 204 in 0ms (user: anonymous)
2026-08-15 12:38:37.721 +04:00 [INF] POST /api/v1/auth/login responded 200 in 293ms (user: anonymous)
2026-08-15 12:38:37.758 +04:00 [INF] OPTIONS /api/v1/profile responded 204 in 0ms (user: anonymous)
2026-08-15 12:38:37.763 +04:00 [INF] OPTIONS /api/v1/stories responded 204 in 0ms (user: anonymous)
2026-08-15 12:38:37.763 +04:00 [INF] OPTIONS /api/v1/profile responded 204 in 0ms (user: anonymous)
2026-08-15 12:38:37.763 +04:00 [INF] OPTIONS /api/v1/profile responded 204 in 0ms (user: anonymous)
2026-08-15 12:38:37.763 +04:00 [INF] OPTIONS /api/v1/stories responded 204 in 0ms (user: anonymous)
2026-08-15 12:38:37.764 +04:00 [INF] OPTIONS /api/v1/profile responded 204 in 0ms (user: anonymous)
2026-08-15 12:38:37.949 +04:00 [WRN] Compiling a query which loads related collections for more than one collection navigation, either via 'Include' or through projection, but no 'QuerySplittingBehavior' has been configured. By default, Entity Framework will use 'QuerySplittingBehavior.SingleQuery', which can potentially result in slow query performance. See https://go.microsoft.com/fwlink/?linkid=2134277 for more information. To identify the query that's triggering this warning call 'ConfigureWarnings(w => w.Throw(RelationalEventId.MultipleCollectionIncludeWarning))'.
2026-08-15 12:38:37.982 +04:00 [INF] GET /api/v1/profile responded 200 in 215ms (user: anonymous)
2026-08-15 12:38:38.005 +04:00 [INF] GET /uploads/profile-pictures/f7854795c420452884b8c1d60caec115.png responded 304 in 5ms (user: anonymous)
2026-08-15 12:38:38.012 +04:00 [INF] GET /api/v1/profile responded 200 in 27ms (user: anonymous)
2026-08-15 12:38:38.016 +04:00 [INF] GET /api/v1/stories responded 200 in 244ms (user: anonymous)
2026-08-15 12:38:38.020 +04:00 [INF] GET /api/v1/stories responded 200 in 1ms (user: anonymous)
2026-08-15 12:38:38.038 +04:00 [INF] GET /api/v1/profile responded 200 in 24ms (user: anonymous)
2026-08-15 12:38:38.058 +04:00 [INF] GET /uploads/story-covers/9115ea7c325b4aff948ba6955fb48166.png responded 304 in 0ms (user: anonymous)
2026-08-15 12:38:38.058 +04:00 [INF] GET /uploads/story-covers/e362dbad11c44eb2adbfc21ac47c8c13.png responded 304 in 0ms (user: anonymous)
2026-08-15 12:38:38.058 +04:00 [INF] GET /uploads/story-covers/dae6c25b60be4a36b63e4da2428cefc3.png responded 304 in 0ms (user: anonymous)
2026-08-15 12:38:38.058 +04:00 [INF] GET /uploads/story-covers/c0bc5126a8c84930a0ab6bc8e1fb5b1d.png responded 304 in 0ms (user: anonymous)
2026-08-15 12:38:38.062 +04:00 [INF] GET /api/v1/profile responded 200 in 21ms (user: anonymous)
2026-08-15 12:38:41.210 +04:00 [INF] OPTIONS /api/v1/stories/ff71137a-c796-499b-9a8e-5cc111b19174 responded 204 in 0ms (user: anonymous)
2026-08-15 12:38:41.210 +04:00 [INF] OPTIONS /api/v1/stories/ff71137a-c796-499b-9a8e-5cc111b19174 responded 204 in 0ms (user: anonymous)
2026-08-15 12:38:41.233 +04:00 [INF] GET /api/v1/profile responded 200 in 23ms (user: anonymous)
2026-08-15 12:38:41.242 +04:00 [INF] GET /api/v1/profile responded 200 in 6ms (user: anonymous)
2026-08-15 12:38:41.330 +04:00 [INF] GET /api/v1/stories/ff71137a-c796-499b-9a8e-5cc111b19174 responded 200 in 109ms (user: anonymous)
2026-08-15 12:38:41.335 +04:00 [INF] GET /api/v1/stories/ff71137a-c796-499b-9a8e-5cc111b19174 responded 200 in 2ms (user: anonymous)
2026-08-15 12:38:42.438 +04:00 [INF] GET /api/v1/stories responded 200 in 1ms (user: anonymous)
2026-08-15 12:38:42.443 +04:00 [INF] GET /api/v1/stories responded 200 in 2ms (user: anonymous)
2026-08-15 12:38:42.460 +04:00 [INF] GET /api/v1/profile responded 200 in 23ms (user: anonymous)
2026-08-15 12:38:42.467 +04:00 [INF] GET /api/v1/profile responded 200 in 4ms (user: anonymous)
2026-08-15 12:38:42.473 +04:00 [INF] GET /api/v1/profile responded 200 in 5ms (user: anonymous)
2026-08-15 12:38:42.474 +04:00 [INF] GET /api/v1/profile responded 200 in 5ms (user: anonymous)
2026-08-15 12:38:48.650 +04:00 [INF] OPTIONS /api/v1/profile responded 204 in 0ms (user: anonymous)
2026-08-15 12:38:48.650 +04:00 [INF] OPTIONS /api/v1/profile responded 204 in 0ms (user: anonymous)
2026-08-15 12:38:48.650 +04:00 [INF] OPTIONS /api/v1/profile responded 204 in 0ms (user: anonymous)
2026-08-15 12:38:48.650 +04:00 [INF] OPTIONS /api/v1/profile responded 204 in 0ms (user: anonymous)
2026-08-15 12:38:48.685 +04:00 [INF] GET /api/v1/profile responded 200 in 25ms (user: anonymous)
2026-08-15 12:38:48.696 +04:00 [INF] GET /api/v1/profile responded 200 in 7ms (user: anonymous)
2026-08-15 12:38:48.704 +04:00 [INF] GET /api/v1/profile responded 200 in 4ms (user: anonymous)
2026-08-15 12:38:48.714 +04:00 [INF] GET /api/v1/profile responded 200 in 8ms (user: anonymous)
2026-08-15 12:38:55.147 +04:00 [INF] OPTIONS /api/v1/progress/achievements responded 204 in 0ms (user: anonymous)
2026-08-15 12:38:55.147 +04:00 [INF] OPTIONS /api/v1/progress/sessions responded 204 in 0ms (user: anonymous)
2026-08-15 12:38:55.147 +04:00 [INF] OPTIONS /api/v1/profile/badges responded 204 in 0ms (user: anonymous)
2026-08-15 12:38:55.147 +04:00 [INF] OPTIONS /api/v1/profile responded 204 in 0ms (user: anonymous)
2026-08-15 12:38:55.147 +04:00 [INF] OPTIONS /api/v1/profile responded 204 in 0ms (user: anonymous)
2026-08-15 12:38:55.147 +04:00 [INF] OPTIONS /api/v1/profile responded 204 in 0ms (user: anonymous)
2026-08-15 12:38:55.197 +04:00 [INF] GET /api/v1/profile responded 200 in 16ms (user: anonymous)
2026-08-15 12:38:55.148 +04:00 [INF] OPTIONS /api/v1/progress/achievements responded 204 in 0ms (user: anonymous)
2026-08-15 12:38:55.148 +04:00 [INF] OPTIONS /api/v1/profile/badges responded 204 in 0ms (user: anonymous)
2026-08-15 12:38:55.148 +04:00 [INF] OPTIONS /api/v1/progress/sessions responded 204 in 0ms (user: anonymous)
2026-08-15 12:38:55.163 +04:00 [INF] GET /api/v1/progress/achievements responded 404 in 0ms (user: anonymous)
2026-08-15 12:38:55.164 +04:00 [INF] GET /api/v1/progress/sessions responded 404 in 0ms (user: anonymous)
2026-08-15 12:38:55.174 +04:00 [INF] GET /api/v1/profile/badges responded 404 in 1ms (user: anonymous)
2026-08-15 12:38:55.147 +04:00 [INF] OPTIONS /api/v1/profile responded 204 in 0ms (user: anonymous)
2026-08-15 12:38:55.203 +04:00 [INF] GET /api/v1/profile responded 200 in 4ms (user: anonymous)
2026-08-15 12:38:55.209 +04:00 [INF] GET /api/v1/profile responded 200 in 4ms (user: anonymous)
2026-08-15 12:38:55.245 +04:00 [INF] GET /api/v1/progress/achievements responded 404 in 0ms (user: anonymous)
2026-08-15 12:38:55.256 +04:00 [INF] GET /api/v1/progress/sessions responded 404 in 0ms (user: anonymous)
2026-08-15 12:38:55.262 +04:00 [INF] GET /api/v1/profile/badges responded 404 in 0ms (user: anonymous)
2026-08-15 12:38:55.282 +04:00 [INF] GET /api/v1/profile responded 200 in 6ms (user: anonymous)
2026-08-15 12:38:58.612 +04:00 [INF] OPTIONS /api/v1/leaderboard responded 204 in 0ms (user: anonymous)
2026-08-15 12:38:58.612 +04:00 [INF] OPTIONS /api/v1/leaderboard responded 204 in 0ms (user: anonymous)
2026-08-15 12:38:58.631 +04:00 [INF] GET /api/v1/profile responded 200 in 18ms (user: anonymous)
2026-08-15 12:38:58.637 +04:00 [INF] GET /api/v1/profile responded 200 in 4ms (user: anonymous)
2026-08-15 12:38:58.643 +04:00 [INF] GET /api/v1/profile responded 200 in 5ms (user: anonymous)
2026-08-15 12:38:58.643 +04:00 [INF] GET /api/v1/profile responded 200 in 5ms (user: anonymous)
2026-08-15 12:38:58.702 +04:00 [INF] GET /api/v1/leaderboard responded 200 in 77ms (user: anonymous)
2026-08-15 12:38:58.713 +04:00 [INF] GET /api/v1/leaderboard responded 200 in 9ms (user: anonymous)
2026-08-15 12:38:58.724 +04:00 [INF] GET /uploads/profile-pictures/918aa3dd2437495c809d955a58ac1bd9.png responded 200 in 5ms (user: anonymous)
2026-08-15 12:39:06.803 +04:00 [INF] OPTIONS /api/v1/progress/achievements responded 204 in 0ms (user: anonymous)
2026-08-15 12:39:06.803 +04:00 [INF] OPTIONS /api/v1/profile responded 204 in 0ms (user: anonymous)
2026-08-15 12:39:06.803 +04:00 [INF] OPTIONS /api/v1/profile responded 204 in 0ms (user: anonymous)
2026-08-15 12:39:06.803 +04:00 [INF] OPTIONS /api/v1/profile responded 204 in 0ms (user: anonymous)
2026-08-15 12:39:06.803 +04:00 [INF] OPTIONS /api/v1/profile responded 204 in 0ms (user: anonymous)
2026-08-15 12:39:06.803 +04:00 [INF] OPTIONS /api/v1/profile/badges responded 204 in 0ms (user: anonymous)
2026-08-15 12:39:06.803 +04:00 [INF] OPTIONS /api/v1/profile/badges responded 204 in 0ms (user: anonymous)
2026-08-15 12:39:06.803 +04:00 [INF] OPTIONS /api/v1/progress/achievements responded 204 in 0ms (user: anonymous)
2026-08-15 12:39:06.803 +04:00 [INF] OPTIONS /api/v1/progress/sessions responded 204 in 0ms (user: anonymous)
2026-08-15 12:39:06.803 +04:00 [INF] OPTIONS /api/v1/progress/sessions responded 204 in 0ms (user: anonymous)
2026-08-15 12:39:06.808 +04:00 [INF] GET /api/v1/progress/achievements responded 404 in 0ms (user: anonymous)
2026-08-15 12:39:06.823 +04:00 [INF] GET /api/v1/profile/badges responded 404 in 0ms (user: anonymous)
2026-08-15 12:39:06.830 +04:00 [INF] GET /api/v1/profile responded 200 in 19ms (user: anonymous)
2026-08-15 12:39:06.835 +04:00 [INF] GET /api/v1/progress/sessions responded 404 in 0ms (user: anonymous)
2026-08-15 12:39:06.837 +04:00 [INF] GET /api/v1/profile responded 200 in 2ms (user: anonymous)
2026-08-15 12:39:06.841 +04:00 [INF] GET /api/v1/progress/achievements responded 404 in 0ms (user: anonymous)
2026-08-15 12:39:06.842 +04:00 [INF] GET /api/v1/profile responded 200 in 4ms (user: anonymous)
2026-08-15 12:39:06.842 +04:00 [INF] GET /api/v1/profile responded 200 in 4ms (user: anonymous)
2026-08-15 12:39:06.843 +04:00 [INF] GET /api/v1/profile/badges responded 404 in 0ms (user: anonymous)
2026-08-15 12:39:06.849 +04:00 [INF] GET /api/v1/progress/sessions responded 404 in 0ms (user: anonymous)
2026-08-15 12:39:07.799 +04:00 [INF] GET /api/v1/profile responded 200 in 14ms (user: anonymous)
2026-08-15 12:39:07.808 +04:00 [INF] GET /api/v1/profile responded 200 in 6ms (user: anonymous)
2026-08-15 12:39:07.817 +04:00 [INF] GET /api/v1/profile responded 200 in 7ms (user: anonymous)
2026-08-15 12:39:07.827 +04:00 [INF] GET /api/v1/profile responded 200 in 7ms (user: anonymous)
2026-08-15 12:39:09.628 +04:00 [INF] OPTIONS /api/v1/story-categories responded 204 in 0ms (user: anonymous)
2026-08-15 12:39:09.628 +04:00 [INF] OPTIONS /api/v1/stories responded 204 in 0ms (user: anonymous)
2026-08-15 12:39:09.628 +04:00 [INF] OPTIONS /api/v1/stories responded 204 in 0ms (user: anonymous)
2026-08-15 12:39:09.628 +04:00 [INF] OPTIONS /api/v1/story-categories responded 204 in 0ms (user: anonymous)
2026-08-15 12:39:09.640 +04:00 [INF] GET /api/v1/stories responded 200 in 1ms (user: anonymous)
2026-08-15 12:39:09.643 +04:00 [INF] GET /api/v1/stories responded 200 in 1ms (user: anonymous)
2026-08-15 12:39:09.649 +04:00 [INF] GET /api/v1/profile responded 200 in 21ms (user: anonymous)
2026-08-15 12:39:09.655 +04:00 [INF] GET /api/v1/profile responded 200 in 3ms (user: anonymous)
2026-08-15 12:39:09.671 +04:00 [INF] GET /api/v1/story-categories responded 200 in 37ms (user: anonymous)
2026-08-15 12:39:09.673 +04:00 [INF] GET /api/v1/story-categories responded 200 in 1ms (user: anonymous)
2026-08-15 12:39:11.857 +04:00 [INF] OPTIONS /api/v1/stories/ff71137a-c796-499b-9a8e-5cc111b19174 responded 204 in 0ms (user: anonymous)
2026-08-15 12:39:11.857 +04:00 [INF] OPTIONS /api/v1/profile responded 204 in 0ms (user: anonymous)
2026-08-15 12:39:11.857 +04:00 [INF] OPTIONS /api/v1/profile responded 204 in 0ms (user: anonymous)
2026-08-15 12:39:11.857 +04:00 [INF] OPTIONS /api/v1/stories/ff71137a-c796-499b-9a8e-5cc111b19174 responded 204 in 0ms (user: anonymous)
2026-08-15 12:39:11.875 +04:00 [INF] GET /api/v1/stories/ff71137a-c796-499b-9a8e-5cc111b19174 responded 200 in 7ms (user: anonymous)
2026-08-15 12:39:11.887 +04:00 [INF] GET /api/v1/stories/ff71137a-c796-499b-9a8e-5cc111b19174 responded 200 in 5ms (user: anonymous)
2026-08-15 12:39:11.892 +04:00 [INF] GET /api/v1/profile responded 200 in 15ms (user: anonymous)
2026-08-15 12:39:11.917 +04:00 [INF] GET /api/v1/profile responded 200 in 23ms (user: anonymous)
2026-08-15 12:39:13.692 +04:00 [INF] GET /api/v1/stories/ff71137a-c796-499b-9a8e-5cc111b19174 responded 200 in 6ms (user: anonymous)
2026-08-15 12:39:13.697 +04:00 [INF] GET /api/v1/stories/ff71137a-c796-499b-9a8e-5cc111b19174 responded 200 in 3ms (user: anonymous)
2026-08-15 12:39:13.709 +04:00 [INF] GET /api/v1/profile responded 200 in 23ms (user: anonymous)
2026-08-15 12:39:13.715 +04:00 [INF] GET /api/v1/profile responded 200 in 3ms (user: anonymous)
2026-08-15 12:39:13.719 +04:00 [INF] GET /api/v1/profile responded 200 in 2ms (user: anonymous)
2026-08-15 12:39:13.721 +04:00 [INF] GET /api/v1/profile responded 200 in 4ms (user: anonymous)
2026-08-15 12:39:13.727 +04:00 [INF] OPTIONS /api/v1/progress responded 204 in 0ms (user: anonymous)
2026-08-15 12:39:13.736 +04:00 [INF] OPTIONS /api/v1/progress responded 204 in 0ms (user: anonymous)
2026-08-15 12:39:13.736 +04:00 [INF] OPTIONS /api/v1/progress responded 204 in 0ms (user: anonymous)
2026-08-15 12:39:13.821 +04:00 [INF] POST /api/v1/progress responded 200 in 70ms (user: anonymous)
2026-08-15 12:39:13.831 +04:00 [INF] OPTIONS /api/v1/progress/reading-history responded 204 in 0ms (user: anonymous)
2026-08-15 12:39:13.844 +04:00 [ERR] An exception occurred in the database while saving changes for context type 'EnglishLearningPlatform.Persistence.Context.ApplicationDbContext'.
Microsoft.EntityFrameworkCore.DbUpdateException: An error occurred while saving the entity changes. See the inner exception for details.
 ---> Microsoft.Data.SqlClient.SqlException (0x80131904): Cannot insert duplicate key row in object 'dbo.UserProgresses' with unique index 'IX_UserProgresses_AppUserId_StoryId'. The duplicate key value is (006f3060-3635-4427-59b4-08def7de3b5b, ff71137a-c796-499b-9a8e-5cc111b19174).
   at Microsoft.Data.SqlClient.SqlConnection.OnError(SqlException exception, Boolean breakConnection, Action`1 wrapCloseInAction)
   at Microsoft.Data.SqlClient.SqlInternalConnection.OnError(SqlException exception, Boolean breakConnection, Action`1 wrapCloseInAction)
   at Microsoft.Data.SqlClient.TdsParser.ThrowExceptionAndWarning(TdsParserStateObject stateObj, SqlCommand command, Boolean callerHasConnectionLock, Boolean asyncClose)
   at Microsoft.Data.SqlClient.TdsParser.TryRun(RunBehavior runBehavior, SqlCommand cmdHandler, SqlDataReader dataStream, BulkCopySimpleResultSet bulkCopyHandler, TdsParserStateObject stateObj, Boolean& dataReady)
   at Microsoft.Data.SqlClient.SqlDataReader.TryHasMoreRows(Boolean& moreRows)
   at Microsoft.Data.SqlClient.SqlDataReader.TryHasMoreResults(Boolean& moreResults)
   at Microsoft.Data.SqlClient.SqlDataReader.TryNextResult(Boolean& more)
   at Microsoft.Data.SqlClient.SqlDataReader.NextResultAsyncExecute(Task task, Object state)
   at Microsoft.Data.SqlClient.SqlDataReader.InvokeAsyncCall[T](SqlDataReaderBaseAsyncCallContext`1 context)
--- End of stack trace from previous location ---
   at Microsoft.EntityFrameworkCore.Update.AffectedCountModificationCommandBatch.ConsumeAsync(RelationalDataReader reader, CancellationToken cancellationToken)
ClientConnectionId:fd0b5435-28f3-49f5-b1b8-e6291b20d2be
Error Number:2601,State:1,Class:14
   --- End of inner exception stack trace ---
   at Microsoft.EntityFrameworkCore.Update.AffectedCountModificationCommandBatch.ConsumeAsync(RelationalDataReader reader, CancellationToken cancellationToken)
   at Microsoft.EntityFrameworkCore.Update.ReaderModificationCommandBatch.ExecuteAsync(IRelationalConnection connection, CancellationToken cancellationToken)
   at Microsoft.EntityFrameworkCore.Update.ReaderModificationCommandBatch.ExecuteAsync(IRelationalConnection connection, CancellationToken cancellationToken)
   at Microsoft.EntityFrameworkCore.SqlServer.Update.Internal.SqlServerModificationCommandBatch.ExecuteAsync(IRelationalConnection connection, CancellationToken cancellationToken)
   at Microsoft.EntityFrameworkCore.Update.Internal.BatchExecutor.ExecuteAsync(IEnumerable`1 commandBatches, IRelationalConnection connection, CancellationToken cancellationToken)
   at Microsoft.EntityFrameworkCore.Update.Internal.BatchExecutor.ExecuteAsync(IEnumerable`1 commandBatches, IRelationalConnection connection, CancellationToken cancellationToken)
   at Microsoft.EntityFrameworkCore.Update.Internal.BatchExecutor.ExecuteAsync(IEnumerable`1 commandBatches, IRelationalConnection connection, CancellationToken cancellationToken)
   at Microsoft.EntityFrameworkCore.ChangeTracking.Internal.StateManager.SaveChangesAsync(IList`1 entriesToSave, CancellationToken cancellationToken)
   at Microsoft.EntityFrameworkCore.ChangeTracking.Internal.StateManager.SaveChangesAsync(StateManager stateManager, Boolean acceptAllChangesOnSuccess, CancellationToken cancellationToken)
   at Microsoft.EntityFrameworkCore.Storage.ExecutionStrategy.<>c__DisplayClass30_0`2.<<ExecuteAsync>b__0>d.MoveNext()
--- End of stack trace from previous location ---
   at Microsoft.EntityFrameworkCore.Storage.ExecutionStrategy.ExecuteImplementationAsync[TState,TResult](Func`4 operation, Func`4 verifySucceeded, TState state, CancellationToken cancellationToken)
   at Microsoft.EntityFrameworkCore.Storage.ExecutionStrategy.ExecuteImplementationAsync[TState,TResult](Func`4 operation, Func`4 verifySucceeded, TState state, CancellationToken cancellationToken)
   at Microsoft.EntityFrameworkCore.Storage.ExecutionStrategy.ExecuteAsync[TState,TResult](TState state, Func`4 operation, Func`4 verifySucceeded, CancellationToken cancellationToken)
   at Microsoft.EntityFrameworkCore.DbContext.SaveChangesAsync(Boolean acceptAllChangesOnSuccess, CancellationToken cancellationToken)
Microsoft.EntityFrameworkCore.DbUpdateException: An error occurred while saving the entity changes. See the inner exception for details.
 ---> Microsoft.Data.SqlClient.SqlException (0x80131904): Cannot insert duplicate key row in object 'dbo.UserProgresses' with unique index 'IX_UserProgresses_AppUserId_StoryId'. The duplicate key value is (006f3060-3635-4427-59b4-08def7de3b5b, ff71137a-c796-499b-9a8e-5cc111b19174).
   at Microsoft.Data.SqlClient.SqlConnection.OnError(SqlException exception, Boolean breakConnection, Action`1 wrapCloseInAction)
   at Microsoft.Data.SqlClient.SqlInternalConnection.OnError(SqlException exception, Boolean breakConnection, Action`1 wrapCloseInAction)
   at Microsoft.Data.SqlClient.TdsParser.ThrowExceptionAndWarning(TdsParserStateObject stateObj, SqlCommand command, Boolean callerHasConnectionLock, Boolean asyncClose)
   at Microsoft.Data.SqlClient.TdsParser.TryRun(RunBehavior runBehavior, SqlCommand cmdHandler, SqlDataReader dataStream, BulkCopySimpleResultSet bulkCopyHandler, TdsParserStateObject stateObj, Boolean& dataReady)
   at Microsoft.Data.SqlClient.SqlDataReader.TryHasMoreRows(Boolean& moreRows)
   at Microsoft.Data.SqlClient.SqlDataReader.TryHasMoreResults(Boolean& moreResults)
   at Microsoft.Data.SqlClient.SqlDataReader.TryNextResult(Boolean& more)
   at Microsoft.Data.SqlClient.SqlDataReader.NextResultAsyncExecute(Task task, Object state)
   at Microsoft.Data.SqlClient.SqlDataReader.InvokeAsyncCall[T](SqlDataReaderBaseAsyncCallContext`1 context)
--- End of stack trace from previous location ---
   at Microsoft.EntityFrameworkCore.Update.AffectedCountModificationCommandBatch.ConsumeAsync(RelationalDataReader reader, CancellationToken cancellationToken)
ClientConnectionId:fd0b5435-28f3-49f5-b1b8-e6291b20d2be
Error Number:2601,State:1,Class:14
   --- End of inner exception stack trace ---
   at Microsoft.EntityFrameworkCore.Update.AffectedCountModificationCommandBatch.ConsumeAsync(RelationalDataReader reader, CancellationToken cancellationToken)
   at Microsoft.EntityFrameworkCore.Update.ReaderModificationCommandBatch.ExecuteAsync(IRelationalConnection connection, CancellationToken cancellationToken)
   at Microsoft.EntityFrameworkCore.Update.ReaderModificationCommandBatch.ExecuteAsync(IRelationalConnection connection, CancellationToken cancellationToken)
   at Microsoft.EntityFrameworkCore.SqlServer.Update.Internal.SqlServerModificationCommandBatch.ExecuteAsync(IRelationalConnection connection, CancellationToken cancellationToken)
   at Microsoft.EntityFrameworkCore.Update.Internal.BatchExecutor.ExecuteAsync(IEnumerable`1 commandBatches, IRelationalConnection connection, CancellationToken cancellationToken)
   at Microsoft.EntityFrameworkCore.Update.Internal.BatchExecutor.ExecuteAsync(IEnumerable`1 commandBatches, IRelationalConnection connection, CancellationToken cancellationToken)
   at Microsoft.EntityFrameworkCore.Update.Internal.BatchExecutor.ExecuteAsync(IEnumerable`1 commandBatches, IRelationalConnection connection, CancellationToken cancellationToken)
   at Microsoft.EntityFrameworkCore.ChangeTracking.Internal.StateManager.SaveChangesAsync(IList`1 entriesToSave, CancellationToken cancellationToken)
   at Microsoft.EntityFrameworkCore.ChangeTracking.Internal.StateManager.SaveChangesAsync(StateManager stateManager, Boolean acceptAllChangesOnSuccess, CancellationToken cancellationToken)
   at Microsoft.EntityFrameworkCore.Storage.ExecutionStrategy.<>c__DisplayClass30_0`2.<<ExecuteAsync>b__0>d.MoveNext()
--- End of stack trace from previous location ---
   at Microsoft.EntityFrameworkCore.Storage.ExecutionStrategy.ExecuteImplementationAsync[TState,TResult](Func`4 operation, Func`4 verifySucceeded, TState state, CancellationToken cancellationToken)
   at Microsoft.EntityFrameworkCore.Storage.ExecutionStrategy.ExecuteImplementationAsync[TState,TResult](Func`4 operation, Func`4 verifySucceeded, TState state, CancellationToken cancellationToken)
   at Microsoft.EntityFrameworkCore.Storage.ExecutionStrategy.ExecuteAsync[TState,TResult](TState state, Func`4 operation, Func`4 verifySucceeded, CancellationToken cancellationToken)
   at Microsoft.EntityFrameworkCore.DbContext.SaveChangesAsync(Boolean acceptAllChangesOnSuccess, CancellationToken cancellationToken)
2026-08-15 12:39:13.844 +04:00 [ERR] An exception occurred in the database while saving changes for context type 'EnglishLearningPlatform.Persistence.Context.ApplicationDbContext'.
Microsoft.EntityFrameworkCore.DbUpdateException: An error occurred while saving the entity changes. See the inner exception for details.
 ---> Microsoft.Data.SqlClient.SqlException (0x80131904): Cannot insert duplicate key row in object 'dbo.UserProgresses' with unique index 'IX_UserProgresses_AppUserId_StoryId'. The duplicate key value is (006f3060-3635-4427-59b4-08def7de3b5b, ff71137a-c796-499b-9a8e-5cc111b19174).
   at Microsoft.Data.SqlClient.SqlConnection.OnError(SqlException exception, Boolean breakConnection, Action`1 wrapCloseInAction)
   at Microsoft.Data.SqlClient.SqlInternalConnection.OnError(SqlException exception, Boolean breakConnection, Action`1 wrapCloseInAction)
   at Microsoft.Data.SqlClient.TdsParser.ThrowExceptionAndWarning(TdsParserStateObject stateObj, SqlCommand command, Boolean callerHasConnectionLock, Boolean asyncClose)
   at Microsoft.Data.SqlClient.TdsParser.TryRun(RunBehavior runBehavior, SqlCommand cmdHandler, SqlDataReader dataStream, BulkCopySimpleResultSet bulkCopyHandler, TdsParserStateObject stateObj, Boolean& dataReady)
   at Microsoft.Data.SqlClient.SqlDataReader.TryHasMoreRows(Boolean& moreRows)
   at Microsoft.Data.SqlClient.SqlDataReader.TryHasMoreResults(Boolean& moreResults)
   at Microsoft.Data.SqlClient.SqlDataReader.TryNextResult(Boolean& more)
   at Microsoft.Data.SqlClient.SqlDataReader.NextResultAsyncExecute(Task task, Object state)
   at Microsoft.Data.SqlClient.SqlDataReader.InvokeAsyncCall[T](SqlDataReaderBaseAsyncCallContext`1 context)
--- End of stack trace from previous location ---
   at Microsoft.EntityFrameworkCore.Update.AffectedCountModificationCommandBatch.ConsumeAsync(RelationalDataReader reader, CancellationToken cancellationToken)
ClientConnectionId:3ec908ca-dbd2-4a13-a871-5d2daf00610a
Error Number:2601,State:1,Class:14
   --- End of inner exception stack trace ---
   at Microsoft.EntityFrameworkCore.Update.AffectedCountModificationCommandBatch.ConsumeAsync(RelationalDataReader reader, CancellationToken cancellationToken)
   at Microsoft.EntityFrameworkCore.Update.ReaderModificationCommandBatch.ExecuteAsync(IRelationalConnection connection, CancellationToken cancellationToken)
   at Microsoft.EntityFrameworkCore.Update.ReaderModificationCommandBatch.ExecuteAsync(IRelationalConnection connection, CancellationToken cancellationToken)
   at Microsoft.EntityFrameworkCore.SqlServer.Update.Internal.SqlServerModificationCommandBatch.ExecuteAsync(IRelationalConnection connection, CancellationToken cancellationToken)
   at Microsoft.EntityFrameworkCore.Update.Internal.BatchExecutor.ExecuteAsync(IEnumerable`1 commandBatches, IRelationalConnection connection, CancellationToken cancellationToken)
   at Microsoft.EntityFrameworkCore.Update.Internal.BatchExecutor.ExecuteAsync(IEnumerable`1 commandBatches, IRelationalConnection connection, CancellationToken cancellationToken)
   at Microsoft.EntityFrameworkCore.Update.Internal.BatchExecutor.ExecuteAsync(IEnumerable`1 commandBatches, IRelationalConnection connection, CancellationToken cancellationToken)
   at Microsoft.EntityFrameworkCore.ChangeTracking.Internal.StateManager.SaveChangesAsync(IList`1 entriesToSave, CancellationToken cancellationToken)
   at Microsoft.EntityFrameworkCore.ChangeTracking.Internal.StateManager.SaveChangesAsync(StateManager stateManager, Boolean acceptAllChangesOnSuccess, CancellationToken cancellationToken)
   at Microsoft.EntityFrameworkCore.Storage.ExecutionStrategy.<>c__DisplayClass30_0`2.<<ExecuteAsync>b__0>d.MoveNext()
--- End of stack trace from previous location ---
   at Microsoft.EntityFrameworkCore.Storage.ExecutionStrategy.ExecuteImplementationAsync[TState,TResult](Func`4 operation, Func`4 verifySucceeded, TState state, CancellationToken cancellationToken)
   at Microsoft.EntityFrameworkCore.Storage.ExecutionStrategy.ExecuteImplementationAsync[TState,TResult](Func`4 operation, Func`4 verifySucceeded, TState state, CancellationToken cancellationToken)
   at Microsoft.EntityFrameworkCore.Storage.ExecutionStrategy.ExecuteAsync[TState,TResult](TState state, Func`4 operation, Func`4 verifySucceeded, CancellationToken cancellationToken)
   at Microsoft.EntityFrameworkCore.DbContext.SaveChangesAsync(Boolean acceptAllChangesOnSuccess, CancellationToken cancellationToken)
Microsoft.EntityFrameworkCore.DbUpdateException: An error occurred while saving the entity changes. See the inner exception for details.
 ---> Microsoft.Data.SqlClient.SqlException (0x80131904): Cannot insert duplicate key row in object 'dbo.UserProgresses' with unique index 'IX_UserProgresses_AppUserId_StoryId'. The duplicate key value is (006f3060-3635-4427-59b4-08def7de3b5b, ff71137a-c796-499b-9a8e-5cc111b19174).
   at Microsoft.Data.SqlClient.SqlConnection.OnError(SqlException exception, Boolean breakConnection, Action`1 wrapCloseInAction)
   at Microsoft.Data.SqlClient.SqlInternalConnection.OnError(SqlException exception, Boolean breakConnection, Action`1 wrapCloseInAction)
   at Microsoft.Data.SqlClient.TdsParser.ThrowExceptionAndWarning(TdsParserStateObject stateObj, SqlCommand command, Boolean callerHasConnectionLock, Boolean asyncClose)
   at Microsoft.Data.SqlClient.TdsParser.TryRun(RunBehavior runBehavior, SqlCommand cmdHandler, SqlDataReader dataStream, BulkCopySimpleResultSet bulkCopyHandler, TdsParserStateObject stateObj, Boolean& dataReady)
   at Microsoft.Data.SqlClient.SqlDataReader.TryHasMoreRows(Boolean& moreRows)
   at Microsoft.Data.SqlClient.SqlDataReader.TryHasMoreResults(Boolean& moreResults)
   at Microsoft.Data.SqlClient.SqlDataReader.TryNextResult(Boolean& more)
   at Microsoft.Data.SqlClient.SqlDataReader.NextResultAsyncExecute(Task task, Object state)
   at Microsoft.Data.SqlClient.SqlDataReader.InvokeAsyncCall[T](SqlDataReaderBaseAsyncCallContext`1 context)
--- End of stack trace from previous location ---
   at Microsoft.EntityFrameworkCore.Update.AffectedCountModificationCommandBatch.ConsumeAsync(RelationalDataReader reader, CancellationToken cancellationToken)
ClientConnectionId:3ec908ca-dbd2-4a13-a871-5d2daf00610a
Error Number:2601,State:1,Class:14
   --- End of inner exception stack trace ---
   at Microsoft.EntityFrameworkCore.Update.AffectedCountModificationCommandBatch.ConsumeAsync(RelationalDataReader reader, CancellationToken cancellationToken)
   at Microsoft.EntityFrameworkCore.Update.ReaderModificationCommandBatch.ExecuteAsync(IRelationalConnection connection, CancellationToken cancellationToken)
   at Microsoft.EntityFrameworkCore.Update.ReaderModificationCommandBatch.ExecuteAsync(IRelationalConnection connection, CancellationToken cancellationToken)
   at Microsoft.EntityFrameworkCore.SqlServer.Update.Internal.SqlServerModificationCommandBatch.ExecuteAsync(IRelationalConnection connection, CancellationToken cancellationToken)
   at Microsoft.EntityFrameworkCore.Update.Internal.BatchExecutor.ExecuteAsync(IEnumerable`1 commandBatches, IRelationalConnection connection, CancellationToken cancellationToken)
   at Microsoft.EntityFrameworkCore.Update.Internal.BatchExecutor.ExecuteAsync(IEnumerable`1 commandBatches, IRelationalConnection connection, CancellationToken cancellationToken)
   at Microsoft.EntityFrameworkCore.Update.Internal.BatchExecutor.ExecuteAsync(IEnumerable`1 commandBatches, IRelationalConnection connection, CancellationToken cancellationToken)
   at Microsoft.EntityFrameworkCore.ChangeTracking.Internal.StateManager.SaveChangesAsync(IList`1 entriesToSave, CancellationToken cancellationToken)
   at Microsoft.EntityFrameworkCore.ChangeTracking.Internal.StateManager.SaveChangesAsync(StateManager stateManager, Boolean acceptAllChangesOnSuccess, CancellationToken cancellationToken)
   at Microsoft.EntityFrameworkCore.Storage.ExecutionStrategy.<>c__DisplayClass30_0`2.<<ExecuteAsync>b__0>d.MoveNext()
--- End of stack trace from previous location ---
   at Microsoft.EntityFrameworkCore.Storage.ExecutionStrategy.ExecuteImplementationAsync[TState,TResult](Func`4 operation, Func`4 verifySucceeded, TState state, CancellationToken cancellationToken)
   at Microsoft.EntityFrameworkCore.Storage.ExecutionStrategy.ExecuteImplementationAsync[TState,TResult](Func`4 operation, Func`4 verifySucceeded, TState state, CancellationToken cancellationToken)
   at Microsoft.EntityFrameworkCore.Storage.ExecutionStrategy.ExecuteAsync[TState,TResult](TState state, Func`4 operation, Func`4 verifySucceeded, CancellationToken cancellationToken)
   at Microsoft.EntityFrameworkCore.DbContext.SaveChangesAsync(Boolean acceptAllChangesOnSuccess, CancellationToken cancellationToken)
2026-08-15 12:39:13.844 +04:00 [ERR] An exception occurred in the database while saving changes for context type 'EnglishLearningPlatform.Persistence.Context.ApplicationDbContext'.
Microsoft.EntityFrameworkCore.DbUpdateException: An error occurred while saving the entity changes. See the inner exception for details.
 ---> Microsoft.Data.SqlClient.SqlException (0x80131904): Cannot insert duplicate key row in object 'dbo.UserProgresses' with unique index 'IX_UserProgresses_AppUserId_StoryId'. The duplicate key value is (006f3060-3635-4427-59b4-08def7de3b5b, ff71137a-c796-499b-9a8e-5cc111b19174).
   at Microsoft.Data.SqlClient.SqlConnection.OnError(SqlException exception, Boolean breakConnection, Action`1 wrapCloseInAction)
   at Microsoft.Data.SqlClient.SqlInternalConnection.OnError(SqlException exception, Boolean breakConnection, Action`1 wrapCloseInAction)
   at Microsoft.Data.SqlClient.TdsParser.ThrowExceptionAndWarning(TdsParserStateObject stateObj, SqlCommand command, Boolean callerHasConnectionLock, Boolean asyncClose)
   at Microsoft.Data.SqlClient.TdsParser.TryRun(RunBehavior runBehavior, SqlCommand cmdHandler, SqlDataReader dataStream, BulkCopySimpleResultSet bulkCopyHandler, TdsParserStateObject stateObj, Boolean& dataReady)
   at Microsoft.Data.SqlClient.SqlDataReader.TryHasMoreRows(Boolean& moreRows)
   at Microsoft.Data.SqlClient.SqlDataReader.TryHasMoreResults(Boolean& moreResults)
   at Microsoft.Data.SqlClient.SqlDataReader.TryNextResult(Boolean& more)
   at Microsoft.Data.SqlClient.SqlDataReader.NextResultAsyncExecute(Task task, Object state)
   at Microsoft.Data.SqlClient.SqlDataReader.InvokeAsyncCall[T](SqlDataReaderBaseAsyncCallContext`1 context)
--- End of stack trace from previous location ---
   at Microsoft.EntityFrameworkCore.Update.AffectedCountModificationCommandBatch.ConsumeAsync(RelationalDataReader reader, CancellationToken cancellationToken)
ClientConnectionId:0645803b-7e39-442a-9f7a-1df2772cc709
Error Number:2601,State:1,Class:14
   --- End of inner exception stack trace ---
   at Microsoft.EntityFrameworkCore.Update.AffectedCountModificationCommandBatch.ConsumeAsync(RelationalDataReader reader, CancellationToken cancellationToken)
   at Microsoft.EntityFrameworkCore.Update.ReaderModificationCommandBatch.ExecuteAsync(IRelationalConnection connection, CancellationToken cancellationToken)
   at Microsoft.EntityFrameworkCore.Update.ReaderModificationCommandBatch.ExecuteAsync(IRelationalConnection connection, CancellationToken cancellationToken)
   at Microsoft.EntityFrameworkCore.SqlServer.Update.Internal.SqlServerModificationCommandBatch.ExecuteAsync(IRelationalConnection connection, CancellationToken cancellationToken)
   at Microsoft.EntityFrameworkCore.Update.Internal.BatchExecutor.ExecuteAsync(IEnumerable`1 commandBatches, IRelationalConnection connection, CancellationToken cancellationToken)
   at Microsoft.EntityFrameworkCore.Update.Internal.BatchExecutor.ExecuteAsync(IEnumerable`1 commandBatches, IRelationalConnection connection, CancellationToken cancellationToken)
   at Microsoft.EntityFrameworkCore.Update.Internal.BatchExecutor.ExecuteAsync(IEnumerable`1 commandBatches, IRelationalConnection connection, CancellationToken cancellationToken)
   at Microsoft.EntityFrameworkCore.ChangeTracking.Internal.StateManager.SaveChangesAsync(IList`1 entriesToSave, CancellationToken cancellationToken)
   at Microsoft.EntityFrameworkCore.ChangeTracking.Internal.StateManager.SaveChangesAsync(StateManager stateManager, Boolean acceptAllChangesOnSuccess, CancellationToken cancellationToken)
   at Microsoft.EntityFrameworkCore.Storage.ExecutionStrategy.<>c__DisplayClass30_0`2.<<ExecuteAsync>b__0>d.MoveNext()
--- End of stack trace from previous location ---
   at Microsoft.EntityFrameworkCore.Storage.ExecutionStrategy.ExecuteImplementationAsync[TState,TResult](Func`4 operation, Func`4 verifySucceeded, TState state, CancellationToken cancellationToken)
   at Microsoft.EntityFrameworkCore.Storage.ExecutionStrategy.ExecuteImplementationAsync[TState,TResult](Func`4 operation, Func`4 verifySucceeded, TState state, CancellationToken cancellationToken)
   at Microsoft.EntityFrameworkCore.Storage.ExecutionStrategy.ExecuteAsync[TState,TResult](TState state, Func`4 operation, Func`4 verifySucceeded, CancellationToken cancellationToken)
   at Microsoft.EntityFrameworkCore.DbContext.SaveChangesAsync(Boolean acceptAllChangesOnSuccess, CancellationToken cancellationToken)
Microsoft.EntityFrameworkCore.DbUpdateException: An error occurred while saving the entity changes. See the inner exception for details.
 ---> Microsoft.Data.SqlClient.SqlException (0x80131904): Cannot insert duplicate key row in object 'dbo.UserProgresses' with unique index 'IX_UserProgresses_AppUserId_StoryId'. The duplicate key value is (006f3060-3635-4427-59b4-08def7de3b5b, ff71137a-c796-499b-9a8e-5cc111b19174).
   at Microsoft.Data.SqlClient.SqlConnection.OnError(SqlException exception, Boolean breakConnection, Action`1 wrapCloseInAction)
   at Microsoft.Data.SqlClient.SqlInternalConnection.OnError(SqlException exception, Boolean breakConnection, Action`1 wrapCloseInAction)
   at Microsoft.Data.SqlClient.TdsParser.ThrowExceptionAndWarning(TdsParserStateObject stateObj, SqlCommand command, Boolean callerHasConnectionLock, Boolean asyncClose)
   at Microsoft.Data.SqlClient.TdsParser.TryRun(RunBehavior runBehavior, SqlCommand cmdHandler, SqlDataReader dataStream, BulkCopySimpleResultSet bulkCopyHandler, TdsParserStateObject stateObj, Boolean& dataReady)
   at Microsoft.Data.SqlClient.SqlDataReader.TryHasMoreRows(Boolean& moreRows)
   at Microsoft.Data.SqlClient.SqlDataReader.TryHasMoreResults(Boolean& moreResults)
   at Microsoft.Data.SqlClient.SqlDataReader.TryNextResult(Boolean& more)
   at Microsoft.Data.SqlClient.SqlDataReader.NextResultAsyncExecute(Task task, Object state)
   at Microsoft.Data.SqlClient.SqlDataReader.InvokeAsyncCall[T](SqlDataReaderBaseAsyncCallContext`1 context)
--- End of stack trace from previous location ---
   at Microsoft.EntityFrameworkCore.Update.AffectedCountModificationCommandBatch.ConsumeAsync(RelationalDataReader reader, CancellationToken cancellationToken)
ClientConnectionId:0645803b-7e39-442a-9f7a-1df2772cc709
Error Number:2601,State:1,Class:14
   --- End of inner exception stack trace ---
   at Microsoft.EntityFrameworkCore.Update.AffectedCountModificationCommandBatch.ConsumeAsync(RelationalDataReader reader, CancellationToken cancellationToken)
   at Microsoft.EntityFrameworkCore.Update.ReaderModificationCommandBatch.ExecuteAsync(IRelationalConnection connection, CancellationToken cancellationToken)
   at Microsoft.EntityFrameworkCore.Update.ReaderModificationCommandBatch.ExecuteAsync(IRelationalConnection connection, CancellationToken cancellationToken)
   at Microsoft.EntityFrameworkCore.SqlServer.Update.Internal.SqlServerModificationCommandBatch.ExecuteAsync(IRelationalConnection connection, CancellationToken cancellationToken)
   at Microsoft.EntityFrameworkCore.Update.Internal.BatchExecutor.ExecuteAsync(IEnumerable`1 commandBatches, IRelationalConnection connection, CancellationToken cancellationToken)
   at Microsoft.EntityFrameworkCore.Update.Internal.BatchExecutor.ExecuteAsync(IEnumerable`1 commandBatches, IRelationalConnection connection, CancellationToken cancellationToken)
   at Microsoft.EntityFrameworkCore.Update.Internal.BatchExecutor.ExecuteAsync(IEnumerable`1 commandBatches, IRelationalConnection connection, CancellationToken cancellationToken)
   at Microsoft.EntityFrameworkCore.ChangeTracking.Internal.StateManager.SaveChangesAsync(IList`1 entriesToSave, CancellationToken cancellationToken)
   at Microsoft.EntityFrameworkCore.ChangeTracking.Internal.StateManager.SaveChangesAsync(StateManager stateManager, Boolean acceptAllChangesOnSuccess, CancellationToken cancellationToken)
   at Microsoft.EntityFrameworkCore.Storage.ExecutionStrategy.<>c__DisplayClass30_0`2.<<ExecuteAsync>b__0>d.MoveNext()
--- End of stack trace from previous location ---
   at Microsoft.EntityFrameworkCore.Storage.ExecutionStrategy.ExecuteImplementationAsync[TState,TResult](Func`4 operation, Func`4 verifySucceeded, TState state, CancellationToken cancellationToken)
   at Microsoft.EntityFrameworkCore.Storage.ExecutionStrategy.ExecuteImplementationAsync[TState,TResult](Func`4 operation, Func`4 verifySucceeded, TState state, CancellationToken cancellationToken)
   at Microsoft.EntityFrameworkCore.Storage.ExecutionStrategy.ExecuteAsync[TState,TResult](TState state, Func`4 operation, Func`4 verifySucceeded, CancellationToken cancellationToken)
   at Microsoft.EntityFrameworkCore.DbContext.SaveChangesAsync(Boolean acceptAllChangesOnSuccess, CancellationToken cancellationToken)
2026-08-15 12:39:13.877 +04:00 [INF] POST /api/v1/progress responded 200 in 121ms (user: anonymous)
2026-08-15 12:39:13.878 +04:00 [INF] POST /api/v1/progress/reading-history responded 200 in 36ms (user: anonymous)
2026-08-15 12:39:13.891 +04:00 [INF] POST /api/v1/progress responded 200 in 146ms (user: anonymous)
2026-08-15 12:39:13.907 +04:00 [INF] POST /api/v1/progress responded 200 in 165ms (user: anonymous)
2026-08-15 12:39:13.916 +04:00 [INF] OPTIONS /api/v1/progress/streak responded 204 in 0ms (user: anonymous)
2026-08-15 12:39:13.916 +04:00 [ERR] Unhandled exception on /api/v1/progress
Microsoft.EntityFrameworkCore.DbUpdateException: An error occurred while saving the entity changes. See the inner exception for details.
 ---> Microsoft.Data.SqlClient.SqlException (0x80131904): Cannot insert duplicate key row in object 'dbo.UserProgresses' with unique index 'IX_UserProgresses_AppUserId_StoryId'. The duplicate key value is (006f3060-3635-4427-59b4-08def7de3b5b, ff71137a-c796-499b-9a8e-5cc111b19174).
   at Microsoft.Data.SqlClient.SqlConnection.OnError(SqlException exception, Boolean breakConnection, Action`1 wrapCloseInAction)
   at Microsoft.Data.SqlClient.SqlInternalConnection.OnError(SqlException exception, Boolean breakConnection, Action`1 wrapCloseInAction)
   at Microsoft.Data.SqlClient.TdsParser.ThrowExceptionAndWarning(TdsParserStateObject stateObj, SqlCommand command, Boolean callerHasConnectionLock, Boolean asyncClose)
   at Microsoft.Data.SqlClient.TdsParser.TryRun(RunBehavior runBehavior, SqlCommand cmdHandler, SqlDataReader dataStream, BulkCopySimpleResultSet bulkCopyHandler, TdsParserStateObject stateObj, Boolean& dataReady)
   at Microsoft.Data.SqlClient.SqlDataReader.TryHasMoreRows(Boolean& moreRows)
   at Microsoft.Data.SqlClient.SqlDataReader.TryHasMoreResults(Boolean& moreResults)
   at Microsoft.Data.SqlClient.SqlDataReader.TryNextResult(Boolean& more)
   at Microsoft.Data.SqlClient.SqlDataReader.NextResultAsyncExecute(Task task, Object state)
   at Microsoft.Data.SqlClient.SqlDataReader.InvokeAsyncCall[T](SqlDataReaderBaseAsyncCallContext`1 context)
--- End of stack trace from previous location ---
   at Microsoft.EntityFrameworkCore.Update.AffectedCountModificationCommandBatch.ConsumeAsync(RelationalDataReader reader, CancellationToken cancellationToken)
ClientConnectionId:fd0b5435-28f3-49f5-b1b8-e6291b20d2be
Error Number:2601,State:1,Class:14
   --- End of inner exception stack trace ---
   at Microsoft.EntityFrameworkCore.Update.AffectedCountModificationCommandBatch.ConsumeAsync(RelationalDataReader reader, CancellationToken cancellationToken)
   at Microsoft.EntityFrameworkCore.Update.ReaderModificationCommandBatch.ExecuteAsync(IRelationalConnection connection, CancellationToken cancellationToken)
   at Microsoft.EntityFrameworkCore.Update.ReaderModificationCommandBatch.ExecuteAsync(IRelationalConnection connection, CancellationToken cancellationToken)
   at Microsoft.EntityFrameworkCore.SqlServer.Update.Internal.SqlServerModificationCommandBatch.ExecuteAsync(IRelationalConnection connection, CancellationToken cancellationToken)
   at Microsoft.EntityFrameworkCore.Update.Internal.BatchExecutor.ExecuteAsync(IEnumerable`1 commandBatches, IRelationalConnection connection, CancellationToken cancellationToken)
   at Microsoft.EntityFrameworkCore.Update.Internal.BatchExecutor.ExecuteAsync(IEnumerable`1 commandBatches, IRelationalConnection connection, CancellationToken cancellationToken)
   at Microsoft.EntityFrameworkCore.Update.Internal.BatchExecutor.ExecuteAsync(IEnumerable`1 commandBatches, IRelationalConnection connection, CancellationToken cancellationToken)
   at Microsoft.EntityFrameworkCore.ChangeTracking.Internal.StateManager.SaveChangesAsync(IList`1 entriesToSave, CancellationToken cancellationToken)
   at Microsoft.EntityFrameworkCore.ChangeTracking.Internal.StateManager.SaveChangesAsync(StateManager stateManager, Boolean acceptAllChangesOnSuccess, CancellationToken cancellationToken)
   at Microsoft.EntityFrameworkCore.Storage.ExecutionStrategy.<>c__DisplayClass30_0`2.<<ExecuteAsync>b__0>d.MoveNext()
--- End of stack trace from previous location ---
   at Microsoft.EntityFrameworkCore.Storage.ExecutionStrategy.ExecuteImplementationAsync[TState,TResult](Func`4 operation, Func`4 verifySucceeded, TState state, CancellationToken cancellationToken)
   at Microsoft.EntityFrameworkCore.Storage.ExecutionStrategy.ExecuteImplementationAsync[TState,TResult](Func`4 operation, Func`4 verifySucceeded, TState state, CancellationToken cancellationToken)
   at Microsoft.EntityFrameworkCore.Storage.ExecutionStrategy.ExecuteAsync[TState,TResult](TState state, Func`4 operation, Func`4 verifySucceeded, CancellationToken cancellationToken)
   at Microsoft.EntityFrameworkCore.DbContext.SaveChangesAsync(Boolean acceptAllChangesOnSuccess, CancellationToken cancellationToken)
   at Microsoft.EntityFrameworkCore.DbContext.SaveChangesAsync(Boolean acceptAllChangesOnSuccess, CancellationToken cancellationToken)
   at EnglishLearningPlatform.Persistence.UnitOfWork.UnitOfWork.SaveChangesAsync(CancellationToken cancellationToken) in C:\Users\Ravan999\Desktop\Aygun-Final\Final-Project-ReadLingo-Back\EnglishLearningPlatform.Persistence\UnitOfWork\UnitOfWork.cs:line 88
   at EnglishLearningPlatform.Application.Services.ProgressService.UpsertAsync(Guid userId, UpsertUserProgressDto dto, CancellationToken cancellationToken) in C:\Users\Ravan999\Desktop\Aygun-Final\Final-Project-ReadLingo-Back\EnglishLearningPlatform.Application\Services\ProgressService .cs:line 78
   at EnglishLearningPlatform.API.Controllers.V1.ProgressController.Upsert(UpsertUserProgressDto dto, CancellationToken cancellationToken) in C:\Users\Ravan999\Desktop\Aygun-Final\Final-Project-ReadLingo-Back\EnglishLearningPlatform.API\Controllers\V1\ProgressController.cs:line 35
   at Microsoft.AspNetCore.Mvc.Infrastructure.ActionMethodExecutor.TaskOfIActionResultExecutor.Execute(ActionContext actionContext, IActionResultTypeMapper mapper, ObjectMethodExecutor executor, Object controller, Object[] arguments)
   at Microsoft.AspNetCore.Mvc.Infrastructure.ControllerActionInvoker.<InvokeActionMethodAsync>g__Awaited|12_0(ControllerActionInvoker invoker, ValueTask`1 actionResultValueTask)
   at Microsoft.AspNetCore.Mvc.Infrastructure.ControllerActionInvoker.<InvokeNextActionFilterAsync>g__Awaited|10_0(ControllerActionInvoker invoker, Task lastTask, State next, Scope scope, Object state, Boolean isCompleted)
   at Microsoft.AspNetCore.Mvc.Infrastructure.ControllerActionInvoker.Rethrow(ActionExecutedContextSealed context)
   at Microsoft.AspNetCore.Mvc.Infrastructure.ControllerActionInvoker.Next(State& next, Scope& scope, Object& state, Boolean& isCompleted)
   at Microsoft.AspNetCore.Mvc.Infrastructure.ControllerActionInvoker.<InvokeInnerFilterAsync>g__Awaited|13_0(ControllerActionInvoker invoker, Task lastTask, State next, Scope scope, Object state, Boolean isCompleted)
   at Microsoft.AspNetCore.Mvc.Infrastructure.ResourceInvoker.<InvokeFilterPipelineAsync>g__Awaited|20_0(ResourceInvoker invoker, Task lastTask, State next, Scope scope, Object state, Boolean isCompleted)
   at Microsoft.AspNetCore.Mvc.Infrastructure.ResourceInvoker.<InvokeAsync>g__Awaited|17_0(ResourceInvoker invoker, Task task, IDisposable scope)
   at Microsoft.AspNetCore.Mvc.Infrastructure.ResourceInvoker.<InvokeAsync>g__Awaited|17_0(ResourceInvoker invoker, Task task, IDisposable scope)
   at Microsoft.AspNetCore.Authorization.AuthorizationMiddleware.Invoke(HttpContext context)
   at Microsoft.AspNetCore.Authentication.AuthenticationMiddleware.Invoke(HttpContext context)
   at Microsoft.AspNetCore.RateLimiting.RateLimitingMiddleware.InvokeInternal(HttpContext context, EnableRateLimitingAttribute enableRateLimitingAttribute)
   at Swashbuckle.AspNetCore.SwaggerUI.SwaggerUIMiddleware.Invoke(HttpContext httpContext)
   at Swashbuckle.AspNetCore.Swagger.SwaggerMiddleware.Invoke(HttpContext httpContext, ISwaggerProvider swaggerProvider)
   at EnglishLearningPlatform.API.Middlewares.RequestLoggingMiddleware.InvokeAsync(HttpContext context) in C:\Users\Ravan999\Desktop\Aygun-Final\Final-Project-ReadLingo-Back\EnglishLearningPlatform.API\Middlewares\RequestLoggingMiddleware.cs:line 24
   at EnglishLearningPlatform.API.Middlewares.ExceptionHandlingMiddleware.InvokeAsync(HttpContext context) in C:\Users\Ravan999\Desktop\Aygun-Final\Final-Project-ReadLingo-Back\EnglishLearningPlatform.API\Middlewares\ExceptionHandlingMiddleware.cs:line 27
2026-08-15 12:39:13.918 +04:00 [ERR] Unhandled exception on /api/v1/progress
Microsoft.EntityFrameworkCore.DbUpdateException: An error occurred while saving the entity changes. See the inner exception for details.
 ---> Microsoft.Data.SqlClient.SqlException (0x80131904): Cannot insert duplicate key row in object 'dbo.UserProgresses' with unique index 'IX_UserProgresses_AppUserId_StoryId'. The duplicate key value is (006f3060-3635-4427-59b4-08def7de3b5b, ff71137a-c796-499b-9a8e-5cc111b19174).
   at Microsoft.Data.SqlClient.SqlConnection.OnError(SqlException exception, Boolean breakConnection, Action`1 wrapCloseInAction)
   at Microsoft.Data.SqlClient.SqlInternalConnection.OnError(SqlException exception, Boolean breakConnection, Action`1 wrapCloseInAction)
   at Microsoft.Data.SqlClient.TdsParser.ThrowExceptionAndWarning(TdsParserStateObject stateObj, SqlCommand command, Boolean callerHasConnectionLock, Boolean asyncClose)
   at Microsoft.Data.SqlClient.TdsParser.TryRun(RunBehavior runBehavior, SqlCommand cmdHandler, SqlDataReader dataStream, BulkCopySimpleResultSet bulkCopyHandler, TdsParserStateObject stateObj, Boolean& dataReady)
   at Microsoft.Data.SqlClient.SqlDataReader.TryHasMoreRows(Boolean& moreRows)
   at Microsoft.Data.SqlClient.SqlDataReader.TryHasMoreResults(Boolean& moreResults)
   at Microsoft.Data.SqlClient.SqlDataReader.TryNextResult(Boolean& more)
   at Microsoft.Data.SqlClient.SqlDataReader.NextResultAsyncExecute(Task task, Object state)
   at Microsoft.Data.SqlClient.SqlDataReader.InvokeAsyncCall[T](SqlDataReaderBaseAsyncCallContext`1 context)
--- End of stack trace from previous location ---
   at Microsoft.EntityFrameworkCore.Update.AffectedCountModificationCommandBatch.ConsumeAsync(RelationalDataReader reader, CancellationToken cancellationToken)
ClientConnectionId:3ec908ca-dbd2-4a13-a871-5d2daf00610a
Error Number:2601,State:1,Class:14
   --- End of inner exception stack trace ---
   at Microsoft.EntityFrameworkCore.Update.AffectedCountModificationCommandBatch.ConsumeAsync(RelationalDataReader reader, CancellationToken cancellationToken)
   at Microsoft.EntityFrameworkCore.Update.ReaderModificationCommandBatch.ExecuteAsync(IRelationalConnection connection, CancellationToken cancellationToken)
   at Microsoft.EntityFrameworkCore.Update.ReaderModificationCommandBatch.ExecuteAsync(IRelationalConnection connection, CancellationToken cancellationToken)
   at Microsoft.EntityFrameworkCore.SqlServer.Update.Internal.SqlServerModificationCommandBatch.ExecuteAsync(IRelationalConnection connection, CancellationToken cancellationToken)
   at Microsoft.EntityFrameworkCore.Update.Internal.BatchExecutor.ExecuteAsync(IEnumerable`1 commandBatches, IRelationalConnection connection, CancellationToken cancellationToken)
   at Microsoft.EntityFrameworkCore.Update.Internal.BatchExecutor.ExecuteAsync(IEnumerable`1 commandBatches, IRelationalConnection connection, CancellationToken cancellationToken)
   at Microsoft.EntityFrameworkCore.Update.Internal.BatchExecutor.ExecuteAsync(IEnumerable`1 commandBatches, IRelationalConnection connection, CancellationToken cancellationToken)
   at Microsoft.EntityFrameworkCore.ChangeTracking.Internal.StateManager.SaveChangesAsync(IList`1 entriesToSave, CancellationToken cancellationToken)
   at Microsoft.EntityFrameworkCore.ChangeTracking.Internal.StateManager.SaveChangesAsync(StateManager stateManager, Boolean acceptAllChangesOnSuccess, CancellationToken cancellationToken)
   at Microsoft.EntityFrameworkCore.Storage.ExecutionStrategy.<>c__DisplayClass30_0`2.<<ExecuteAsync>b__0>d.MoveNext()
--- End of stack trace from previous location ---
   at Microsoft.EntityFrameworkCore.Storage.ExecutionStrategy.ExecuteImplementationAsync[TState,TResult](Func`4 operation, Func`4 verifySucceeded, TState state, CancellationToken cancellationToken)
   at Microsoft.EntityFrameworkCore.Storage.ExecutionStrategy.ExecuteImplementationAsync[TState,TResult](Func`4 operation, Func`4 verifySucceeded, TState state, CancellationToken cancellationToken)
   at Microsoft.EntityFrameworkCore.Storage.ExecutionStrategy.ExecuteAsync[TState,TResult](TState state, Func`4 operation, Func`4 verifySucceeded, CancellationToken cancellationToken)
   at Microsoft.EntityFrameworkCore.DbContext.SaveChangesAsync(Boolean acceptAllChangesOnSuccess, CancellationToken cancellationToken)
   at Microsoft.EntityFrameworkCore.DbContext.SaveChangesAsync(Boolean acceptAllChangesOnSuccess, CancellationToken cancellationToken)
   at EnglishLearningPlatform.Persistence.UnitOfWork.UnitOfWork.SaveChangesAsync(CancellationToken cancellationToken) in C:\Users\Ravan999\Desktop\Aygun-Final\Final-Project-ReadLingo-Back\EnglishLearningPlatform.Persistence\UnitOfWork\UnitOfWork.cs:line 88
   at EnglishLearningPlatform.Application.Services.ProgressService.UpsertAsync(Guid userId, UpsertUserProgressDto dto, CancellationToken cancellationToken) in C:\Users\Ravan999\Desktop\Aygun-Final\Final-Project-ReadLingo-Back\EnglishLearningPlatform.Application\Services\ProgressService .cs:line 78
   at EnglishLearningPlatform.API.Controllers.V1.ProgressController.Upsert(UpsertUserProgressDto dto, CancellationToken cancellationToken) in C:\Users\Ravan999\Desktop\Aygun-Final\Final-Project-ReadLingo-Back\EnglishLearningPlatform.API\Controllers\V1\ProgressController.cs:line 35
   at Microsoft.AspNetCore.Mvc.Infrastructure.ActionMethodExecutor.TaskOfIActionResultExecutor.Execute(ActionContext actionContext, IActionResultTypeMapper mapper, ObjectMethodExecutor executor, Object controller, Object[] arguments)
   at Microsoft.AspNetCore.Mvc.Infrastructure.ControllerActionInvoker.<InvokeActionMethodAsync>g__Awaited|12_0(ControllerActionInvoker invoker, ValueTask`1 actionResultValueTask)
   at Microsoft.AspNetCore.Mvc.Infrastructure.ControllerActionInvoker.<InvokeNextActionFilterAsync>g__Awaited|10_0(ControllerActionInvoker invoker, Task lastTask, State next, Scope scope, Object state, Boolean isCompleted)
   at Microsoft.AspNetCore.Mvc.Infrastructure.ControllerActionInvoker.Rethrow(ActionExecutedContextSealed context)
   at Microsoft.AspNetCore.Mvc.Infrastructure.ControllerActionInvoker.Next(State& next, Scope& scope, Object& state, Boolean& isCompleted)
   at Microsoft.AspNetCore.Mvc.Infrastructure.ControllerActionInvoker.<InvokeInnerFilterAsync>g__Awaited|13_0(ControllerActionInvoker invoker, Task lastTask, State next, Scope scope, Object state, Boolean isCompleted)
   at Microsoft.AspNetCore.Mvc.Infrastructure.ResourceInvoker.<InvokeFilterPipelineAsync>g__Awaited|20_0(ResourceInvoker invoker, Task lastTask, State next, Scope scope, Object state, Boolean isCompleted)
   at Microsoft.AspNetCore.Mvc.Infrastructure.ResourceInvoker.<InvokeAsync>g__Awaited|17_0(ResourceInvoker invoker, Task task, IDisposable scope)
   at Microsoft.AspNetCore.Mvc.Infrastructure.ResourceInvoker.<InvokeAsync>g__Awaited|17_0(ResourceInvoker invoker, Task task, IDisposable scope)
   at Microsoft.AspNetCore.Authorization.AuthorizationMiddleware.Invoke(HttpContext context)
   at Microsoft.AspNetCore.Authentication.AuthenticationMiddleware.Invoke(HttpContext context)
   at Microsoft.AspNetCore.RateLimiting.RateLimitingMiddleware.InvokeInternal(HttpContext context, EnableRateLimitingAttribute enableRateLimitingAttribute)
   at Swashbuckle.AspNetCore.SwaggerUI.SwaggerUIMiddleware.Invoke(HttpContext httpContext)
   at Swashbuckle.AspNetCore.Swagger.SwaggerMiddleware.Invoke(HttpContext httpContext, ISwaggerProvider swaggerProvider)
   at EnglishLearningPlatform.API.Middlewares.RequestLoggingMiddleware.InvokeAsync(HttpContext context) in C:\Users\Ravan999\Desktop\Aygun-Final\Final-Project-ReadLingo-Back\EnglishLearningPlatform.API\Middlewares\RequestLoggingMiddleware.cs:line 24
   at EnglishLearningPlatform.API.Middlewares.ExceptionHandlingMiddleware.InvokeAsync(HttpContext context) in C:\Users\Ravan999\Desktop\Aygun-Final\Final-Project-ReadLingo-Back\EnglishLearningPlatform.API\Middlewares\ExceptionHandlingMiddleware.cs:line 27
2026-08-15 12:39:13.924 +04:00 [ERR] Unhandled exception on /api/v1/progress
Microsoft.EntityFrameworkCore.DbUpdateException: An error occurred while saving the entity changes. See the inner exception for details.
 ---> Microsoft.Data.SqlClient.SqlException (0x80131904): Cannot insert duplicate key row in object 'dbo.UserProgresses' with unique index 'IX_UserProgresses_AppUserId_StoryId'. The duplicate key value is (006f3060-3635-4427-59b4-08def7de3b5b, ff71137a-c796-499b-9a8e-5cc111b19174).
   at Microsoft.Data.SqlClient.SqlConnection.OnError(SqlException exception, Boolean breakConnection, Action`1 wrapCloseInAction)
   at Microsoft.Data.SqlClient.SqlInternalConnection.OnError(SqlException exception, Boolean breakConnection, Action`1 wrapCloseInAction)
   at Microsoft.Data.SqlClient.TdsParser.ThrowExceptionAndWarning(TdsParserStateObject stateObj, SqlCommand command, Boolean callerHasConnectionLock, Boolean asyncClose)
   at Microsoft.Data.SqlClient.TdsParser.TryRun(RunBehavior runBehavior, SqlCommand cmdHandler, SqlDataReader dataStream, BulkCopySimpleResultSet bulkCopyHandler, TdsParserStateObject stateObj, Boolean& dataReady)
   at Microsoft.Data.SqlClient.SqlDataReader.TryHasMoreRows(Boolean& moreRows)
   at Microsoft.Data.SqlClient.SqlDataReader.TryHasMoreResults(Boolean& moreResults)
   at Microsoft.Data.SqlClient.SqlDataReader.TryNextResult(Boolean& more)
   at Microsoft.Data.SqlClient.SqlDataReader.NextResultAsyncExecute(Task task, Object state)
   at Microsoft.Data.SqlClient.SqlDataReader.InvokeAsyncCall[T](SqlDataReaderBaseAsyncCallContext`1 context)
--- End of stack trace from previous location ---
   at Microsoft.EntityFrameworkCore.Update.AffectedCountModificationCommandBatch.ConsumeAsync(RelationalDataReader reader, CancellationToken cancellationToken)
ClientConnectionId:0645803b-7e39-442a-9f7a-1df2772cc709
Error Number:2601,State:1,Class:14
   --- End of inner exception stack trace ---
   at Microsoft.EntityFrameworkCore.Update.AffectedCountModificationCommandBatch.ConsumeAsync(RelationalDataReader reader, CancellationToken cancellationToken)
   at Microsoft.EntityFrameworkCore.Update.ReaderModificationCommandBatch.ExecuteAsync(IRelationalConnection connection, CancellationToken cancellationToken)
   at Microsoft.EntityFrameworkCore.Update.ReaderModificationCommandBatch.ExecuteAsync(IRelationalConnection connection, CancellationToken cancellationToken)
   at Microsoft.EntityFrameworkCore.SqlServer.Update.Internal.SqlServerModificationCommandBatch.ExecuteAsync(IRelationalConnection connection, CancellationToken cancellationToken)
   at Microsoft.EntityFrameworkCore.Update.Internal.BatchExecutor.ExecuteAsync(IEnumerable`1 commandBatches, IRelationalConnection connection, CancellationToken cancellationToken)
   at Microsoft.EntityFrameworkCore.Update.Internal.BatchExecutor.ExecuteAsync(IEnumerable`1 commandBatches, IRelationalConnection connection, CancellationToken cancellationToken)
   at Microsoft.EntityFrameworkCore.Update.Internal.BatchExecutor.ExecuteAsync(IEnumerable`1 commandBatches, IRelationalConnection connection, CancellationToken cancellationToken)
   at Microsoft.EntityFrameworkCore.ChangeTracking.Internal.StateManager.SaveChangesAsync(IList`1 entriesToSave, CancellationToken cancellationToken)
   at Microsoft.EntityFrameworkCore.ChangeTracking.Internal.StateManager.SaveChangesAsync(StateManager stateManager, Boolean acceptAllChangesOnSuccess, CancellationToken cancellationToken)
   at Microsoft.EntityFrameworkCore.Storage.ExecutionStrategy.<>c__DisplayClass30_0`2.<<ExecuteAsync>b__0>d.MoveNext()
--- End of stack trace from previous location ---
   at Microsoft.EntityFrameworkCore.Storage.ExecutionStrategy.ExecuteImplementationAsync[TState,TResult](Func`4 operation, Func`4 verifySucceeded, TState state, CancellationToken cancellationToken)
   at Microsoft.EntityFrameworkCore.Storage.ExecutionStrategy.ExecuteImplementationAsync[TState,TResult](Func`4 operation, Func`4 verifySucceeded, TState state, CancellationToken cancellationToken)
   at Microsoft.EntityFrameworkCore.Storage.ExecutionStrategy.ExecuteAsync[TState,TResult](TState state, Func`4 operation, Func`4 verifySucceeded, CancellationToken cancellationToken)
   at Microsoft.EntityFrameworkCore.DbContext.SaveChangesAsync(Boolean acceptAllChangesOnSuccess, CancellationToken cancellationToken)
   at Microsoft.EntityFrameworkCore.DbContext.SaveChangesAsync(Boolean acceptAllChangesOnSuccess, CancellationToken cancellationToken)
   at EnglishLearningPlatform.Persistence.UnitOfWork.UnitOfWork.SaveChangesAsync(CancellationToken cancellationToken) in C:\Users\Ravan999\Desktop\Aygun-Final\Final-Project-ReadLingo-Back\EnglishLearningPlatform.Persistence\UnitOfWork\UnitOfWork.cs:line 88
   at EnglishLearningPlatform.Application.Services.ProgressService.UpsertAsync(Guid userId, UpsertUserProgressDto dto, CancellationToken cancellationToken) in C:\Users\Ravan999\Desktop\Aygun-Final\Final-Project-ReadLingo-Back\EnglishLearningPlatform.Application\Services\ProgressService .cs:line 78
   at EnglishLearningPlatform.API.Controllers.V1.ProgressController.Upsert(UpsertUserProgressDto dto, CancellationToken cancellationToken) in C:\Users\Ravan999\Desktop\Aygun-Final\Final-Project-ReadLingo-Back\EnglishLearningPlatform.API\Controllers\V1\ProgressController.cs:line 35
   at Microsoft.AspNetCore.Mvc.Infrastructure.ActionMethodExecutor.TaskOfIActionResultExecutor.Execute(ActionContext actionContext, IActionResultTypeMapper mapper, ObjectMethodExecutor executor, Object controller, Object[] arguments)
   at Microsoft.AspNetCore.Mvc.Infrastructure.ControllerActionInvoker.<InvokeActionMethodAsync>g__Awaited|12_0(ControllerActionInvoker invoker, ValueTask`1 actionResultValueTask)
   at Microsoft.AspNetCore.Mvc.Infrastructure.ControllerActionInvoker.<InvokeNextActionFilterAsync>g__Awaited|10_0(ControllerActionInvoker invoker, Task lastTask, State next, Scope scope, Object state, Boolean isCompleted)
   at Microsoft.AspNetCore.Mvc.Infrastructure.ControllerActionInvoker.Rethrow(ActionExecutedContextSealed context)
   at Microsoft.AspNetCore.Mvc.Infrastructure.ControllerActionInvoker.Next(State& next, Scope& scope, Object& state, Boolean& isCompleted)
   at Microsoft.AspNetCore.Mvc.Infrastructure.ControllerActionInvoker.<InvokeInnerFilterAsync>g__Awaited|13_0(ControllerActionInvoker invoker, Task lastTask, State next, Scope scope, Object state, Boolean isCompleted)
   at Microsoft.AspNetCore.Mvc.Infrastructure.ResourceInvoker.<InvokeFilterPipelineAsync>g__Awaited|20_0(ResourceInvoker invoker, Task lastTask, State next, Scope scope, Object state, Boolean isCompleted)
   at Microsoft.AspNetCore.Mvc.Infrastructure.ResourceInvoker.<InvokeAsync>g__Awaited|17_0(ResourceInvoker invoker, Task task, IDisposable scope)
   at Microsoft.AspNetCore.Mvc.Infrastructure.ResourceInvoker.<InvokeAsync>g__Awaited|17_0(ResourceInvoker invoker, Task task, IDisposable scope)
   at Microsoft.AspNetCore.Authorization.AuthorizationMiddleware.Invoke(HttpContext context)
   at Microsoft.AspNetCore.Authentication.AuthenticationMiddleware.Invoke(HttpContext context)
   at Microsoft.AspNetCore.RateLimiting.RateLimitingMiddleware.InvokeInternal(HttpContext context, EnableRateLimitingAttribute enableRateLimitingAttribute)
   at Swashbuckle.AspNetCore.SwaggerUI.SwaggerUIMiddleware.Invoke(HttpContext httpContext)
   at Swashbuckle.AspNetCore.Swagger.SwaggerMiddleware.Invoke(HttpContext httpContext, ISwaggerProvider swaggerProvider)
   at EnglishLearningPlatform.API.Middlewares.RequestLoggingMiddleware.InvokeAsync(HttpContext context) in C:\Users\Ravan999\Desktop\Aygun-Final\Final-Project-ReadLingo-Back\EnglishLearningPlatform.API\Middlewares\RequestLoggingMiddleware.cs:line 24
   at EnglishLearningPlatform.API.Middlewares.ExceptionHandlingMiddleware.InvokeAsync(HttpContext context) in C:\Users\Ravan999\Desktop\Aygun-Final\Final-Project-ReadLingo-Back\EnglishLearningPlatform.API\Middlewares\ExceptionHandlingMiddleware.cs:line 27
2026-08-15 12:39:13.938 +04:00 [INF] GET /api/v1/progress/streak responded 200 in 10ms (user: anonymous)
2026-08-15 12:39:17.039 +04:00 [INF] OPTIONS /api/v1/quizzes/story/ff71137a-c796-499b-9a8e-5cc111b19174 responded 204 in 0ms (user: anonymous)
2026-08-15 12:39:17.183 +04:00 [WRN] AI provider is not configured; returning a placeholder response.
2026-08-15 12:39:17.193 +04:00 [WRN] AI provider is not configured; returning a placeholder response.
2026-08-15 12:39:17.200 +04:00 [WRN] AI provider is not configured; returning a placeholder response.
2026-08-15 12:39:17.207 +04:00 [WRN] AI provider is not configured; returning a placeholder response.
2026-08-15 12:39:17.212 +04:00 [WRN] AI provider is not configured; returning a placeholder response.
2026-08-15 12:39:17.238 +04:00 [INF] GET /api/v1/quizzes/story/ff71137a-c796-499b-9a8e-5cc111b19174 responded 200 in 181ms (user: anonymous)
2026-08-15 12:39:20.418 +04:00 [INF] OPTIONS /api/v1/profile responded 204 in 0ms (user: anonymous)
2026-08-15 12:39:20.418 +04:00 [INF] OPTIONS /api/v1/profile responded 204 in 0ms (user: anonymous)
2026-08-15 12:39:20.454 +04:00 [INF] PUT /api/v1/profile responded 200 in 27ms (user: anonymous)
2026-08-15 12:39:20.463 +04:00 [INF] PUT /api/v1/profile responded 200 in 7ms (user: anonymous)
2026-08-15 12:39:20.482 +04:00 [INF] GET /api/v1/profile responded 200 in 15ms (user: anonymous)
2026-08-15 12:39:20.489 +04:00 [INF] GET /api/v1/profile responded 200 in 4ms (user: anonymous)
2026-08-15 12:39:23.063 +04:00 [INF] PUT /api/v1/profile responded 200 in 14ms (user: anonymous)
2026-08-15 12:39:23.071 +04:00 [INF] PUT /api/v1/profile responded 200 in 4ms (user: anonymous)
2026-08-15 12:39:23.091 +04:00 [INF] GET /api/v1/profile responded 200 in 12ms (user: anonymous)
2026-08-15 12:39:23.098 +04:00 [INF] GET /api/v1/profile responded 200 in 4ms (user: anonymous)
2026-08-15 12:39:26.248 +04:00 [INF] OPTIONS /api/v1/profile responded 204 in 0ms (user: anonymous)
2026-08-15 12:39:26.248 +04:00 [INF] OPTIONS /api/v1/profile responded 204 in 0ms (user: anonymous)
2026-08-15 12:39:26.274 +04:00 [INF] PUT /api/v1/profile responded 200 in 12ms (user: anonymous)
2026-08-15 12:39:26.282 +04:00 [INF] PUT /api/v1/profile responded 200 in 5ms (user: anonymous)
2026-08-15 12:39:26.298 +04:00 [INF] GET /api/v1/profile responded 200 in 14ms (user: anonymous)
2026-08-15 12:39:26.304 +04:00 [INF] GET /api/v1/profile responded 200 in 4ms (user: anonymous)
2026-08-15 12:39:29.124 +04:00 [INF] PUT /api/v1/profile responded 200 in 10ms (user: anonymous)
2026-08-15 12:39:29.130 +04:00 [INF] PUT /api/v1/profile responded 200 in 3ms (user: anonymous)
2026-08-15 12:39:29.146 +04:00 [INF] GET /api/v1/profile responded 200 in 12ms (user: anonymous)
2026-08-15 12:39:29.155 +04:00 [INF] GET /api/v1/profile responded 200 in 5ms (user: anonymous)
2026-08-15 12:39:31.446 +04:00 [INF] OPTIONS /api/v1/profile responded 204 in 0ms (user: anonymous)
2026-08-15 12:39:31.446 +04:00 [INF] OPTIONS /api/v1/profile responded 204 in 0ms (user: anonymous)
2026-08-15 12:39:31.471 +04:00 [INF] PUT /api/v1/profile responded 200 in 11ms (user: anonymous)
2026-08-15 12:39:31.478 +04:00 [INF] PUT /api/v1/profile responded 200 in 5ms (user: anonymous)
2026-08-15 12:39:31.493 +04:00 [INF] GET /api/v1/profile responded 200 in 12ms (user: anonymous)
2026-08-15 12:39:31.500 +04:00 [INF] GET /api/v1/profile responded 200 in 3ms (user: anonymous)
2026-08-15 12:39:32.420 +04:00 [INF] OPTIONS /api/v1/quizzes/record-result responded 204 in 0ms (user: anonymous)
2026-08-15 12:39:32.455 +04:00 [INF] POST /api/v1/quizzes/record-result responded 200 in 28ms (user: anonymous)
2026-08-15 12:39:33.968 +04:00 [INF] OPTIONS /api/v1/progress responded 204 in 0ms (user: anonymous)
2026-08-15 12:39:33.997 +04:00 [INF] POST /api/v1/progress responded 200 in 21ms (user: anonymous)
2026-08-15 12:39:34.007 +04:00 [INF] OPTIONS /api/v1/progress/streak responded 204 in 0ms (user: anonymous)
2026-08-15 12:39:34.028 +04:00 [INF] GET /api/v1/progress/streak responded 200 in 13ms (user: anonymous)
2026-08-15 12:39:35.651 +04:00 [INF] OPTIONS /api/v1/leaderboard responded 204 in 0ms (user: anonymous)
2026-08-15 12:39:35.651 +04:00 [INF] OPTIONS /api/v1/leaderboard responded 204 in 0ms (user: anonymous)
2026-08-15 12:39:35.675 +04:00 [INF] GET /api/v1/profile responded 200 in 24ms (user: anonymous)
2026-08-15 12:39:35.694 +04:00 [INF] GET /api/v1/profile responded 200 in 14ms (user: anonymous)
2026-08-15 12:39:35.708 +04:00 [INF] GET /api/v1/profile responded 200 in 10ms (user: anonymous)
2026-08-15 12:39:35.713 +04:00 [INF] GET /api/v1/leaderboard responded 200 in 53ms (user: anonymous)
2026-08-15 12:39:35.721 +04:00 [INF] GET /api/v1/profile responded 200 in 9ms (user: anonymous)
2026-08-15 12:39:35.750 +04:00 [INF] GET /api/v1/leaderboard responded 200 in 34ms (user: anonymous)
2026-08-15 12:39:42.837 +04:00 [INF] OPTIONS /api/v1/profile responded 204 in 0ms (user: anonymous)
2026-08-15 12:39:42.837 +04:00 [INF] OPTIONS /api/v1/leaderboard responded 204 in 0ms (user: anonymous)
2026-08-15 12:39:42.860 +04:00 [INF] GET /api/v1/profile responded 200 in 18ms (user: anonymous)
2026-08-15 12:39:42.871 +04:00 [INF] GET /api/v1/leaderboard responded 200 in 25ms (user: anonymous)
2026-08-15 12:39:43.463 +04:00 [INF] OPTIONS /api/v1/leaderboard responded 204 in 0ms (user: anonymous)
2026-08-15 12:39:43.485 +04:00 [INF] GET /api/v1/profile responded 200 in 21ms (user: anonymous)
2026-08-15 12:39:43.498 +04:00 [INF] GET /api/v1/leaderboard responded 200 in 30ms (user: anonymous)
2026-08-15 12:39:44.920 +04:00 [INF] GET /api/v1/profile responded 200 in 16ms (user: anonymous)
2026-08-15 12:39:44.931 +04:00 [INF] GET /api/v1/leaderboard responded 200 in 27ms (user: anonymous)
2026-08-15 12:39:46.791 +04:00 [INF] OPTIONS /api/v1/leaderboard responded 204 in 0ms (user: anonymous)
2026-08-15 12:39:46.809 +04:00 [INF] GET /api/v1/profile responded 200 in 18ms (user: anonymous)
2026-08-15 12:39:46.824 +04:00 [INF] GET /api/v1/leaderboard responded 200 in 27ms (user: anonymous)
2026-08-15 12:39:51.948 +04:00 [INF] OPTIONS /api/v1/profile responded 204 in 0ms (user: anonymous)
2026-08-15 12:39:51.948 +04:00 [INF] OPTIONS /api/v1/profile responded 204 in 0ms (user: anonymous)
2026-08-15 12:39:51.948 +04:00 [INF] OPTIONS /api/v1/profile responded 204 in 0ms (user: anonymous)
2026-08-15 12:39:51.948 +04:00 [INF] OPTIONS /api/v1/profile responded 204 in 0ms (user: anonymous)
2026-08-15 12:39:51.979 +04:00 [INF] GET /api/v1/profile responded 200 in 21ms (user: anonymous)
2026-08-15 12:39:51.988 +04:00 [INF] GET /api/v1/profile responded 200 in 6ms (user: anonymous)
2026-08-15 12:39:51.994 +04:00 [INF] GET /api/v1/profile responded 200 in 4ms (user: anonymous)
2026-08-15 12:39:51.994 +04:00 [INF] GET /api/v1/profile responded 200 in 4ms (user: anonymous)
2026-08-15 12:39:53.947 +04:00 [INF] OPTIONS /api/v1/progress/achievements responded 204 in 0ms (user: anonymous)
2026-08-15 12:39:53.947 +04:00 [INF] OPTIONS /api/v1/profile/badges responded 204 in 0ms (user: anonymous)
2026-08-15 12:39:53.947 +04:00 [INF] OPTIONS /api/v1/progress/sessions responded 204 in 0ms (user: anonymous)
2026-08-15 12:39:53.948 +04:00 [INF] OPTIONS /api/v1/progress/achievements responded 204 in 0ms (user: anonymous)
2026-08-15 12:39:53.948 +04:00 [INF] OPTIONS /api/v1/progress/sessions responded 204 in 0ms (user: anonymous)
2026-08-15 12:39:53.949 +04:00 [INF] OPTIONS /api/v1/profile/badges responded 204 in 0ms (user: anonymous)
2026-08-15 12:39:53.959 +04:00 [INF] GET /api/v1/progress/achievements responded 404 in 0ms (user: anonymous)
2026-08-15 12:39:53.964 +04:00 [INF] GET /api/v1/profile/badges responded 404 in 0ms (user: anonymous)
2026-08-15 12:39:53.967 +04:00 [INF] GET /api/v1/profile responded 200 in 17ms (user: anonymous)
2026-08-15 12:39:53.972 +04:00 [INF] GET /api/v1/progress/sessions responded 404 in 0ms (user: anonymous)
2026-08-15 12:39:53.976 +04:00 [INF] GET /api/v1/profile responded 200 in 4ms (user: anonymous)
2026-08-15 12:39:53.979 +04:00 [INF] GET /api/v1/profile responded 200 in 2ms (user: anonymous)
2026-08-15 12:39:53.979 +04:00 [INF] GET /api/v1/profile responded 200 in 2ms (user: anonymous)
2026-08-15 12:39:53.995 +04:00 [INF] GET /api/v1/progress/achievements responded 404 in 0ms (user: anonymous)
2026-08-15 12:39:53.997 +04:00 [INF] GET /api/v1/profile/badges responded 404 in 0ms (user: anonymous)
2026-08-15 12:39:54.009 +04:00 [INF] GET /api/v1/progress/sessions responded 404 in 0ms (user: anonymous)
2026-08-15 12:39:55.598 +04:00 [INF] OPTIONS /api/v1/stories responded 204 in 0ms (user: anonymous)
2026-08-15 12:39:55.598 +04:00 [INF] OPTIONS /api/v1/stories responded 204 in 0ms (user: anonymous)
2026-08-15 12:39:55.610 +04:00 [INF] GET /api/v1/stories responded 200 in 0ms (user: anonymous)
2026-08-15 12:39:55.617 +04:00 [INF] GET /api/v1/stories responded 200 in 2ms (user: anonymous)
2026-08-15 12:39:55.619 +04:00 [INF] GET /api/v1/profile responded 200 in 20ms (user: anonymous)
2026-08-15 12:39:55.628 +04:00 [INF] GET /api/v1/profile responded 200 in 7ms (user: anonymous)
2026-08-15 12:39:55.633 +04:00 [INF] GET /api/v1/profile responded 200 in 3ms (user: anonymous)
2026-08-15 12:39:55.633 +04:00 [INF] GET /api/v1/profile responded 200 in 3ms (user: anonymous)
2026-08-15 12:40:18.977 +04:00 [INF] OPTIONS /api/v1/profile responded 204 in 0ms (user: anonymous)
2026-08-15 12:40:18.978 +04:00 [INF] OPTIONS /api/v1/profile responded 204 in 0ms (user: anonymous)
2026-08-15 12:40:19.009 +04:00 [INF] GET /api/v1/profile responded 200 in 20ms (user: anonymous)
2026-08-15 12:40:19.013 +04:00 [INF] GET /api/v1/profile responded 200 in 2ms (user: anonymous)
2026-08-15 12:40:22.036 +04:00 [INF] OPTIONS /api/v1/stories responded 204 in 0ms (user: anonymous)
2026-08-15 12:40:22.036 +04:00 [INF] OPTIONS /api/v1/stories responded 204 in 0ms (user: anonymous)
2026-08-15 12:40:22.045 +04:00 [INF] GET /api/v1/stories responded 200 in 0ms (user: anonymous)
2026-08-15 12:40:22.048 +04:00 [INF] GET /api/v1/stories responded 200 in 1ms (user: anonymous)
2026-08-15 12:40:22.061 +04:00 [INF] GET /api/v1/profile responded 200 in 25ms (user: anonymous)
2026-08-15 12:40:22.066 +04:00 [INF] GET /api/v1/profile responded 200 in 3ms (user: anonymous)
2026-08-15 12:40:22.071 +04:00 [INF] GET /api/v1/profile responded 200 in 3ms (user: anonymous)
2026-08-15 12:40:22.073 +04:00 [INF] GET /api/v1/profile responded 200 in 5ms (user: anonymous)
2026-08-15 12:40:25.259 +04:00 [INF] OPTIONS /api/v1/profile responded 204 in 0ms (user: anonymous)
2026-08-15 12:40:25.259 +04:00 [INF] OPTIONS /api/v1/profile responded 204 in 0ms (user: anonymous)
2026-08-15 12:40:25.259 +04:00 [INF] OPTIONS /api/v1/profile responded 204 in 0ms (user: anonymous)
2026-08-15 12:40:25.259 +04:00 [INF] OPTIONS /api/v1/profile responded 204 in 0ms (user: anonymous)
2026-08-15 12:40:25.261 +04:00 [INF] GET /api/v1/stories responded 200 in 0ms (user: anonymous)
2026-08-15 12:40:25.265 +04:00 [INF] GET /api/v1/stories responded 200 in 0ms (user: anonymous)
2026-08-15 12:40:25.286 +04:00 [INF] GET /api/v1/profile responded 200 in 16ms (user: anonymous)
2026-08-15 12:40:25.293 +04:00 [INF] GET /api/v1/profile responded 200 in 4ms (user: anonymous)
2026-08-15 12:40:25.297 +04:00 [INF] GET /api/v1/profile responded 200 in 2ms (user: anonymous)
2026-08-15 12:40:25.297 +04:00 [INF] GET /api/v1/profile responded 200 in 2ms (user: anonymous)
2026-08-15 12:40:25.851 +04:00 [INF] GET /api/v1/stories responded 200 in 0ms (user: anonymous)
2026-08-15 12:40:25.855 +04:00 [INF] GET /api/v1/stories responded 200 in 0ms (user: anonymous)
2026-08-15 12:40:25.873 +04:00 [INF] GET /api/v1/profile responded 200 in 22ms (user: anonymous)
2026-08-15 12:40:25.891 +04:00 [INF] GET /api/v1/profile responded 200 in 15ms (user: anonymous)
2026-08-15 12:40:25.909 +04:00 [INF] GET /api/v1/profile responded 200 in 17ms (user: anonymous)
2026-08-15 12:40:25.928 +04:00 [INF] GET /api/v1/profile responded 200 in 17ms (user: anonymous)
2026-08-15 12:40:26.134 +04:00 [INF] GET /api/v1/stories responded 200 in 2ms (user: anonymous)
2026-08-15 12:40:26.137 +04:00 [INF] GET /api/v1/stories responded 200 in 1ms (user: anonymous)
2026-08-15 12:40:26.158 +04:00 [INF] GET /api/v1/profile responded 200 in 26ms (user: anonymous)
2026-08-15 12:40:26.181 +04:00 [INF] GET /api/v1/profile responded 200 in 19ms (user: anonymous)
2026-08-15 12:40:26.207 +04:00 [INF] GET /api/v1/profile responded 200 in 24ms (user: anonymous)
2026-08-15 12:40:26.232 +04:00 [INF] GET /api/v1/profile responded 200 in 23ms (user: anonymous)
2026-08-15 12:40:26.337 +04:00 [INF] GET /api/v1/stories responded 200 in 0ms (user: anonymous)
2026-08-15 12:40:26.339 +04:00 [INF] GET /api/v1/stories responded 200 in 0ms (user: anonymous)
2026-08-15 12:40:26.357 +04:00 [INF] GET /api/v1/profile responded 200 in 20ms (user: anonymous)
2026-08-15 12:40:26.377 +04:00 [INF] GET /api/v1/profile responded 200 in 18ms (user: anonymous)
2026-08-15 12:40:26.397 +04:00 [INF] GET /api/v1/profile responded 200 in 17ms (user: anonymous)
2026-08-15 12:40:26.419 +04:00 [INF] GET /api/v1/profile responded 200 in 20ms (user: anonymous)
2026-08-15 12:40:27.940 +04:00 [INF] GET /api/v1/profile responded 200 in 21ms (user: anonymous)
2026-08-15 12:40:27.957 +04:00 [INF] GET /api/v1/profile responded 200 in 16ms (user: anonymous)
2026-08-15 12:40:27.980 +04:00 [INF] GET /api/v1/profile responded 200 in 19ms (user: anonymous)
2026-08-15 12:40:28.000 +04:00 [INF] GET /api/v1/profile responded 200 in 19ms (user: anonymous)
2026-08-15 12:40:29.866 +04:00 [INF] OPTIONS /api/v1/stories responded 204 in 0ms (user: anonymous)
2026-08-15 12:40:29.866 +04:00 [INF] OPTIONS /api/v1/stories responded 204 in 0ms (user: anonymous)
2026-08-15 12:40:29.874 +04:00 [INF] GET /api/v1/stories responded 200 in 0ms (user: anonymous)
2026-08-15 12:40:29.879 +04:00 [INF] GET /api/v1/stories responded 200 in 0ms (user: anonymous)
2026-08-15 12:40:29.891 +04:00 [INF] GET /api/v1/profile responded 200 in 24ms (user: anonymous)
2026-08-15 12:40:29.896 +04:00 [INF] GET /api/v1/profile responded 200 in 3ms (user: anonymous)
2026-08-15 12:40:29.902 +04:00 [INF] GET /api/v1/profile responded 200 in 3ms (user: anonymous)
2026-08-15 12:40:29.905 +04:00 [INF] GET /api/v1/profile responded 200 in 6ms (user: anonymous)
2026-08-15 12:40:35.016 +04:00 [INF] OPTIONS /api/v1/story-categories responded 204 in 0ms (user: anonymous)
2026-08-15 12:40:35.016 +04:00 [INF] OPTIONS /api/v1/stories responded 204 in 0ms (user: anonymous)
2026-08-15 12:40:35.016 +04:00 [INF] OPTIONS /api/v1/profile responded 204 in 0ms (user: anonymous)
2026-08-15 12:40:35.016 +04:00 [INF] OPTIONS /api/v1/story-categories responded 204 in 0ms (user: anonymous)
2026-08-15 12:40:35.016 +04:00 [INF] OPTIONS /api/v1/profile responded 204 in 0ms (user: anonymous)
2026-08-15 12:40:35.016 +04:00 [INF] OPTIONS /api/v1/stories responded 204 in 0ms (user: anonymous)
2026-08-15 12:40:35.028 +04:00 [INF] GET /api/v1/story-categories responded 200 in 2ms (user: anonymous)
2026-08-15 12:40:35.035 +04:00 [INF] GET /api/v1/stories responded 200 in 0ms (user: anonymous)
2026-08-15 12:40:35.046 +04:00 [INF] GET /api/v1/story-categories responded 200 in 0ms (user: anonymous)
2026-08-15 12:40:35.050 +04:00 [INF] GET /api/v1/stories responded 200 in 0ms (user: anonymous)
2026-08-15 12:40:35.062 +04:00 [INF] GET /api/v1/profile responded 200 in 20ms (user: anonymous)
2026-08-15 12:40:35.080 +04:00 [INF] GET /api/v1/profile responded 200 in 17ms (user: anonymous)
2026-08-15 12:40:36.064 +04:00 [INF] OPTIONS /api/v1/vocabularies responded 204 in 0ms (user: anonymous)
2026-08-15 12:40:36.064 +04:00 [INF] OPTIONS /api/v1/vocabularies responded 204 in 0ms (user: anonymous)
2026-08-15 12:40:36.083 +04:00 [INF] GET /api/v1/profile responded 200 in 17ms (user: anonymous)
2026-08-15 12:40:36.089 +04:00 [INF] GET /api/v1/profile responded 200 in 4ms (user: anonymous)
2026-08-15 12:40:36.102 +04:00 [INF] GET /api/v1/vocabularies responded 200 in 27ms (user: anonymous)
2026-08-15 12:40:36.111 +04:00 [INF] GET /api/v1/vocabularies responded 200 in 5ms (user: anonymous)
2026-08-15 12:40:36.126 +04:00 [INF] GET /api/v1/vocabularies responded 200 in 5ms (user: anonymous)
2026-08-15 12:40:36.132 +04:00 [INF] GET /api/v1/vocabularies responded 200 in 4ms (user: anonymous)
2026-08-15 12:40:50.277 +04:00 [INF] OPTIONS /api/v1/profile responded 204 in 0ms (user: anonymous)
2026-08-15 12:40:50.277 +04:00 [INF] OPTIONS /api/v1/profile responded 204 in 0ms (user: anonymous)
2026-08-15 12:40:50.277 +04:00 [INF] OPTIONS /api/v1/leaderboard responded 204 in 0ms (user: anonymous)
2026-08-15 12:40:50.277 +04:00 [INF] OPTIONS /api/v1/profile responded 204 in 0ms (user: anonymous)
2026-08-15 12:40:50.277 +04:00 [INF] OPTIONS /api/v1/profile responded 204 in 0ms (user: anonymous)
2026-08-15 12:40:50.277 +04:00 [INF] OPTIONS /api/v1/leaderboard responded 204 in 0ms (user: anonymous)
2026-08-15 12:40:50.310 +04:00 [INF] GET /api/v1/profile responded 200 in 23ms (user: anonymous)
2026-08-15 12:40:50.315 +04:00 [INF] GET /api/v1/profile responded 200 in 2ms (user: anonymous)
2026-08-15 12:40:50.315 +04:00 [INF] GET /api/v1/leaderboard responded 200 in 20ms (user: anonymous)
2026-08-15 12:40:50.318 +04:00 [INF] GET /api/v1/profile responded 200 in 2ms (user: anonymous)
2026-08-15 12:40:50.318 +04:00 [INF] GET /api/v1/profile responded 200 in 2ms (user: anonymous)
2026-08-15 12:40:50.326 +04:00 [INF] GET /api/v1/leaderboard responded 200 in 9ms (user: anonymous)
2026-08-15 12:40:53.095 +04:00 [INF] OPTIONS /api/v1/vocabularies responded 204 in 0ms (user: anonymous)
2026-08-15 12:40:53.095 +04:00 [INF] OPTIONS /api/v1/vocabularies responded 204 in 0ms (user: anonymous)
2026-08-15 12:40:53.114 +04:00 [INF] GET /api/v1/profile responded 200 in 19ms (user: anonymous)
2026-08-15 12:40:53.116 +04:00 [INF] GET /api/v1/vocabularies responded 200 in 10ms (user: anonymous)
2026-08-15 12:40:53.122 +04:00 [INF] GET /api/v1/profile responded 200 in 5ms (user: anonymous)
2026-08-15 12:40:53.125 +04:00 [INF] GET /api/v1/vocabularies responded 200 in 7ms (user: anonymous)
2026-08-15 12:40:53.143 +04:00 [INF] GET /api/v1/vocabularies responded 200 in 5ms (user: anonymous)
2026-08-15 12:40:53.149 +04:00 [INF] GET /api/v1/vocabularies responded 200 in 4ms (user: anonymous)
2026-08-15 12:40:55.750 +04:00 [INF] OPTIONS /api/v1/profile responded 204 in 0ms (user: anonymous)
2026-08-15 12:40:55.750 +04:00 [INF] OPTIONS /api/v1/stories responded 204 in 0ms (user: anonymous)
2026-08-15 12:40:55.750 +04:00 [INF] OPTIONS /api/v1/profile responded 204 in 0ms (user: anonymous)
2026-08-15 12:40:55.750 +04:00 [INF] OPTIONS /api/v1/story-categories responded 204 in 0ms (user: anonymous)
2026-08-15 12:40:55.750 +04:00 [INF] OPTIONS /api/v1/story-categories responded 204 in 0ms (user: anonymous)
2026-08-15 12:40:55.750 +04:00 [INF] OPTIONS /api/v1/stories responded 204 in 0ms (user: anonymous)
2026-08-15 12:40:55.774 +04:00 [INF] GET /api/v1/story-categories responded 200 in 0ms (user: anonymous)
2026-08-15 12:40:55.778 +04:00 [INF] GET /api/v1/story-categories responded 200 in 0ms (user: anonymous)
2026-08-15 12:40:55.779 +04:00 [INF] GET /api/v1/profile responded 200 in 18ms (user: anonymous)
2026-08-15 12:40:55.782 +04:00 [INF] GET /api/v1/profile responded 200 in 2ms (user: anonymous)
2026-08-15 12:40:55.787 +04:00 [INF] GET /api/v1/stories responded 200 in 19ms (user: anonymous)
2026-08-15 12:40:55.791 +04:00 [INF] GET /api/v1/stories responded 200 in 0ms (user: anonymous)
2026-08-15 12:40:56.136 +04:00 [INF] GET /api/v1/stories responded 200 in 0ms (user: anonymous)
2026-08-15 12:40:56.140 +04:00 [INF] GET /api/v1/stories responded 200 in 0ms (user: anonymous)
2026-08-15 12:40:56.142 +04:00 [INF] GET /api/v1/profile responded 200 in 6ms (user: anonymous)
2026-08-15 12:40:56.149 +04:00 [INF] GET /api/v1/profile responded 200 in 4ms (user: anonymous)
2026-08-15 12:40:56.156 +04:00 [INF] GET /api/v1/profile responded 200 in 5ms (user: anonymous)
2026-08-15 12:40:56.156 +04:00 [INF] GET /api/v1/profile responded 200 in 5ms (user: anonymous)
2026-08-15 12:40:57.312 +04:00 [INF] OPTIONS /api/v1/stories/7f84cf4f-c6b0-4676-a378-53fdb100f1aa responded 204 in 0ms (user: anonymous)
2026-08-15 12:40:57.312 +04:00 [INF] OPTIONS /api/v1/stories/7f84cf4f-c6b0-4676-a378-53fdb100f1aa responded 204 in 0ms (user: anonymous)
2026-08-15 12:40:57.332 +04:00 [INF] GET /api/v1/profile responded 200 in 20ms (user: anonymous)
2026-08-15 12:40:57.336 +04:00 [INF] GET /api/v1/stories/7f84cf4f-c6b0-4676-a378-53fdb100f1aa responded 200 in 12ms (user: anonymous)
2026-08-15 12:40:57.344 +04:00 [INF] GET /api/v1/stories/7f84cf4f-c6b0-4676-a378-53fdb100f1aa responded 200 in 4ms (user: anonymous)
2026-08-15 12:40:57.350 +04:00 [INF] GET /api/v1/profile responded 200 in 16ms (user: anonymous)
2026-08-15 12:41:00.215 +04:00 [INF] GET /api/v1/stories responded 200 in 0ms (user: anonymous)
2026-08-15 12:41:00.217 +04:00 [INF] GET /api/v1/stories responded 200 in 0ms (user: anonymous)
2026-08-15 12:41:00.231 +04:00 [INF] GET /api/v1/profile responded 200 in 16ms (user: anonymous)
2026-08-15 12:41:00.240 +04:00 [INF] GET /api/v1/profile responded 200 in 4ms (user: anonymous)
2026-08-15 12:41:00.245 +04:00 [INF] GET /api/v1/profile responded 200 in 3ms (user: anonymous)
2026-08-15 12:41:00.245 +04:00 [INF] GET /api/v1/profile responded 200 in 3ms (user: anonymous)
2026-08-15 12:41:01.649 +04:00 [INF] OPTIONS /api/v1/profile responded 204 in 0ms (user: anonymous)
2026-08-15 12:41:01.649 +04:00 [INF] OPTIONS /api/v1/stories/ff71137a-c796-499b-9a8e-5cc111b19174 responded 204 in 0ms (user: anonymous)
2026-08-15 12:41:01.649 +04:00 [INF] OPTIONS /api/v1/profile responded 204 in 0ms (user: anonymous)
2026-08-15 12:41:01.649 +04:00 [INF] OPTIONS /api/v1/stories/ff71137a-c796-499b-9a8e-5cc111b19174 responded 204 in 0ms (user: anonymous)
2026-08-15 12:41:01.663 +04:00 [INF] GET /api/v1/stories/ff71137a-c796-499b-9a8e-5cc111b19174 responded 200 in 1ms (user: anonymous)
2026-08-15 12:41:01.675 +04:00 [INF] GET /api/v1/stories/ff71137a-c796-499b-9a8e-5cc111b19174 responded 200 in 1ms (user: anonymous)
2026-08-15 12:41:01.676 +04:00 [INF] GET /api/v1/profile responded 200 in 20ms (user: anonymous)
2026-08-15 12:41:01.680 +04:00 [INF] GET /api/v1/profile responded 200 in 3ms (user: anonymous)
2026-08-15 12:41:02.963 +04:00 [INF] GET /api/v1/stories/ff71137a-c796-499b-9a8e-5cc111b19174 responded 200 in 4ms (user: anonymous)
2026-08-15 12:41:02.972 +04:00 [INF] GET /api/v1/stories/ff71137a-c796-499b-9a8e-5cc111b19174 responded 200 in 5ms (user: anonymous)
2026-08-15 12:41:02.980 +04:00 [INF] GET /api/v1/profile responded 200 in 25ms (user: anonymous)
2026-08-15 12:41:02.985 +04:00 [INF] GET /api/v1/profile responded 200 in 3ms (user: anonymous)
2026-08-15 12:41:02.990 +04:00 [INF] GET /api/v1/profile responded 200 in 3ms (user: anonymous)
2026-08-15 12:41:02.990 +04:00 [INF] GET /api/v1/profile responded 200 in 3ms (user: anonymous)
2026-08-15 12:41:02.999 +04:00 [INF] OPTIONS /api/v1/progress responded 204 in 0ms (user: anonymous)
2026-08-15 12:41:03.007 +04:00 [INF] OPTIONS /api/v1/progress responded 204 in 0ms (user: anonymous)
2026-08-15 12:41:03.012 +04:00 [INF] OPTIONS /api/v1/progress responded 204 in 0ms (user: anonymous)
2026-08-15 12:41:03.032 +04:00 [INF] POST /api/v1/progress responded 200 in 13ms (user: anonymous)
2026-08-15 12:41:03.032 +04:00 [INF] POST /api/v1/progress responded 200 in 13ms (user: anonymous)
2026-08-15 12:41:03.033 +04:00 [INF] POST /api/v1/progress responded 200 in 18ms (user: anonymous)
2026-08-15 12:41:03.033 +04:00 [INF] POST /api/v1/progress responded 200 in 8ms (user: anonymous)
2026-08-15 12:41:03.043 +04:00 [INF] OPTIONS /api/v1/progress/reading-history responded 204 in 0ms (user: anonymous)
2026-08-15 12:41:03.047 +04:00 [INF] OPTIONS /api/v1/progress/reading-history responded 204 in 0ms (user: anonymous)
2026-08-15 12:41:03.051 +04:00 [INF] OPTIONS /api/v1/progress/reading-history responded 204 in 0ms (user: anonymous)
2026-08-15 12:41:03.057 +04:00 [INF] OPTIONS /api/v1/progress/reading-history responded 204 in 0ms (user: anonymous)
2026-08-15 12:41:03.064 +04:00 [INF] POST /api/v1/progress/reading-history responded 200 in 6ms (user: anonymous)
2026-08-15 12:41:03.064 +04:00 [INF] POST /api/v1/progress/reading-history responded 200 in 3ms (user: anonymous)
2026-08-15 12:41:03.066 +04:00 [INF] POST /api/v1/progress/reading-history responded 200 in 2ms (user: anonymous)
2026-08-15 12:41:03.068 +04:00 [INF] POST /api/v1/progress/reading-history responded 200 in 2ms (user: anonymous)
2026-08-15 12:41:03.069 +04:00 [INF] OPTIONS /api/v1/progress/streak responded 204 in 0ms (user: anonymous)
2026-08-15 12:41:03.073 +04:00 [INF] OPTIONS /api/v1/progress/streak responded 204 in 0ms (user: anonymous)
2026-08-15 12:41:03.075 +04:00 [INF] OPTIONS /api/v1/progress/streak responded 204 in 0ms (user: anonymous)
2026-08-15 12:41:03.079 +04:00 [INF] OPTIONS /api/v1/progress/streak responded 204 in 0ms (user: anonymous)
2026-08-15 12:41:03.090 +04:00 [INF] GET /api/v1/progress/streak responded 200 in 9ms (user: anonymous)
2026-08-15 12:41:03.094 +04:00 [INF] GET /api/v1/progress/streak responded 200 in 2ms (user: anonymous)
2026-08-15 12:41:03.097 +04:00 [INF] GET /api/v1/progress/streak responded 200 in 2ms (user: anonymous)
2026-08-15 12:41:03.098 +04:00 [INF] GET /api/v1/progress/streak responded 200 in 2ms (user: anonymous)
2026-08-15 12:41:04.210 +04:00 [INF] OPTIONS /api/v1/translations/translate responded 204 in 0ms (user: anonymous)
2026-08-15 12:41:04.234 +04:00 [WRN] AI provider is not configured; returning a placeholder response.
2026-08-15 12:41:04.240 +04:00 [INF] POST /api/v1/translations/translate responded 400 in 12ms (user: anonymous)
2026-08-15 12:43:33.367 +04:00 [INF] OPTIONS /api/v1/progress responded 204 in 0ms (user: anonymous)
2026-08-15 12:43:33.367 +04:00 [INF] OPTIONS /api/v1/profile responded 204 in 0ms (user: anonymous)
2026-08-15 12:43:33.368 +04:00 [INF] OPTIONS /api/v1/profile responded 204 in 0ms (user: anonymous)
2026-08-15 12:43:33.368 +04:00 [INF] OPTIONS /api/v1/stories/ff71137a-c796-499b-9a8e-5cc111b19174 responded 204 in 0ms (user: anonymous)
2026-08-15 12:43:33.392 +04:00 [INF] POST /api/v1/progress responded 200 in 13ms (user: anonymous)
2026-08-15 12:43:33.399 +04:00 [INF] GET /api/v1/profile responded 200 in 12ms (user: anonymous)
2026-08-15 12:43:33.403 +04:00 [INF] GET /api/v1/stories/ff71137a-c796-499b-9a8e-5cc111b19174 responded 200 in 1ms (user: anonymous)
2026-08-15 12:43:33.405 +04:00 [INF] GET /api/v1/profile responded 200 in 3ms (user: anonymous)
2026-08-15 12:43:33.408 +04:00 [INF] OPTIONS /api/v1/progress/reading-history responded 204 in 0ms (user: anonymous)
2026-08-15 12:43:33.435 +04:00 [INF] POST /api/v1/progress responded 200 in 4ms (user: anonymous)
2026-08-15 12:43:33.443 +04:00 [INF] POST /api/v1/progress/reading-history responded 200 in 6ms (user: anonymous)
2026-08-15 12:43:33.461 +04:00 [INF] OPTIONS /api/v1/progress/streak responded 204 in 0ms (user: anonymous)
2026-08-15 12:43:33.462 +04:00 [INF] POST /api/v1/progress/reading-history responded 200 in 2ms (user: anonymous)
2026-08-15 12:43:33.462 +04:00 [INF] POST /api/v1/progress responded 200 in 3ms (user: anonymous)
2026-08-15 12:43:33.477 +04:00 [INF] GET /api/v1/progress/streak responded 200 in 7ms (user: anonymous)
2026-08-15 12:43:33.483 +04:00 [INF] GET /api/v1/progress/streak responded 200 in 3ms (user: anonymous)
2026-08-15 12:43:33.485 +04:00 [INF] POST /api/v1/progress/reading-history responded 200 in 2ms (user: anonymous)
2026-08-15 12:43:33.495 +04:00 [INF] GET /api/v1/progress/streak responded 200 in 2ms (user: anonymous)
2026-08-15 12:43:37.342 +04:00 [INF] GET /api/v1/stories/ff71137a-c796-499b-9a8e-5cc111b19174 responded 200 in 0ms (user: anonymous)
2026-08-15 12:43:37.343 +04:00 [INF] GET /api/v1/profile responded 200 in 2ms (user: anonymous)
2026-08-15 12:43:37.345 +04:00 [INF] POST /api/v1/progress responded 200 in 4ms (user: anonymous)
2026-08-15 12:43:37.348 +04:00 [INF] GET /api/v1/profile responded 200 in 3ms (user: anonymous)
2026-08-15 12:43:37.362 +04:00 [INF] POST /api/v1/progress/reading-history responded 200 in 2ms (user: anonymous)
2026-08-15 12:43:37.364 +04:00 [INF] POST /api/v1/progress responded 200 in 3ms (user: anonymous)
2026-08-15 12:43:37.401 +04:00 [INF] POST /api/v1/progress/reading-history responded 200 in 3ms (user: anonymous)
2026-08-15 12:43:37.401 +04:00 [INF] GET /api/v1/progress/streak responded 200 in 3ms (user: anonymous)
2026-08-15 12:43:37.424 +04:00 [INF] GET /api/v1/progress/streak responded 200 in 4ms (user: anonymous)
2026-08-15 12:43:37.401 +04:00 [INF] POST /api/v1/progress responded 200 in 5ms (user: anonymous)
2026-08-15 12:43:37.440 +04:00 [INF] POST /api/v1/progress/reading-history responded 200 in 3ms (user: anonymous)
2026-08-15 12:43:37.454 +04:00 [INF] GET /api/v1/progress/streak responded 200 in 3ms (user: anonymous)
2026-08-15 12:43:40.354 +04:00 [INF] OPTIONS /api/v1/profile responded 204 in 0ms (user: anonymous)
2026-08-15 12:43:40.354 +04:00 [INF] OPTIONS /api/v1/profile responded 204 in 0ms (user: anonymous)
2026-08-15 12:43:40.354 +04:00 [INF] OPTIONS /api/v1/stories/ff71137a-c796-499b-9a8e-5cc111b19174 responded 204 in 0ms (user: anonymous)
2026-08-15 12:43:40.354 +04:00 [INF] OPTIONS /api/v1/progress responded 204 in 0ms (user: anonymous)
2026-08-15 12:43:40.362 +04:00 [INF] GET /api/v1/profile responded 200 in 3ms (user: anonymous)
2026-08-15 12:43:40.367 +04:00 [INF] GET /api/v1/stories/ff71137a-c796-499b-9a8e-5cc111b19174 responded 200 in 1ms (user: anonymous)
2026-08-15 12:43:40.367 +04:00 [INF] GET /api/v1/profile responded 200 in 4ms (user: anonymous)
2026-08-15 12:43:40.376 +04:00 [INF] POST /api/v1/progress responded 200 in 5ms (user: anonymous)
2026-08-15 12:43:40.387 +04:00 [INF] POST /api/v1/progress responded 200 in 3ms (user: anonymous)
2026-08-15 12:43:40.411 +04:00 [INF] OPTIONS /api/v1/progress/reading-history responded 204 in 0ms (user: anonymous)
2026-08-15 12:43:40.411 +04:00 [INF] OPTIONS /api/v1/progress/reading-history responded 204 in 0ms (user: anonymous)
2026-08-15 12:43:40.414 +04:00 [INF] POST /api/v1/progress responded 200 in 3ms (user: anonymous)
2026-08-15 12:43:40.425 +04:00 [INF] POST /api/v1/progress/reading-history responded 200 in 3ms (user: anonymous)
2026-08-15 12:43:40.431 +04:00 [INF] POST /api/v1/progress/reading-history responded 200 in 2ms (user: anonymous)
2026-08-15 12:43:40.438 +04:00 [INF] POST /api/v1/progress/reading-history responded 200 in 2ms (user: anonymous)
2026-08-15 12:43:40.442 +04:00 [INF] OPTIONS /api/v1/progress/streak responded 204 in 0ms (user: anonymous)
2026-08-15 12:43:40.444 +04:00 [INF] OPTIONS /api/v1/progress/streak responded 204 in 0ms (user: anonymous)
2026-08-15 12:43:40.449 +04:00 [INF] OPTIONS /api/v1/progress/streak responded 204 in 0ms (user: anonymous)
2026-08-15 12:43:40.454 +04:00 [INF] GET /api/v1/progress/streak responded 200 in 3ms (user: anonymous)
2026-08-15 12:43:40.464 +04:00 [INF] GET /api/v1/progress/streak responded 200 in 8ms (user: anonymous)
2026-08-15 12:43:40.468 +04:00 [INF] GET /api/v1/progress/streak responded 200 in 2ms (user: anonymous)
2026-08-15 13:09:35.374 +04:00 [INF] OPTIONS /api/v1/auth/refresh-token responded 204 in 0ms (user: anonymous)
2026-08-15 13:09:35.405 +04:00 [INF] POST /api/v1/auth/refresh-token responded 200 in 21ms (user: anonymous)
2026-08-15 13:09:35.413 +04:00 [ERR] Unhandled exception on /api/v1/auth/refresh-token
System.ArgumentNullException: IDX10000: The parameter 'token' cannot be a 'null' or an empty object.  (Parameter 'token')
   at System.IdentityModel.Tokens.Jwt.JwtSecurityTokenHandler.ValidateToken(String token, TokenValidationParameters validationParameters, SecurityToken& validatedToken)
   at EnglishLearningPlatform.Infrastructure.Identity.JwtTokenService.GetPrincipalFromExpiredToken(String token) in C:\Users\Ravan999\Desktop\Aygun-Final\Final-Project-ReadLingo-Back\EnglishLearningPlatform.Infrastructure\Identity\JwtTokenService .cs:line 72
   at EnglishLearningPlatform.Application.Services.AuthService.RefreshTokenAsync(RefreshTokenRequestDto dto, String ipAddress, CancellationToken cancellationToken) in C:\Users\Ravan999\Desktop\Aygun-Final\Final-Project-ReadLingo-Back\EnglishLearningPlatform.Application\Services\AuthService .cs:line 91
   at EnglishLearningPlatform.API.Controllers.V1.AuthController.RefreshToken(RefreshTokenRequestDto dto, CancellationToken cancellationToken) in C:\Users\Ravan999\Desktop\Aygun-Final\Final-Project-ReadLingo-Back\EnglishLearningPlatform.API\Controllers\V1\AuthController.cs:line 47
   at Microsoft.AspNetCore.Mvc.Infrastructure.ActionMethodExecutor.TaskOfIActionResultExecutor.Execute(ActionContext actionContext, IActionResultTypeMapper mapper, ObjectMethodExecutor executor, Object controller, Object[] arguments)
   at Microsoft.AspNetCore.Mvc.Infrastructure.ControllerActionInvoker.<InvokeActionMethodAsync>g__Awaited|12_0(ControllerActionInvoker invoker, ValueTask`1 actionResultValueTask)
   at Microsoft.AspNetCore.Mvc.Infrastructure.ControllerActionInvoker.<InvokeNextActionFilterAsync>g__Awaited|10_0(ControllerActionInvoker invoker, Task lastTask, State next, Scope scope, Object state, Boolean isCompleted)
   at Microsoft.AspNetCore.Mvc.Infrastructure.ControllerActionInvoker.Rethrow(ActionExecutedContextSealed context)
   at Microsoft.AspNetCore.Mvc.Infrastructure.ControllerActionInvoker.Next(State& next, Scope& scope, Object& state, Boolean& isCompleted)
   at Microsoft.AspNetCore.Mvc.Infrastructure.ControllerActionInvoker.InvokeInnerFilterAsync()
--- End of stack trace from previous location ---
   at Microsoft.AspNetCore.Mvc.Infrastructure.ResourceInvoker.<InvokeFilterPipelineAsync>g__Awaited|20_0(ResourceInvoker invoker, Task lastTask, State next, Scope scope, Object state, Boolean isCompleted)
   at Microsoft.AspNetCore.Mvc.Infrastructure.ResourceInvoker.<InvokeAsync>g__Awaited|17_0(ResourceInvoker invoker, Task task, IDisposable scope)
   at Microsoft.AspNetCore.Mvc.Infrastructure.ResourceInvoker.<InvokeAsync>g__Awaited|17_0(ResourceInvoker invoker, Task task, IDisposable scope)
   at Microsoft.AspNetCore.Authorization.AuthorizationMiddleware.Invoke(HttpContext context)
   at Microsoft.AspNetCore.Authentication.AuthenticationMiddleware.Invoke(HttpContext context)
   at Microsoft.AspNetCore.RateLimiting.RateLimitingMiddleware.InvokeInternal(HttpContext context, EnableRateLimitingAttribute enableRateLimitingAttribute)
   at Swashbuckle.AspNetCore.SwaggerUI.SwaggerUIMiddleware.Invoke(HttpContext httpContext)
   at Swashbuckle.AspNetCore.Swagger.SwaggerMiddleware.Invoke(HttpContext httpContext, ISwaggerProvider swaggerProvider)
   at EnglishLearningPlatform.API.Middlewares.RequestLoggingMiddleware.InvokeAsync(HttpContext context) in C:\Users\Ravan999\Desktop\Aygun-Final\Final-Project-ReadLingo-Back\EnglishLearningPlatform.API\Middlewares\RequestLoggingMiddleware.cs:line 24
   at EnglishLearningPlatform.API.Middlewares.ExceptionHandlingMiddleware.InvokeAsync(HttpContext context) in C:\Users\Ravan999\Desktop\Aygun-Final\Final-Project-ReadLingo-Back\EnglishLearningPlatform.API\Middlewares\ExceptionHandlingMiddleware.cs:line 27
2026-08-15 13:10:24.530 +04:00 [INF] OPTIONS /api/v1/auth/login responded 204 in 0ms (user: anonymous)
2026-08-15 13:10:25.265 +04:00 [INF] POST /api/v1/auth/login responded 400 in 731ms (user: anonymous)
2026-08-15 13:11:16.909 +04:00 [INF] OPTIONS /api/v1/auth/login responded 204 in 0ms (user: anonymous)
2026-08-15 13:11:16.983 +04:00 [INF] POST /api/v1/auth/login responded 200 in 64ms (user: anonymous)
2026-08-15 13:11:17.031 +04:00 [INF] OPTIONS /api/v1/profile responded 204 in 0ms (user: anonymous)
2026-08-15 13:11:17.033 +04:00 [INF] OPTIONS /api/v1/profile responded 204 in 0ms (user: anonymous)
2026-08-15 13:11:17.033 +04:00 [INF] OPTIONS /api/v1/stories responded 204 in 0ms (user: anonymous)
2026-08-15 13:11:17.033 +04:00 [INF] OPTIONS /api/v1/profile responded 204 in 0ms (user: anonymous)
2026-08-15 13:11:17.034 +04:00 [INF] OPTIONS /api/v1/profile responded 204 in 0ms (user: anonymous)
2026-08-15 13:11:17.035 +04:00 [INF] OPTIONS /api/v1/stories responded 204 in 0ms (user: anonymous)
2026-08-15 13:11:17.069 +04:00 [INF] GET /api/v1/profile responded 200 in 24ms (user: anonymous)
2026-08-15 13:11:17.070 +04:00 [INF] GET /api/v1/stories responded 200 in 13ms (user: anonymous)
2026-08-15 13:11:17.072 +04:00 [INF] GET /api/v1/stories responded 200 in 0ms (user: anonymous)
2026-08-15 13:11:17.077 +04:00 [INF] GET /api/v1/profile responded 200 in 4ms (user: anonymous)
2026-08-15 13:11:17.083 +04:00 [INF] GET /api/v1/profile responded 200 in 3ms (user: anonymous)
2026-08-15 13:11:17.085 +04:00 [INF] GET /api/v1/profile responded 200 in 1ms (user: anonymous)
2026-08-15 13:11:21.699 +04:00 [INF] OPTIONS /api/v1/stories/ff71137a-c796-499b-9a8e-5cc111b19174 responded 204 in 0ms (user: anonymous)
2026-08-15 13:11:21.699 +04:00 [INF] OPTIONS /api/v1/stories/ff71137a-c796-499b-9a8e-5cc111b19174 responded 204 in 0ms (user: anonymous)
2026-08-15 13:11:21.705 +04:00 [INF] GET /api/v1/profile responded 200 in 5ms (user: anonymous)
2026-08-15 13:11:21.711 +04:00 [INF] GET /api/v1/profile responded 200 in 3ms (user: anonymous)
2026-08-15 13:11:21.719 +04:00 [INF] GET /api/v1/stories/ff71137a-c796-499b-9a8e-5cc111b19174 responded 200 in 11ms (user: anonymous)
2026-08-15 13:11:21.724 +04:00 [INF] GET /api/v1/stories/ff71137a-c796-499b-9a8e-5cc111b19174 responded 200 in 3ms (user: anonymous)
2026-08-15 13:11:23.424 +04:00 [INF] OPTIONS /api/v1/profile responded 204 in 0ms (user: anonymous)
2026-08-15 13:11:23.424 +04:00 [INF] OPTIONS /api/v1/profile responded 204 in 0ms (user: anonymous)
2026-08-15 13:11:23.424 +04:00 [INF] OPTIONS /api/v1/profile responded 204 in 0ms (user: anonymous)
2026-08-15 13:11:23.424 +04:00 [INF] OPTIONS /api/v1/profile responded 204 in 0ms (user: anonymous)
2026-08-15 13:11:23.429 +04:00 [INF] GET /api/v1/stories/ff71137a-c796-499b-9a8e-5cc111b19174 responded 200 in 4ms (user: anonymous)
2026-08-15 13:11:23.435 +04:00 [INF] GET /api/v1/stories/ff71137a-c796-499b-9a8e-5cc111b19174 responded 200 in 1ms (user: anonymous)
2026-08-15 13:11:23.438 +04:00 [INF] GET /api/v1/profile responded 200 in 3ms (user: anonymous)
2026-08-15 13:11:23.445 +04:00 [INF] GET /api/v1/profile responded 200 in 2ms (user: anonymous)
2026-08-15 13:11:23.450 +04:00 [INF] GET /api/v1/profile responded 200 in 2ms (user: anonymous)
2026-08-15 13:11:23.457 +04:00 [INF] GET /api/v1/profile responded 200 in 3ms (user: anonymous)
2026-08-15 13:11:23.462 +04:00 [INF] OPTIONS /api/v1/progress responded 204 in 0ms (user: anonymous)
2026-08-15 13:11:23.482 +04:00 [INF] POST /api/v1/progress responded 200 in 11ms (user: anonymous)
2026-08-15 13:11:23.488 +04:00 [INF] POST /api/v1/progress responded 200 in 4ms (user: anonymous)
2026-08-15 13:11:23.488 +04:00 [INF] POST /api/v1/progress responded 200 in 4ms (user: anonymous)
2026-08-15 13:11:23.505 +04:00 [INF] OPTIONS /api/v1/progress/reading-history responded 204 in 0ms (user: anonymous)
2026-08-15 13:11:23.508 +04:00 [INF] OPTIONS /api/v1/progress/reading-history responded 204 in 0ms (user: anonymous)
2026-08-15 13:11:23.508 +04:00 [INF] OPTIONS /api/v1/progress/reading-history responded 204 in 0ms (user: anonymous)
2026-08-15 13:11:23.509 +04:00 [INF] POST /api/v1/progress responded 200 in 5ms (user: anonymous)
2026-08-15 13:11:23.520 +04:00 [INF] POST /api/v1/progress/reading-history responded 200 in 6ms (user: anonymous)
2026-08-15 13:11:23.525 +04:00 [INF] POST /api/v1/progress/reading-history responded 200 in 3ms (user: anonymous)
2026-08-15 13:11:23.528 +04:00 [INF] POST /api/v1/progress/reading-history responded 200 in 2ms (user: anonymous)
2026-08-15 13:11:23.534 +04:00 [INF] POST /api/v1/progress/reading-history responded 200 in 1ms (user: anonymous)
2026-08-15 13:11:23.537 +04:00 [INF] OPTIONS /api/v1/progress/streak responded 204 in 0ms (user: anonymous)
2026-08-15 13:11:23.542 +04:00 [INF] OPTIONS /api/v1/progress/streak responded 204 in 0ms (user: anonymous)
2026-08-15 13:11:23.544 +04:00 [INF] OPTIONS /api/v1/progress/streak responded 204 in 0ms (user: anonymous)
2026-08-15 13:11:23.548 +04:00 [INF] OPTIONS /api/v1/progress/streak responded 204 in 0ms (user: anonymous)
2026-08-15 13:11:23.552 +04:00 [INF] GET /api/v1/progress/streak responded 200 in 2ms (user: anonymous)
2026-08-15 13:11:23.558 +04:00 [INF] GET /api/v1/progress/streak responded 200 in 2ms (user: anonymous)
2026-08-15 13:11:23.562 +04:00 [INF] GET /api/v1/progress/streak responded 200 in 2ms (user: anonymous)
2026-08-15 13:11:23.565 +04:00 [INF] GET /api/v1/progress/streak responded 200 in 1ms (user: anonymous)
2026-08-15 13:12:05.915 +04:00 [INF] OPTIONS /api/v1/translations/translate responded 204 in 0ms (user: anonymous)
2026-08-15 13:12:05.927 +04:00 [WRN] AI provider is not configured; returning a placeholder response.
2026-08-15 13:12:05.933 +04:00 [INF] POST /api/v1/translations/translate responded 400 in 10ms (user: anonymous)
