2026-08-23 00:25:10.250 +04:00 [WRN] Entity 'Story' has a global query filter defined and is the required end of a relationship with the entity 'Chapter'. This may lead to unexpected results when the required entity is filtered out. Either configure the navigation as optional, or define matching query filters for both entities in the navigation. See https://go.microsoft.com/fwlink/?linkid=2131316 for more information.
2026-08-23 00:25:10.282 +04:00 [WRN] Entity 'Story' has a global query filter defined and is the required end of a relationship with the entity 'DailyStoryReadLog'. This may lead to unexpected results when the required entity is filtered out. Either configure the navigation as optional, or define matching query filters for both entities in the navigation. See https://go.microsoft.com/fwlink/?linkid=2131316 for more information.
2026-08-23 00:25:10.284 +04:00 [WRN] Entity 'Story' has a global query filter defined and is the required end of a relationship with the entity 'FavoriteStory'. This may lead to unexpected results when the required entity is filtered out. Either configure the navigation as optional, or define matching query filters for both entities in the navigation. See https://go.microsoft.com/fwlink/?linkid=2131316 for more information.
2026-08-23 00:25:10.285 +04:00 [WRN] Entity 'Story' has a global query filter defined and is the required end of a relationship with the entity 'QuizAttempt'. This may lead to unexpected results when the required entity is filtered out. Either configure the navigation as optional, or define matching query filters for both entities in the navigation. See https://go.microsoft.com/fwlink/?linkid=2131316 for more information.
2026-08-23 00:25:10.287 +04:00 [WRN] Entity 'Story' has a global query filter defined and is the required end of a relationship with the entity 'ReadingHistory'. This may lead to unexpected results when the required entity is filtered out. Either configure the navigation as optional, or define matching query filters for both entities in the navigation. See https://go.microsoft.com/fwlink/?linkid=2131316 for more information.
2026-08-23 00:25:10.289 +04:00 [WRN] Entity 'Story' has a global query filter defined and is the required end of a relationship with the entity 'RemainingCorrectCounter'. This may lead to unexpected results when the required entity is filtered out. Either configure the navigation as optional, or define matching query filters for both entities in the navigation. See https://go.microsoft.com/fwlink/?linkid=2131316 for more information.
2026-08-23 00:25:10.290 +04:00 [WRN] Entity 'Story' has a global query filter defined and is the required end of a relationship with the entity 'Review'. This may lead to unexpected results when the required entity is filtered out. Either configure the navigation as optional, or define matching query filters for both entities in the navigation. See https://go.microsoft.com/fwlink/?linkid=2131316 for more information.
2026-08-23 00:25:10.292 +04:00 [WRN] Entity 'Story' has a global query filter defined and is the required end of a relationship with the entity 'UserProgress'. This may lead to unexpected results when the required entity is filtered out. Either configure the navigation as optional, or define matching query filters for both entities in the navigation. See https://go.microsoft.com/fwlink/?linkid=2131316 for more information.
2026-08-23 00:25:12.119 +04:00 [INF] Database seeding completed successfully.
2026-08-23 00:25:13.309 +04:00 [INF] GET /swagger responded 301 in 4ms (user: anonymous)
2026-08-23 00:25:13.365 +04:00 [INF] GET /swagger/index.html responded 200 in 39ms (user: anonymous)
2026-08-23 00:25:13.388 +04:00 [INF] GET /swagger/swagger-ui-standalone-preset.js responded 200 in 12ms (user: anonymous)
2026-08-23 00:25:13.388 +04:00 [INF] GET /swagger/swagger-ui.css responded 200 in 12ms (user: anonymous)
2026-08-23 00:25:13.397 +04:00 [INF] GET /swagger/swagger-ui-bundle.js responded 200 in 21ms (user: anonymous)
2026-08-23 00:25:13.577 +04:00 [INF] GET /swagger/v1/swagger.json responded 200 in 42ms (user: anonymous)
2026-08-23 00:27:42.429 +04:00 [INF] OPTIONS /api/v1/auth/refresh-token responded 204 in 0ms (user: anonymous)
2026-08-23 00:27:42.514 +04:00 [INF] POST /api/v1/auth/refresh-token responded 200 in 70ms (user: anonymous)
2026-08-23 00:27:42.536 +04:00 [ERR] Unhandled exception on /api/v1/auth/refresh-token
System.ArgumentNullException: IDX10000: The parameter 'token' cannot be a 'null' or an empty object.  (Parameter 'token')
   at System.IdentityModel.Tokens.Jwt.JwtSecurityTokenHandler.ValidateToken(String token, TokenValidationParameters validationParameters, SecurityToken& validatedToken)
   at EnglishLearningPlatform.Infrastructure.Identity.JwtTokenService.GetPrincipalFromExpiredToken(String token) in C:\Users\Ravan999\Desktop\Aygun-Final\Final-Project-ReadLingo-Back\EnglishLearningPlatform.Infrastructure\Identity\JwtTokenService .cs:line 72
   at EnglishLearningPlatform.Application.Services.AuthService.RefreshTokenAsync(RefreshTokenRequestDto dto, String ipAddress, CancellationToken cancellationToken) in C:\Users\Ravan999\Desktop\Aygun-Final\Final-Project-ReadLingo-Back\EnglishLearningPlatform.Application\Services\AuthService .cs:line 91
   at EnglishLearningPlatform.API.Controllers.V1.AuthController.RefreshToken(RefreshTokenRequestDto dto, CancellationToken cancellationToken) in C:\Users\Ravan999\Desktop\Aygun-Final\Final-Project-ReadLingo-Back\EnglishLearningPlatform.API\Controllers\V1\AuthController.cs:line 47
   at Microsoft.AspNetCore.Mvc.Infrastructure.ActionMethodExecutor.TaskOfIActionResultExecutor.Execute(ActionContext actionContext, IActionResultTypeMapper mapper, ObjectMethodExecutor executor, Object controller, Object[] arguments)
   at Microsoft.AspNetCore.Mvc.Infrastructure.ControllerActionInvoker.<InvokeActionMethodAsync>g__Awaited|12_0(ControllerActionInvoker invoker, ValueTask`1 actionResultValueTask)
   at Microsoft.AspNetCore.Mvc.Infrastructure.ControllerActionInvoker.<InvokeNextActionFilterAsync>g__Awaited|10_0(ControllerActionInvoker invoker, Task lastTask, State next, Scope scope, Object state, Boolean isCompleted)
   at Microsoft.AspNetCore.Mvc.Infrastructure.ControllerActionInvoker.Rethrow(ActionExecutedContextSealed context)
   at Microsoft.AspNetCore.Mvc.Infrastructure.ControllerActionInvoker.Next(State& next, Scope& scope, Object& state, Boolean& isCompleted)
   at Microsoft.AspNetCore.Mvc.Infrastructure.ControllerActionInvoker.InvokeInnerFilterAsync()
--- End of stack trace from previous location ---
   at Microsoft.AspNetCore.Mvc.Infrastructure.ResourceInvoker.<InvokeFilterPipelineAsync>g__Awaited|20_0(ResourceInvoker invoker, Task lastTask, State next, Scope scope, Object state, Boolean isCompleted)
   at Microsoft.AspNetCore.Mvc.Infrastructure.ResourceInvoker.<InvokeAsync>g__Awaited|17_0(ResourceInvoker invoker, Task task, IDisposable scope)
   at Microsoft.AspNetCore.Mvc.Infrastructure.ResourceInvoker.<InvokeAsync>g__Awaited|17_0(ResourceInvoker invoker, Task task, IDisposable scope)
   at Microsoft.AspNetCore.Authorization.AuthorizationMiddleware.Invoke(HttpContext context)
   at Microsoft.AspNetCore.Authentication.AuthenticationMiddleware.Invoke(HttpContext context)
   at Microsoft.AspNetCore.RateLimiting.RateLimitingMiddleware.InvokeInternal(HttpContext context, EnableRateLimitingAttribute enableRateLimitingAttribute)
   at Swashbuckle.AspNetCore.SwaggerUI.SwaggerUIMiddleware.Invoke(HttpContext httpContext)
   at Swashbuckle.AspNetCore.Swagger.SwaggerMiddleware.Invoke(HttpContext httpContext, ISwaggerProvider swaggerProvider)
   at EnglishLearningPlatform.API.Middlewares.RequestLoggingMiddleware.InvokeAsync(HttpContext context) in C:\Users\Ravan999\Desktop\Aygun-Final\Final-Project-ReadLingo-Back\EnglishLearningPlatform.API\Middlewares\RequestLoggingMiddleware.cs:line 24
   at EnglishLearningPlatform.API.Middlewares.ExceptionHandlingMiddleware.InvokeAsync(HttpContext context) in C:\Users\Ravan999\Desktop\Aygun-Final\Final-Project-ReadLingo-Back\EnglishLearningPlatform.API\Middlewares\ExceptionHandlingMiddleware.cs:line 27
2026-08-23 00:31:16.718 +04:00 [INF] OPTIONS /api/v1/auth/login responded 204 in 0ms (user: anonymous)
2026-08-23 00:31:16.926 +04:00 [INF] POST /api/v1/auth/login responded 200 in 202ms (user: anonymous)
2026-08-23 00:31:16.958 +04:00 [INF] OPTIONS /api/v1/profile responded 204 in 0ms (user: anonymous)
2026-08-23 00:31:16.961 +04:00 [INF] OPTIONS /api/v1/profile responded 204 in 0ms (user: anonymous)
2026-08-23 00:31:16.961 +04:00 [INF] OPTIONS /api/v1/stories responded 204 in 0ms (user: anonymous)
2026-08-23 00:31:16.963 +04:00 [INF] OPTIONS /api/v1/profile responded 204 in 0ms (user: anonymous)
2026-08-23 00:31:16.963 +04:00 [INF] OPTIONS /api/v1/profile responded 204 in 0ms (user: anonymous)
2026-08-23 00:31:16.963 +04:00 [INF] OPTIONS /api/v1/stories responded 204 in 0ms (user: anonymous)
2026-08-23 00:31:17.141 +04:00 [WRN] Compiling a query which loads related collections for more than one collection navigation, either via 'Include' or through projection, but no 'QuerySplittingBehavior' has been configured. By default, Entity Framework will use 'QuerySplittingBehavior.SingleQuery', which can potentially result in slow query performance. See https://go.microsoft.com/fwlink/?linkid=2134277 for more information. To identify the query that's triggering this warning call 'ConfigureWarnings(w => w.Throw(RelationalEventId.MultipleCollectionIncludeWarning))'.
2026-08-23 00:31:17.184 +04:00 [INF] GET /api/v1/stories responded 200 in 210ms (user: anonymous)
2026-08-23 00:31:17.188 +04:00 [INF] GET /api/v1/stories responded 200 in 1ms (user: anonymous)
2026-08-23 00:31:17.223 +04:00 [INF] GET /api/v1/profile responded 200 in 258ms (user: anonymous)
2026-08-23 00:31:17.233 +04:00 [INF] GET /api/v1/profile responded 200 in 7ms (user: anonymous)
2026-08-23 00:31:17.239 +04:00 [INF] GET /uploads/profile-pictures/f7854795c420452884b8c1d60caec115.png responded 304 in 1ms (user: anonymous)
2026-08-23 00:31:17.239 +04:00 [INF] GET /api/v1/profile responded 200 in 5ms (user: anonymous)
2026-08-23 00:31:17.247 +04:00 [INF] GET /api/v1/profile responded 200 in 6ms (user: anonymous)
2026-08-23 00:31:17.267 +04:00 [INF] GET /uploads/story-covers/c0bc5126a8c84930a0ab6bc8e1fb5b1d.png responded 304 in 0ms (user: anonymous)
2026-08-23 00:31:17.267 +04:00 [INF] GET /uploads/story-covers/dae6c25b60be4a36b63e4da2428cefc3.png responded 304 in 0ms (user: anonymous)
2026-08-23 00:31:17.267 +04:00 [INF] GET /uploads/story-covers/e362dbad11c44eb2adbfc21ac47c8c13.png responded 304 in 0ms (user: anonymous)
2026-08-23 00:31:17.267 +04:00 [INF] GET /uploads/story-covers/9115ea7c325b4aff948ba6955fb48166.png responded 304 in 0ms (user: anonymous)
2026-08-23 00:33:52.630 +04:00 [INF] OPTIONS /api/v1/profile responded 204 in 0ms (user: anonymous)
2026-08-23 00:33:52.630 +04:00 [INF] OPTIONS /api/v1/profile responded 204 in 0ms (user: anonymous)
2026-08-23 00:33:52.648 +04:00 [INF] GET /api/v1/profile responded 200 in 12ms (user: anonymous)
2026-08-23 00:33:52.655 +04:00 [INF] GET /api/v1/profile responded 200 in 5ms (user: anonymous)
2026-08-23 00:33:55.726 +04:00 [INF] GET /api/v1/profile responded 200 in 7ms (user: anonymous)
2026-08-23 00:33:55.738 +04:00 [INF] GET /api/v1/profile responded 200 in 8ms (user: anonymous)
2026-08-23 00:34:02.940 +04:00 [INF] OPTIONS /api/v1/profile responded 204 in 0ms (user: anonymous)
2026-08-23 00:34:02.940 +04:00 [INF] OPTIONS /api/v1/profile responded 204 in 0ms (user: anonymous)
2026-08-23 00:34:02.940 +04:00 [INF] OPTIONS /api/v1/profile responded 204 in 0ms (user: anonymous)
2026-08-23 00:34:02.940 +04:00 [INF] OPTIONS /api/v1/profile responded 204 in 0ms (user: anonymous)
2026-08-23 00:34:02.950 +04:00 [INF] GET /api/v1/profile responded 200 in 4ms (user: anonymous)
2026-08-23 00:34:02.963 +04:00 [INF] GET /api/v1/profile responded 200 in 11ms (user: anonymous)
2026-08-23 00:34:02.968 +04:00 [INF] GET /api/v1/profile responded 200 in 4ms (user: anonymous)
2026-08-23 00:34:02.977 +04:00 [INF] GET /api/v1/profile responded 200 in 7ms (user: anonymous)
2026-08-23 00:34:02.995 +04:00 [INF] GET /api/v1/profile responded 200 in 9ms (user: anonymous)
2026-08-23 00:34:03.004 +04:00 [INF] GET /api/v1/profile responded 200 in 7ms (user: anonymous)
2026-08-23 00:34:06.066 +04:00 [INF] OPTIONS /api/v1/vocabularies responded 204 in 0ms (user: anonymous)
2026-08-23 00:34:06.066 +04:00 [INF] OPTIONS /api/v1/vocabularies responded 204 in 0ms (user: anonymous)
2026-08-23 00:34:06.070 +04:00 [INF] GET /api/v1/profile responded 200 in 4ms (user: anonymous)
2026-08-23 00:34:06.076 +04:00 [INF] GET /api/v1/profile responded 200 in 5ms (user: anonymous)
2026-08-23 00:34:06.136 +04:00 [INF] GET /api/v1/vocabularies responded 200 in 65ms (user: anonymous)
2026-08-23 00:34:06.144 +04:00 [INF] GET /api/v1/vocabularies responded 200 in 5ms (user: anonymous)
2026-08-23 00:34:06.181 +04:00 [INF] GET /api/v1/vocabularies responded 200 in 9ms (user: anonymous)
2026-08-23 00:34:06.203 +04:00 [INF] GET /api/v1/vocabularies responded 200 in 16ms (user: anonymous)
2026-08-23 00:34:10.950 +04:00 [INF] OPTIONS /api/v1/profile responded 204 in 0ms (user: anonymous)
2026-08-23 00:34:10.950 +04:00 [INF] OPTIONS /api/v1/profile responded 204 in 0ms (user: anonymous)
2026-08-23 00:34:10.954 +04:00 [INF] GET /api/v1/vocabularies responded 200 in 4ms (user: anonymous)
2026-08-23 00:34:10.960 +04:00 [INF] GET /api/v1/profile responded 200 in 6ms (user: anonymous)
2026-08-23 00:34:10.961 +04:00 [INF] GET /api/v1/vocabularies responded 200 in 6ms (user: anonymous)
2026-08-23 00:34:10.967 +04:00 [INF] GET /api/v1/profile responded 200 in 4ms (user: anonymous)
2026-08-23 00:34:10.986 +04:00 [INF] GET /api/v1/vocabularies responded 200 in 5ms (user: anonymous)
2026-08-23 00:34:11.003 +04:00 [INF] GET /api/v1/vocabularies responded 200 in 14ms (user: anonymous)
2026-08-23 00:34:14.310 +04:00 [INF] GET /api/v1/profile responded 200 in 4ms (user: anonymous)
2026-08-23 00:34:14.315 +04:00 [INF] GET /api/v1/profile responded 200 in 3ms (user: anonymous)
2026-08-23 00:34:16.072 +04:00 [INF] OPTIONS /api/v1/profile responded 204 in 0ms (user: anonymous)
2026-08-23 00:34:16.072 +04:00 [INF] OPTIONS /api/v1/profile responded 204 in 0ms (user: anonymous)
2026-08-23 00:34:16.085 +04:00 [INF] GET /api/v1/profile responded 200 in 6ms (user: anonymous)
2026-08-23 00:34:16.090 +04:00 [INF] GET /api/v1/profile responded 200 in 4ms (user: anonymous)
2026-08-23 00:34:17.755 +04:00 [INF] GET /api/v1/profile responded 200 in 3ms (user: anonymous)
2026-08-23 00:34:17.763 +04:00 [INF] GET /api/v1/profile responded 200 in 6ms (user: anonymous)
2026-08-23 00:34:17.768 +04:00 [INF] GET /api/v1/profile responded 200 in 3ms (user: anonymous)
2026-08-23 00:34:17.775 +04:00 [INF] GET /api/v1/profile responded 200 in 5ms (user: anonymous)
2026-08-23 00:34:22.912 +04:00 [INF] OPTIONS /api/v1/profile responded 204 in 0ms (user: anonymous)
2026-08-23 00:34:22.912 +04:00 [INF] OPTIONS /api/v1/profile responded 204 in 0ms (user: anonymous)
2026-08-23 00:34:22.919 +04:00 [INF] GET /api/v1/profile responded 200 in 3ms (user: anonymous)
2026-08-23 00:34:22.927 +04:00 [INF] GET /api/v1/profile responded 200 in 6ms (user: anonymous)
2026-08-23 00:35:18.145 +04:00 [INF] OPTIONS /api/v1/profile responded 204 in 0ms (user: anonymous)
2026-08-23 00:35:18.146 +04:00 [INF] OPTIONS /api/v1/stories responded 204 in 0ms (user: anonymous)
2026-08-23 00:35:18.146 +04:00 [INF] OPTIONS /api/v1/profile responded 204 in 0ms (user: anonymous)
2026-08-23 00:35:18.146 +04:00 [INF] OPTIONS /api/v1/profile responded 204 in 0ms (user: anonymous)
2026-08-23 00:35:18.146 +04:00 [INF] OPTIONS /api/v1/profile responded 204 in 0ms (user: anonymous)
2026-08-23 00:35:18.146 +04:00 [INF] OPTIONS /api/v1/stories responded 204 in 0ms (user: anonymous)
2026-08-23 00:35:18.156 +04:00 [INF] GET /api/v1/profile responded 200 in 6ms (user: anonymous)
2026-08-23 00:35:18.163 +04:00 [INF] GET /api/v1/stories responded 200 in 10ms (user: anonymous)
2026-08-23 00:35:18.163 +04:00 [INF] GET /api/v1/profile responded 200 in 3ms (user: anonymous)
2026-08-23 00:35:18.164 +04:00 [INF] GET /api/v1/stories responded 200 in 0ms (user: anonymous)
2026-08-23 00:35:18.166 +04:00 [INF] GET /api/v1/profile responded 200 in 2ms (user: anonymous)
2026-08-23 00:35:18.166 +04:00 [INF] GET /api/v1/profile responded 200 in 2ms (user: anonymous)
2026-08-23 00:36:56.233 +04:00 [INF] OPTIONS /api/v1/profile responded 204 in 0ms (user: anonymous)
2026-08-23 00:36:56.233 +04:00 [INF] OPTIONS /api/v1/profile responded 204 in 0ms (user: anonymous)
2026-08-23 00:36:56.241 +04:00 [INF] GET /api/v1/profile responded 200 in 3ms (user: anonymous)
2026-08-23 00:36:56.245 +04:00 [INF] GET /api/v1/profile responded 200 in 2ms (user: anonymous)
2026-08-23 00:39:03.414 +04:00 [INF] OPTIONS /api/v1/stories responded 204 in 0ms (user: anonymous)
2026-08-23 00:39:03.414 +04:00 [INF] OPTIONS /api/v1/profile responded 204 in 0ms (user: anonymous)
2026-08-23 00:39:03.414 +04:00 [INF] OPTIONS /api/v1/stories responded 204 in 0ms (user: anonymous)
2026-08-23 00:39:03.414 +04:00 [INF] OPTIONS /api/v1/story-categories responded 204 in 0ms (user: anonymous)
2026-08-23 00:39:03.415 +04:00 [INF] OPTIONS /api/v1/profile responded 204 in 0ms (user: anonymous)
2026-08-23 00:39:03.415 +04:00 [INF] OPTIONS /api/v1/story-categories responded 204 in 0ms (user: anonymous)
2026-08-23 00:39:03.423 +04:00 [INF] GET /api/v1/stories responded 200 in 3ms (user: anonymous)
2026-08-23 00:39:03.425 +04:00 [INF] GET /api/v1/stories responded 200 in 0ms (user: anonymous)
2026-08-23 00:39:03.426 +04:00 [INF] GET /api/v1/profile responded 200 in 3ms (user: anonymous)
2026-08-23 00:39:03.436 +04:00 [INF] GET /api/v1/profile responded 200 in 5ms (user: anonymous)
2026-08-23 00:39:03.458 +04:00 [INF] GET /api/v1/story-categories responded 200 in 28ms (user: anonymous)
2026-08-23 00:39:03.461 +04:00 [INF] GET /api/v1/story-categories responded 200 in 0ms (user: anonymous)
2026-08-23 00:40:30.415 +04:00 [INF] OPTIONS /api/v1/story-categories responded 204 in 0ms (user: anonymous)
2026-08-23 00:40:30.415 +04:00 [INF] OPTIONS /api/v1/profile responded 204 in 0ms (user: anonymous)
2026-08-23 00:40:30.415 +04:00 [INF] OPTIONS /api/v1/profile responded 204 in 0ms (user: anonymous)
2026-08-23 00:40:30.415 +04:00 [INF] OPTIONS /api/v1/stories responded 204 in 0ms (user: anonymous)
2026-08-23 00:40:30.416 +04:00 [INF] OPTIONS /api/v1/stories responded 204 in 0ms (user: anonymous)
2026-08-23 00:40:30.416 +04:00 [INF] OPTIONS /api/v1/story-categories responded 204 in 0ms (user: anonymous)
2026-08-23 00:40:30.424 +04:00 [INF] GET /api/v1/story-categories responded 200 in 1ms (user: anonymous)
2026-08-23 00:40:30.428 +04:00 [INF] GET /api/v1/profile responded 200 in 2ms (user: anonymous)
2026-08-23 00:40:30.433 +04:00 [INF] GET /api/v1/stories responded 200 in 0ms (user: anonymous)
2026-08-23 00:40:30.435 +04:00 [INF] GET /api/v1/stories responded 200 in 0ms (user: anonymous)
2026-08-23 00:40:30.436 +04:00 [INF] GET /api/v1/profile responded 200 in 4ms (user: anonymous)
2026-08-23 00:40:30.437 +04:00 [INF] GET /api/v1/story-categories responded 200 in 1ms (user: anonymous)
2026-08-23 00:40:31.718 +04:00 [INF] GET /api/v1/story-categories responded 200 in 0ms (user: anonymous)
2026-08-23 00:40:31.718 +04:00 [INF] GET /api/v1/stories responded 200 in 0ms (user: anonymous)
2026-08-23 00:40:31.720 +04:00 [INF] GET /api/v1/story-categories responded 200 in 0ms (user: anonymous)
2026-08-23 00:40:31.720 +04:00 [INF] GET /api/v1/stories responded 200 in 0ms (user: anonymous)
2026-08-23 00:40:31.723 +04:00 [INF] GET /api/v1/profile responded 200 in 5ms (user: anonymous)
2026-08-23 00:40:31.730 +04:00 [INF] GET /api/v1/profile responded 200 in 5ms (user: anonymous)
2026-08-23 00:41:49.369 +04:00 [INF] OPTIONS /api/v1/profile responded 204 in 0ms (user: anonymous)
2026-08-23 00:41:49.369 +04:00 [INF] OPTIONS /api/v1/stories responded 204 in 0ms (user: anonymous)
2026-08-23 00:41:49.370 +04:00 [INF] OPTIONS /api/v1/story-categories responded 204 in 0ms (user: anonymous)
2026-08-23 00:41:49.379 +04:00 [INF] GET /api/v1/profile responded 200 in 4ms (user: anonymous)
2026-08-23 00:41:49.381 +04:00 [INF] GET /api/v1/story-categories responded 200 in 0ms (user: anonymous)
2026-08-23 00:41:49.381 +04:00 [INF] GET /api/v1/stories responded 200 in 4ms (user: anonymous)
2026-08-23 00:41:52.365 +04:00 [INF] GET /api/v1/story-categories responded 200 in 0ms (user: anonymous)
2026-08-23 00:41:52.365 +04:00 [INF] GET /api/v1/stories responded 200 in 0ms (user: anonymous)
2026-08-23 00:41:52.368 +04:00 [INF] GET /api/v1/profile responded 200 in 3ms (user: anonymous)
2026-08-23 00:42:10.339 +04:00 [INF] OPTIONS /api/v1/profile responded 204 in 0ms (user: anonymous)
2026-08-23 00:42:10.339 +04:00 [INF] OPTIONS /api/v1/profile responded 204 in 0ms (user: anonymous)
2026-08-23 00:42:10.339 +04:00 [INF] OPTIONS /api/v1/profile responded 204 in 0ms (user: anonymous)
2026-08-23 00:42:10.339 +04:00 [INF] OPTIONS /api/v1/profile responded 204 in 0ms (user: anonymous)
2026-08-23 00:42:10.351 +04:00 [INF] GET /api/v1/profile responded 200 in 3ms (user: anonymous)
2026-08-23 00:42:10.354 +04:00 [INF] GET /api/v1/profile responded 200 in 2ms (user: anonymous)
2026-08-23 00:42:10.357 +04:00 [INF] GET /api/v1/profile responded 200 in 2ms (user: anonymous)
2026-08-23 00:42:10.365 +04:00 [INF] GET /api/v1/profile responded 200 in 6ms (user: anonymous)
2026-08-23 00:42:11.262 +04:00 [INF] OPTIONS /api/v1/auth/logout responded 204 in 0ms (user: anonymous)
2026-08-23 00:42:11.290 +04:00 [INF] POST /api/v1/auth/logout responded 200 in 24ms (user: anonymous)
2026-08-23 00:42:13.180 +04:00 [INF] OPTIONS /api/v1/story-categories responded 204 in 0ms (user: anonymous)
2026-08-23 00:42:13.180 +04:00 [INF] OPTIONS /api/v1/story-categories responded 204 in 0ms (user: anonymous)
2026-08-23 00:42:13.180 +04:00 [INF] OPTIONS /api/v1/stories responded 204 in 0ms (user: anonymous)
2026-08-23 00:42:13.180 +04:00 [INF] OPTIONS /api/v1/stories responded 204 in 0ms (user: anonymous)
2026-08-23 00:42:13.183 +04:00 [INF] GET /api/v1/story-categories responded 200 in 0ms (user: anonymous)
2026-08-23 00:42:13.187 +04:00 [INF] GET /api/v1/story-categories responded 200 in 0ms (user: anonymous)
2026-08-23 00:42:13.189 +04:00 [INF] GET /api/v1/stories responded 200 in 0ms (user: anonymous)
2026-08-23 00:42:13.191 +04:00 [INF] GET /api/v1/stories responded 200 in 0ms (user: anonymous)
2026-08-23 00:42:32.616 +04:00 [INF] OPTIONS /api/v1/auth/login responded 204 in 0ms (user: anonymous)
2026-08-23 00:42:32.669 +04:00 [INF] POST /api/v1/auth/login responded 200 in 47ms (user: anonymous)
2026-08-23 00:42:32.694 +04:00 [INF] OPTIONS /api/v1/profile responded 204 in 0ms (user: anonymous)
2026-08-23 00:42:32.699 +04:00 [INF] OPTIONS /api/v1/profile responded 204 in 0ms (user: anonymous)
2026-08-23 00:42:32.699 +04:00 [INF] OPTIONS /api/v1/stories responded 204 in 0ms (user: anonymous)
2026-08-23 00:42:32.699 +04:00 [INF] OPTIONS /api/v1/profile responded 204 in 0ms (user: anonymous)
2026-08-23 00:42:32.699 +04:00 [INF] OPTIONS /api/v1/profile responded 204 in 0ms (user: anonymous)
2026-08-23 00:42:32.699 +04:00 [INF] OPTIONS /api/v1/stories responded 204 in 0ms (user: anonymous)
2026-08-23 00:42:32.703 +04:00 [INF] GET /api/v1/profile responded 200 in 3ms (user: anonymous)
2026-08-23 00:42:32.708 +04:00 [INF] GET /api/v1/stories responded 200 in 0ms (user: anonymous)
2026-08-23 00:42:32.713 +04:00 [INF] GET /api/v1/profile responded 200 in 6ms (user: anonymous)
2026-08-23 00:42:32.714 +04:00 [INF] GET /api/v1/stories responded 200 in 0ms (user: anonymous)
2026-08-23 00:42:32.719 +04:00 [INF] GET /api/v1/profile responded 200 in 5ms (user: anonymous)
2026-08-23 00:42:32.723 +04:00 [INF] GET /api/v1/profile responded 200 in 9ms (user: anonymous)
2026-08-23 00:42:37.034 +04:00 [INF] OPTIONS /api/v1/auth/logout responded 204 in 0ms (user: anonymous)
2026-08-23 00:42:37.040 +04:00 [INF] POST /api/v1/auth/logout responded 200 in 3ms (user: anonymous)
2026-08-23 00:42:40.318 +04:00 [INF] OPTIONS /api/v1/stories responded 204 in 0ms (user: anonymous)
2026-08-23 00:42:40.318 +04:00 [INF] OPTIONS /api/v1/stories responded 204 in 0ms (user: anonymous)
2026-08-23 00:42:40.318 +04:00 [INF] OPTIONS /api/v1/story-categories responded 204 in 0ms (user: anonymous)
2026-08-23 00:42:40.318 +04:00 [INF] OPTIONS /api/v1/story-categories responded 204 in 0ms (user: anonymous)
2026-08-23 00:42:40.322 +04:00 [INF] GET /api/v1/stories responded 200 in 0ms (user: anonymous)
2026-08-23 00:42:40.324 +04:00 [INF] GET /api/v1/stories responded 200 in 0ms (user: anonymous)
2026-08-23 00:42:40.327 +04:00 [INF] GET /api/v1/story-categories responded 200 in 0ms (user: anonymous)
2026-08-23 00:42:40.330 +04:00 [INF] GET /api/v1/story-categories responded 200 in 0ms (user: anonymous)
2026-08-23 00:43:47.109 +04:00 [INF] OPTIONS /api/v1/stories responded 204 in 0ms (user: anonymous)
2026-08-23 00:43:47.109 +04:00 [INF] OPTIONS /api/v1/profile responded 204 in 0ms (user: anonymous)
2026-08-23 00:43:47.110 +04:00 [INF] OPTIONS /api/v1/profile responded 204 in 0ms (user: anonymous)
2026-08-23 00:43:47.110 +04:00 [INF] OPTIONS /api/v1/story-categories responded 204 in 0ms (user: anonymous)
2026-08-23 00:43:47.111 +04:00 [INF] OPTIONS /api/v1/stories responded 204 in 0ms (user: anonymous)
2026-08-23 00:43:47.111 +04:00 [INF] OPTIONS /api/v1/story-categories responded 204 in 0ms (user: anonymous)
2026-08-23 00:43:47.115 +04:00 [INF] GET /api/v1/stories responded 200 in 0ms (user: anonymous)
2026-08-23 00:43:47.122 +04:00 [INF] GET /api/v1/profile responded 401 in 3ms (user: anonymous)
2026-08-23 00:43:47.124 +04:00 [INF] GET /api/v1/profile responded 401 in 0ms (user: anonymous)
2026-08-23 00:43:47.127 +04:00 [INF] GET /api/v1/story-categories responded 200 in 0ms (user: anonymous)
2026-08-23 00:43:47.130 +04:00 [INF] GET /api/v1/stories responded 200 in 0ms (user: anonymous)
2026-08-23 00:43:47.135 +04:00 [INF] GET /api/v1/story-categories responded 200 in 0ms (user: anonymous)
2026-08-23 00:43:48.648 +04:00 [INF] GET /api/v1/profile responded 401 in 0ms (user: anonymous)
2026-08-23 00:43:48.648 +04:00 [INF] GET /api/v1/story-categories responded 200 in 0ms (user: anonymous)
2026-08-23 00:43:48.649 +04:00 [INF] GET /api/v1/stories responded 200 in 0ms (user: anonymous)
2026-08-23 00:43:48.650 +04:00 [INF] GET /api/v1/profile responded 401 in 0ms (user: anonymous)
2026-08-23 00:43:48.651 +04:00 [INF] GET /api/v1/story-categories responded 200 in 0ms (user: anonymous)
2026-08-23 00:43:48.651 +04:00 [INF] GET /api/v1/stories responded 200 in 0ms (user: anonymous)
2026-08-23 00:43:50.031 +04:00 [INF] GET /api/v1/story-categories responded 200 in 0ms (user: anonymous)
2026-08-23 00:43:50.033 +04:00 [INF] GET /api/v1/story-categories responded 200 in 0ms (user: anonymous)
2026-08-23 00:43:50.035 +04:00 [INF] GET /api/v1/stories responded 200 in 4ms (user: anonymous)
2026-08-23 00:43:50.037 +04:00 [INF] GET /api/v1/stories responded 200 in 0ms (user: anonymous)
2026-08-23 00:44:01.695 +04:00 [INF] OPTIONS /api/v1/stories responded 204 in 0ms (user: anonymous)
2026-08-23 00:44:01.695 +04:00 [INF] OPTIONS /api/v1/stories responded 204 in 0ms (user: anonymous)
2026-08-23 00:44:01.695 +04:00 [INF] OPTIONS /api/v1/story-categories responded 204 in 0ms (user: anonymous)
2026-08-23 00:44:01.695 +04:00 [INF] OPTIONS /api/v1/story-categories responded 204 in 0ms (user: anonymous)
2026-08-23 00:44:01.698 +04:00 [INF] GET /api/v1/stories responded 200 in 0ms (user: anonymous)
2026-08-23 00:44:01.700 +04:00 [INF] GET /api/v1/stories responded 200 in 0ms (user: anonymous)
2026-08-23 00:44:01.702 +04:00 [INF] GET /api/v1/story-categories responded 200 in 0ms (user: anonymous)
2026-08-23 00:44:01.705 +04:00 [INF] GET /api/v1/story-categories responded 200 in 0ms (user: anonymous)
2026-08-23 00:50:03.972 +04:00 [INF] OPTIONS /api/v1/chat/messages responded 204 in 0ms (user: anonymous)
2026-08-23 00:50:08.974 +04:00 [INF] POST /api/v1/chat/messages responded 200 in 4996ms (user: anonymous)
2026-08-23 00:59:49.738 +04:00 [INF] OPTIONS /api/v1/stories responded 204 in 0ms (user: anonymous)
2026-08-23 00:59:49.738 +04:00 [INF] OPTIONS /api/v1/story-categories responded 204 in 0ms (user: anonymous)
2026-08-23 00:59:49.738 +04:00 [INF] OPTIONS /api/v1/story-categories responded 204 in 0ms (user: anonymous)
2026-08-23 00:59:49.738 +04:00 [INF] OPTIONS /api/v1/stories responded 204 in 0ms (user: anonymous)
2026-08-23 00:59:50.435 +04:00 [INF] GET /api/v1/story-categories responded 200 in 691ms (user: anonymous)
2026-08-23 00:59:50.438 +04:00 [INF] GET /api/v1/story-categories responded 200 in 0ms (user: anonymous)
2026-08-23 00:59:50.439 +04:00 [INF] GET /api/v1/stories responded 200 in 696ms (user: anonymous)
2026-08-23 00:59:50.440 +04:00 [INF] GET /api/v1/stories responded 200 in 0ms (user: anonymous)
2026-08-23 01:00:03.579 +04:00 [INF] OPTIONS /api/v1/stories responded 204 in 0ms (user: anonymous)
2026-08-23 01:00:03.579 +04:00 [INF] OPTIONS /api/v1/story-categories responded 204 in 0ms (user: anonymous)
2026-08-23 01:00:03.579 +04:00 [INF] OPTIONS /api/v1/stories responded 204 in 0ms (user: anonymous)
2026-08-23 01:00:03.579 +04:00 [INF] OPTIONS /api/v1/story-categories responded 204 in 0ms (user: anonymous)
2026-08-23 01:00:03.584 +04:00 [INF] GET /api/v1/stories responded 200 in 0ms (user: anonymous)
2026-08-23 01:00:03.586 +04:00 [INF] GET /api/v1/story-categories responded 200 in 0ms (user: anonymous)
2026-08-23 01:00:03.589 +04:00 [INF] GET /api/v1/stories responded 200 in 0ms (user: anonymous)
2026-08-23 01:00:03.591 +04:00 [INF] GET /api/v1/story-categories responded 200 in 0ms (user: anonymous)
2026-08-23 01:00:19.384 +04:00 [INF] OPTIONS /api/v1/story-categories responded 204 in 0ms (user: anonymous)
2026-08-23 01:00:19.384 +04:00 [INF] OPTIONS /api/v1/stories responded 204 in 0ms (user: anonymous)
2026-08-23 01:00:19.391 +04:00 [INF] GET /api/v1/story-categories responded 200 in 0ms (user: anonymous)
2026-08-23 01:00:19.394 +04:00 [INF] GET /api/v1/stories responded 200 in 0ms (user: anonymous)
2026-08-23 01:04:50.274 +04:00 [INF] OPTIONS /api/v1/auth/login responded 204 in 0ms (user: anonymous)
2026-08-23 01:04:50.345 +04:00 [INF] POST /api/v1/auth/login responded 200 in 66ms (user: anonymous)
2026-08-23 01:04:50.368 +04:00 [INF] OPTIONS /api/v1/profile responded 204 in 0ms (user: anonymous)
2026-08-23 01:04:50.371 +04:00 [INF] OPTIONS /api/v1/profile responded 204 in 0ms (user: anonymous)
2026-08-23 01:04:50.371 +04:00 [INF] OPTIONS /api/v1/stories responded 204 in 0ms (user: anonymous)
2026-08-23 01:04:50.371 +04:00 [INF] OPTIONS /api/v1/profile responded 204 in 0ms (user: anonymous)
2026-08-23 01:04:50.371 +04:00 [INF] OPTIONS /api/v1/profile responded 204 in 0ms (user: anonymous)
2026-08-23 01:04:50.373 +04:00 [INF] OPTIONS /api/v1/stories responded 204 in 0ms (user: anonymous)
2026-08-23 01:04:50.386 +04:00 [INF] GET /api/v1/stories responded 200 in 4ms (user: anonymous)
2026-08-23 01:04:50.389 +04:00 [INF] GET /api/v1/stories responded 200 in 0ms (user: anonymous)
2026-08-23 01:04:50.400 +04:00 [INF] GET /api/v1/profile responded 200 in 22ms (user: anonymous)
2026-08-23 01:04:50.405 +04:00 [INF] GET /api/v1/profile responded 200 in 3ms (user: anonymous)
2026-08-23 01:04:50.412 +04:00 [INF] GET /api/v1/profile responded 200 in 5ms (user: anonymous)
2026-08-23 01:04:50.417 +04:00 [INF] GET /api/v1/profile responded 200 in 3ms (user: anonymous)
2026-08-23 01:05:05.233 +04:00 [INF] OPTIONS /api/v1/chat/messages responded 204 in 0ms (user: anonymous)
2026-08-23 01:05:10.279 +04:00 [INF] POST /api/v1/chat/messages responded 200 in 5041ms (user: anonymous)
2026-08-23 01:05:12.582 +04:00 [INF] OPTIONS /api/v1/chat/conversations responded 204 in 0ms (user: anonymous)
2026-08-23 01:05:12.582 +04:00 [INF] OPTIONS /api/v1/profile responded 204 in 0ms (user: anonymous)
2026-08-23 01:05:12.582 +04:00 [INF] OPTIONS /api/v1/profile responded 204 in 0ms (user: anonymous)
2026-08-23 01:05:12.582 +04:00 [INF] OPTIONS /api/v1/chat/conversations responded 204 in 0ms (user: anonymous)
2026-08-23 01:05:12.595 +04:00 [INF] GET /api/v1/profile responded 200 in 5ms (user: anonymous)
2026-08-23 01:05:12.601 +04:00 [INF] GET /api/v1/profile responded 200 in 4ms (user: anonymous)
2026-08-23 01:05:12.610 +04:00 [INF] GET /api/v1/chat/conversations responded 200 in 22ms (user: anonymous)
2026-08-23 01:05:12.613 +04:00 [INF] GET /api/v1/chat/conversations responded 200 in 2ms (user: anonymous)
2026-08-23 01:05:16.047 +04:00 [INF] OPTIONS /api/v1/chat/conversations/2f19e070-3022-44a0-a316-fc1b5dfa5a2e/messages responded 204 in 0ms (user: anonymous)
2026-08-23 01:05:16.069 +04:00 [INF] GET /api/v1/chat/conversations/2f19e070-3022-44a0-a316-fc1b5dfa5a2e/messages responded 200 in 18ms (user: anonymous)
2026-08-23 01:05:19.430 +04:00 [INF] OPTIONS /api/v1/chat/conversations/a1d8e74e-938c-4957-912f-16e93f62e0eb/messages responded 204 in 0ms (user: anonymous)
2026-08-23 01:05:19.442 +04:00 [INF] GET /api/v1/chat/conversations/a1d8e74e-938c-4957-912f-16e93f62e0eb/messages responded 200 in 8ms (user: anonymous)
2026-08-23 01:05:23.006 +04:00 [INF] GET /api/v1/chat/conversations/a1d8e74e-938c-4957-912f-16e93f62e0eb/messages responded 429 in 0ms (user: anonymous)
2026-08-23 01:05:26.243 +04:00 [INF] OPTIONS /api/v1/chat/conversations/2f19e070-3022-44a0-a316-fc1b5dfa5a2e/messages responded 204 in 0ms (user: anonymous)
2026-08-23 01:05:26.248 +04:00 [INF] GET /api/v1/chat/conversations/2f19e070-3022-44a0-a316-fc1b5dfa5a2e/messages responded 429 in 0ms (user: anonymous)
2026-08-23 01:05:26.863 +04:00 [INF] OPTIONS /api/v1/chat/conversations/fb9acc52-0a3c-47fe-ae2d-2064286f8ba1/messages responded 204 in 0ms (user: anonymous)
2026-08-23 01:05:26.868 +04:00 [INF] GET /api/v1/chat/conversations/fb9acc52-0a3c-47fe-ae2d-2064286f8ba1/messages responded 429 in 0ms (user: anonymous)
2026-08-23 01:05:34.642 +04:00 [INF] OPTIONS /api/v1/profile responded 204 in 0ms (user: anonymous)
2026-08-23 01:05:34.642 +04:00 [INF] OPTIONS /api/v1/stories responded 204 in 0ms (user: anonymous)
2026-08-23 01:05:34.642 +04:00 [INF] OPTIONS /api/v1/story-categories responded 204 in 0ms (user: anonymous)
2026-08-23 01:05:34.643 +04:00 [INF] OPTIONS /api/v1/profile responded 204 in 0ms (user: anonymous)
2026-08-23 01:05:34.643 +04:00 [INF] OPTIONS /api/v1/stories responded 204 in 0ms (user: anonymous)
2026-08-23 01:05:34.644 +04:00 [INF] OPTIONS /api/v1/story-categories responded 204 in 0ms (user: anonymous)
2026-08-23 01:05:34.649 +04:00 [INF] GET /api/v1/stories responded 200 in 0ms (user: anonymous)
2026-08-23 01:05:34.651 +04:00 [INF] GET /api/v1/profile responded 200 in 4ms (user: anonymous)
2026-08-23 01:05:34.654 +04:00 [INF] GET /api/v1/story-categories responded 200 in 2ms (user: anonymous)
2026-08-23 01:05:34.658 +04:00 [INF] GET /api/v1/stories responded 200 in 0ms (user: anonymous)
2026-08-23 01:05:34.662 +04:00 [INF] GET /api/v1/story-categories responded 200 in 0ms (user: anonymous)
2026-08-23 01:05:34.663 +04:00 [INF] GET /api/v1/profile responded 200 in 5ms (user: anonymous)
2026-08-23 01:05:35.184 +04:00 [INF] OPTIONS /api/v1/chat/conversations responded 204 in 0ms (user: anonymous)
2026-08-23 01:05:35.184 +04:00 [INF] OPTIONS /api/v1/chat/conversations responded 204 in 0ms (user: anonymous)
2026-08-23 01:05:35.189 +04:00 [INF] GET /api/v1/chat/conversations responded 429 in 0ms (user: anonymous)
2026-08-23 01:05:35.191 +04:00 [INF] GET /api/v1/profile responded 200 in 6ms (user: anonymous)
2026-08-23 01:05:35.194 +04:00 [INF] GET /api/v1/chat/conversations responded 429 in 0ms (user: anonymous)
2026-08-23 01:05:35.197 +04:00 [INF] GET /api/v1/profile responded 200 in 5ms (user: anonymous)
2026-08-23 01:05:35.984 +04:00 [INF] GET /api/v1/stories responded 200 in 0ms (user: anonymous)
2026-08-23 01:05:35.984 +04:00 [INF] GET /api/v1/story-categories responded 200 in 0ms (user: anonymous)
2026-08-23 01:05:35.986 +04:00 [INF] GET /api/v1/story-categories responded 200 in 0ms (user: anonymous)
2026-08-23 01:05:35.986 +04:00 [INF] GET /api/v1/stories responded 200 in 0ms (user: anonymous)
2026-08-23 01:05:35.987 +04:00 [INF] GET /api/v1/profile responded 200 in 3ms (user: anonymous)
2026-08-23 01:05:35.993 +04:00 [INF] GET /api/v1/profile responded 200 in 3ms (user: anonymous)
2026-08-23 01:06:16.255 +04:00 [INF] OPTIONS /api/v1/profile responded 204 in 0ms (user: anonymous)
2026-08-23 01:06:16.256 +04:00 [INF] OPTIONS /api/v1/profile responded 204 in 0ms (user: anonymous)
2026-08-23 01:06:16.256 +04:00 [INF] OPTIONS /api/v1/profile responded 204 in 0ms (user: anonymous)
2026-08-23 01:06:16.256 +04:00 [INF] OPTIONS /api/v1/profile responded 204 in 0ms (user: anonymous)
2026-08-23 01:06:16.262 +04:00 [INF] GET /api/v1/profile responded 200 in 2ms (user: anonymous)
2026-08-23 01:06:16.266 +04:00 [INF] GET /api/v1/profile responded 200 in 3ms (user: anonymous)
2026-08-23 01:06:16.272 +04:00 [INF] GET /api/v1/profile responded 200 in 5ms (user: anonymous)
2026-08-23 01:06:16.279 +04:00 [INF] GET /api/v1/profile responded 200 in 3ms (user: anonymous)
2026-08-23 01:06:16.282 +04:00 [INF] GET /api/v1/profile responded 200 in 2ms (user: anonymous)
2026-08-23 01:06:16.286 +04:00 [INF] GET /api/v1/profile responded 200 in 2ms (user: anonymous)
2026-08-23 01:12:07.365 +04:00 [INF] OPTIONS /api/v1/profile responded 204 in 0ms (user: anonymous)
2026-08-23 01:12:07.365 +04:00 [INF] OPTIONS /api/v1/profile responded 204 in 0ms (user: anonymous)
2026-08-23 01:12:07.438 +04:00 [INF] GET /api/v1/profile responded 200 in 66ms (user: anonymous)
2026-08-23 01:12:07.444 +04:00 [INF] GET /api/v1/profile responded 200 in 4ms (user: anonymous)
2026-08-23 01:12:07.450 +04:00 [INF] GET /api/v1/profile responded 200 in 3ms (user: anonymous)
2026-08-23 01:12:14.351 +04:00 [INF] OPTIONS /api/v1/profile responded 204 in 0ms (user: anonymous)
2026-08-23 01:12:14.351 +04:00 [INF] OPTIONS /api/v1/profile responded 204 in 0ms (user: anonymous)
2026-08-23 01:12:14.358 +04:00 [INF] GET /api/v1/profile responded 200 in 2ms (user: anonymous)
2026-08-23 01:12:14.364 +04:00 [INF] GET /api/v1/profile responded 200 in 5ms (user: anonymous)
2026-08-23 01:12:14.368 +04:00 [INF] GET /api/v1/profile responded 200 in 2ms (user: anonymous)
2026-08-23 01:12:52.147 +04:00 [INF] OPTIONS /api/v1/chat/conversations responded 204 in 0ms (user: anonymous)
2026-08-23 01:12:52.147 +04:00 [INF] OPTIONS /api/v1/profile responded 204 in 0ms (user: anonymous)
2026-08-23 01:12:52.147 +04:00 [INF] OPTIONS /api/v1/profile responded 204 in 0ms (user: anonymous)
2026-08-23 01:12:52.148 +04:00 [INF] OPTIONS /api/v1/chat/conversations responded 204 in 0ms (user: anonymous)
2026-08-23 01:12:52.158 +04:00 [INF] GET /api/v1/chat/conversations responded 200 in 7ms (user: anonymous)
2026-08-23 01:12:52.164 +04:00 [INF] GET /api/v1/chat/conversations responded 200 in 1ms (user: anonymous)
2026-08-23 01:12:52.166 +04:00 [INF] GET /api/v1/profile responded 200 in 12ms (user: anonymous)
2026-08-23 01:12:52.171 +04:00 [INF] GET /api/v1/profile responded 200 in 3ms (user: anonymous)
2026-08-23 01:13:02.342 +04:00 [INF] OPTIONS /api/v1/profile responded 204 in 0ms (user: anonymous)
2026-08-23 01:13:02.342 +04:00 [INF] OPTIONS /api/v1/chat/conversations responded 204 in 0ms (user: anonymous)
2026-08-23 01:13:02.342 +04:00 [INF] OPTIONS /api/v1/profile responded 204 in 0ms (user: anonymous)
2026-08-23 01:13:02.342 +04:00 [INF] OPTIONS /api/v1/chat/conversations responded 204 in 0ms (user: anonymous)
2026-08-23 01:13:02.342 +04:00 [INF] OPTIONS /api/v1/chat/usage responded 204 in 0ms (user: anonymous)
2026-08-23 01:13:02.343 +04:00 [INF] OPTIONS /api/v1/chat/usage responded 204 in 0ms (user: anonymous)
2026-08-23 01:13:02.350 +04:00 [INF] GET /api/v1/profile responded 200 in 2ms (user: anonymous)
2026-08-23 01:13:02.350 +04:00 [INF] GET /api/v1/chat/conversations responded 200 in 1ms (user: anonymous)
2026-08-23 01:13:02.353 +04:00 [INF] GET /api/v1/profile responded 200 in 2ms (user: anonymous)
2026-08-23 01:13:02.354 +04:00 [INF] GET /api/v1/chat/conversations responded 200 in 0ms (user: anonymous)
2026-08-23 01:13:02.355 +04:00 [INF] GET /api/v1/chat/usage responded 404 in 0ms (user: anonymous)
2026-08-23 01:13:02.369 +04:00 [INF] GET /api/v1/chat/usage responded 404 in 0ms (user: anonymous)
2026-08-23 01:13:09.359 +04:00 [INF] OPTIONS /api/v1/chat/usage responded 204 in 0ms (user: anonymous)
2026-08-23 01:13:09.359 +04:00 [INF] OPTIONS /api/v1/chat/conversations responded 204 in 0ms (user: anonymous)
2026-08-23 01:13:09.364 +04:00 [INF] GET /api/v1/chat/usage responded 404 in 0ms (user: anonymous)
2026-08-23 01:13:09.368 +04:00 [INF] GET /api/v1/chat/conversations responded 200 in 1ms (user: anonymous)
2026-08-23 01:13:15.340 +04:00 [INF] OPTIONS /api/v1/chat/usage responded 204 in 0ms (user: anonymous)
2026-08-23 01:13:15.340 +04:00 [INF] OPTIONS /api/v1/chat/conversations responded 204 in 0ms (user: anonymous)
2026-08-23 01:13:15.347 +04:00 [INF] GET /api/v1/chat/usage responded 404 in 0ms (user: anonymous)
2026-08-23 01:13:15.350 +04:00 [INF] GET /api/v1/chat/conversations responded 429 in 0ms (user: anonymous)
2026-08-23 01:13:30.521 +04:00 [INF] OPTIONS /api/v1/profile responded 204 in 0ms (user: anonymous)
2026-08-23 01:13:30.521 +04:00 [INF] OPTIONS /api/v1/profile responded 204 in 0ms (user: anonymous)
2026-08-23 01:13:30.521 +04:00 [INF] OPTIONS /api/v1/profile responded 204 in 0ms (user: anonymous)
2026-08-23 01:13:30.521 +04:00 [INF] OPTIONS /api/v1/profile responded 204 in 0ms (user: anonymous)
2026-08-23 01:13:30.533 +04:00 [INF] GET /api/v1/profile responded 200 in 5ms (user: anonymous)
2026-08-23 01:13:30.539 +04:00 [INF] GET /api/v1/profile responded 200 in 3ms (user: anonymous)
2026-08-23 01:13:30.546 +04:00 [INF] GET /api/v1/profile responded 200 in 5ms (user: anonymous)
2026-08-23 01:13:30.551 +04:00 [INF] GET /api/v1/profile responded 200 in 3ms (user: anonymous)
2026-08-23 01:13:30.556 +04:00 [INF] GET /api/v1/profile responded 200 in 3ms (user: anonymous)
2026-08-23 01:13:30.565 +04:00 [INF] GET /api/v1/profile responded 200 in 7ms (user: anonymous)
2026-08-23 01:13:38.131 +04:00 [INF] OPTIONS /api/v1/chat/usage responded 204 in 0ms (user: anonymous)
2026-08-23 01:13:38.131 +04:00 [INF] OPTIONS /api/v1/profile responded 204 in 0ms (user: anonymous)
2026-08-23 01:13:38.131 +04:00 [INF] OPTIONS /api/v1/chat/conversations responded 204 in 0ms (user: anonymous)
2026-08-23 01:13:38.131 +04:00 [INF] OPTIONS /api/v1/profile responded 204 in 0ms (user: anonymous)
2026-08-23 01:13:38.131 +04:00 [INF] OPTIONS /api/v1/chat/conversations responded 204 in 0ms (user: anonymous)
2026-08-23 01:13:38.131 +04:00 [INF] OPTIONS /api/v1/chat/usage responded 204 in 0ms (user: anonymous)
2026-08-23 01:13:38.134 +04:00 [INF] GET /api/v1/chat/usage responded 404 in 0ms (user: anonymous)
2026-08-23 01:13:38.142 +04:00 [INF] GET /api/v1/chat/conversations responded 429 in 0ms (user: anonymous)
2026-08-23 01:13:38.143 +04:00 [INF] GET /api/v1/profile responded 200 in 6ms (user: anonymous)
2026-08-23 01:13:38.148 +04:00 [INF] GET /api/v1/profile responded 200 in 3ms (user: anonymous)
2026-08-23 01:13:38.152 +04:00 [INF] GET /api/v1/chat/usage responded 404 in 0ms (user: anonymous)
2026-08-23 01:13:38.154 +04:00 [INF] GET /api/v1/chat/conversations responded 429 in 0ms (user: anonymous)
2026-08-23 01:13:45.423 +04:00 [INF] OPTIONS /api/v1/payments/checkout responded 204 in 0ms (user: anonymous)
2026-08-23 01:13:45.574 +04:00 [INF] POST /api/v1/payments/checkout responded 400 in 138ms (user: anonymous)
2026-08-23 01:13:45.618 +04:00 [INF] OPTIONS /api/v1/profile responded 204 in 0ms (user: anonymous)
2026-08-23 01:13:45.618 +04:00 [INF] OPTIONS /api/v1/profile responded 204 in 0ms (user: anonymous)
2026-08-23 01:13:45.618 +04:00 [INF] OPTIONS /api/v1/profile responded 204 in 0ms (user: anonymous)
2026-08-23 01:13:45.618 +04:00 [INF] OPTIONS /api/v1/profile responded 204 in 0ms (user: anonymous)
2026-08-23 01:13:45.640 +04:00 [INF] GET /api/v1/profile responded 200 in 15ms (user: anonymous)
2026-08-23 01:13:45.651 +04:00 [INF] GET /api/v1/profile responded 200 in 5ms (user: anonymous)
2026-08-23 01:13:45.656 +04:00 [INF] GET /api/v1/profile responded 200 in 3ms (user: anonymous)
2026-08-23 01:13:45.665 +04:00 [INF] GET /api/v1/profile responded 200 in 7ms (user: anonymous)
2026-08-23 01:13:45.670 +04:00 [INF] GET /api/v1/profile responded 200 in 3ms (user: anonymous)
2026-08-23 01:13:45.675 +04:00 [INF] GET /api/v1/profile responded 200 in 4ms (user: anonymous)
2026-08-23 01:14:07.762 +04:00 [INF] OPTIONS /api/v1/profile responded 204 in 0ms (user: anonymous)
2026-08-23 01:14:07.762 +04:00 [INF] OPTIONS /api/v1/profile responded 204 in 0ms (user: anonymous)
2026-08-23 01:14:07.762 +04:00 [INF] OPTIONS /api/v1/profile responded 204 in 0ms (user: anonymous)
2026-08-23 01:14:07.762 +04:00 [INF] OPTIONS /api/v1/profile responded 204 in 0ms (user: anonymous)
2026-08-23 01:14:07.768 +04:00 [INF] GET /api/v1/profile responded 200 in 2ms (user: anonymous)
2026-08-23 01:14:07.771 +04:00 [INF] GET /api/v1/profile responded 200 in 1ms (user: anonymous)
2026-08-23 01:14:07.775 +04:00 [INF] GET /api/v1/profile responded 200 in 3ms (user: anonymous)
2026-08-23 01:14:07.775 +04:00 [INF] GET /api/v1/profile responded 200 in 3ms (user: anonymous)
2026-08-23 01:14:07.785 +04:00 [INF] GET /api/v1/profile responded 200 in 2ms (user: anonymous)
2026-08-23 01:14:07.788 +04:00 [INF] GET /api/v1/profile responded 200 in 1ms (user: anonymous)
2026-08-23 01:15:59.456 +04:00 [INF] OPTIONS /api/v1/profile responded 204 in 0ms (user: anonymous)
2026-08-23 01:15:59.456 +04:00 [INF] OPTIONS /api/v1/chat/conversations responded 204 in 0ms (user: anonymous)
2026-08-23 01:15:59.457 +04:00 [INF] OPTIONS /api/v1/chat/conversations responded 204 in 0ms (user: anonymous)
2026-08-23 01:15:59.457 +04:00 [INF] OPTIONS /api/v1/chat/usage responded 204 in 0ms (user: anonymous)
2026-08-23 01:15:59.457 +04:00 [INF] OPTIONS /api/v1/profile responded 204 in 0ms (user: anonymous)
2026-08-23 01:15:59.458 +04:00 [INF] OPTIONS /api/v1/chat/usage responded 204 in 0ms (user: anonymous)
2026-08-23 01:15:59.465 +04:00 [INF] GET /api/v1/chat/conversations responded 200 in 1ms (user: anonymous)
2026-08-23 01:15:59.466 +04:00 [INF] GET /api/v1/profile responded 200 in 4ms (user: anonymous)
2026-08-23 01:15:59.469 +04:00 [INF] GET /api/v1/chat/conversations responded 200 in 1ms (user: anonymous)
2026-08-23 01:15:59.469 +04:00 [INF] GET /api/v1/chat/usage responded 404 in 0ms (user: anonymous)
2026-08-23 01:15:59.474 +04:00 [INF] GET /api/v1/profile responded 200 in 2ms (user: anonymous)
2026-08-23 01:15:59.483 +04:00 [INF] GET /api/v1/chat/usage responded 404 in 0ms (user: anonymous)
2026-08-23 01:17:03.343 +04:00 [INF] OPTIONS /api/v1/profile responded 204 in 0ms (user: anonymous)
2026-08-23 01:17:03.351 +04:00 [INF] GET /api/v1/profile responded 200 in 2ms (user: anonymous)
2026-08-23 01:17:44.518 +04:00 [WRN] Entity 'Story' has a global query filter defined and is the required end of a relationship with the entity 'Chapter'. This may lead to unexpected results when the required entity is filtered out. Either configure the navigation as optional, or define matching query filters for both entities in the navigation. See https://go.microsoft.com/fwlink/?linkid=2131316 for more information.
2026-08-23 01:17:44.546 +04:00 [WRN] Entity 'Story' has a global query filter defined and is the required end of a relationship with the entity 'DailyStoryReadLog'. This may lead to unexpected results when the required entity is filtered out. Either configure the navigation as optional, or define matching query filters for both entities in the navigation. See https://go.microsoft.com/fwlink/?linkid=2131316 for more information.
2026-08-23 01:17:44.548 +04:00 [WRN] Entity 'Story' has a global query filter defined and is the required end of a relationship with the entity 'FavoriteStory'. This may lead to unexpected results when the required entity is filtered out. Either configure the navigation as optional, or define matching query filters for both entities in the navigation. See https://go.microsoft.com/fwlink/?linkid=2131316 for more information.
2026-08-23 01:17:44.551 +04:00 [WRN] Entity 'Story' has a global query filter defined and is the required end of a relationship with the entity 'QuizAttempt'. This may lead to unexpected results when the required entity is filtered out. Either configure the navigation as optional, or define matching query filters for both entities in the navigation. See https://go.microsoft.com/fwlink/?linkid=2131316 for more information.
2026-08-23 01:17:44.553 +04:00 [WRN] Entity 'Story' has a global query filter defined and is the required end of a relationship with the entity 'ReadingHistory'. This may lead to unexpected results when the required entity is filtered out. Either configure the navigation as optional, or define matching query filters for both entities in the navigation. See https://go.microsoft.com/fwlink/?linkid=2131316 for more information.
2026-08-23 01:17:44.555 +04:00 [WRN] Entity 'Story' has a global query filter defined and is the required end of a relationship with the entity 'RemainingCorrectCounter'. This may lead to unexpected results when the required entity is filtered out. Either configure the navigation as optional, or define matching query filters for both entities in the navigation. See https://go.microsoft.com/fwlink/?linkid=2131316 for more information.
2026-08-23 01:17:44.557 +04:00 [WRN] Entity 'Story' has a global query filter defined and is the required end of a relationship with the entity 'Review'. This may lead to unexpected results when the required entity is filtered out. Either configure the navigation as optional, or define matching query filters for both entities in the navigation. See https://go.microsoft.com/fwlink/?linkid=2131316 for more information.
2026-08-23 01:17:44.559 +04:00 [WRN] Entity 'Story' has a global query filter defined and is the required end of a relationship with the entity 'UserProgress'. This may lead to unexpected results when the required entity is filtered out. Either configure the navigation as optional, or define matching query filters for both entities in the navigation. See https://go.microsoft.com/fwlink/?linkid=2131316 for more information.
2026-08-23 01:17:45.420 +04:00 [INF] Database seeding completed successfully.
2026-08-23 01:17:45.851 +04:00 [INF] GET /swagger/index.html responded 200 in 40ms (user: anonymous)
2026-08-23 01:17:45.988 +04:00 [INF] GET /swagger/v1/swagger.json responded 200 in 20ms (user: anonymous)
2026-08-23 01:17:47.477 +04:00 [INF] OPTIONS /api/v1/profile responded 204 in 3ms (user: anonymous)
2026-08-23 01:17:47.477 +04:00 [INF] OPTIONS /api/v1/chat/usage responded 204 in 3ms (user: anonymous)
2026-08-23 01:17:47.477 +04:00 [INF] OPTIONS /api/v1/chat/conversations responded 204 in 3ms (user: anonymous)
2026-08-23 01:17:47.477 +04:00 [INF] OPTIONS /api/v1/chat/conversations responded 204 in 3ms (user: anonymous)
2026-08-23 01:17:47.477 +04:00 [INF] OPTIONS /api/v1/profile responded 204 in 2ms (user: anonymous)
2026-08-23 01:17:47.477 +04:00 [INF] OPTIONS /api/v1/chat/usage responded 204 in 3ms (user: anonymous)
2026-08-23 01:17:47.667 +04:00 [INF] GET /api/v1/chat/conversations responded 200 in 167ms (user: anonymous)
2026-08-23 01:17:47.741 +04:00 [INF] GET /api/v1/chat/conversations responded 200 in 70ms (user: anonymous)
2026-08-23 01:17:47.830 +04:00 [INF] GET /api/v1/chat/usage responded 200 in 331ms (user: anonymous)
2026-08-23 01:17:47.844 +04:00 [INF] GET /api/v1/chat/usage responded 200 in 11ms (user: anonymous)
2026-08-23 01:17:47.927 +04:00 [INF] GET /api/v1/profile responded 200 in 427ms (user: anonymous)
2026-08-23 01:17:47.939 +04:00 [INF] GET /api/v1/profile responded 200 in 10ms (user: anonymous)
2026-08-23 01:17:55.215 +04:00 [INF] OPTIONS /api/v1/profile responded 204 in 0ms (user: anonymous)
2026-08-23 01:17:55.215 +04:00 [INF] OPTIONS /api/v1/profile responded 204 in 0ms (user: anonymous)
2026-08-23 01:17:55.215 +04:00 [INF] OPTIONS /api/v1/profile responded 204 in 0ms (user: anonymous)
2026-08-23 01:17:55.215 +04:00 [INF] OPTIONS /api/v1/profile responded 204 in 0ms (user: anonymous)
2026-08-23 01:17:55.231 +04:00 [INF] GET /api/v1/profile responded 200 in 10ms (user: anonymous)
2026-08-23 01:17:55.241 +04:00 [INF] GET /api/v1/profile responded 200 in 9ms (user: anonymous)
2026-08-23 01:17:55.249 +04:00 [INF] GET /api/v1/profile responded 200 in 5ms (user: anonymous)
2026-08-23 01:17:55.260 +04:00 [INF] GET /api/v1/profile responded 200 in 9ms (user: anonymous)
2026-08-23 01:17:55.269 +04:00 [INF] GET /api/v1/profile responded 200 in 7ms (user: anonymous)
2026-08-23 01:17:55.279 +04:00 [INF] GET /api/v1/profile responded 200 in 7ms (user: anonymous)
2026-08-23 01:17:56.669 +04:00 [INF] OPTIONS /api/v1/subscriptions responded 204 in 0ms (user: anonymous)
2026-08-23 01:17:56.848 +04:00 [INF] POST /api/v1/subscriptions responded 200 in 173ms (user: anonymous)
2026-08-23 01:17:56.856 +04:00 [INF] OPTIONS /api/v1/profile responded 204 in 0ms (user: anonymous)
2026-08-23 01:17:56.880 +04:00 [INF] PUT /api/v1/profile responded 200 in 19ms (user: anonymous)
2026-08-23 01:17:56.891 +04:00 [INF] GET /api/v1/profile responded 200 in 7ms (user: anonymous)
2026-08-23 01:17:56.897 +04:00 [INF] GET /api/v1/profile responded 200 in 2ms (user: anonymous)
2026-08-23 01:17:56.941 +04:00 [INF] GET /api/v1/profile responded 200 in 36ms (user: anonymous)
2026-08-23 01:17:58.551 +04:00 [INF] OPTIONS /api/v1/chat/usage responded 204 in 1ms (user: anonymous)
2026-08-23 01:17:58.551 +04:00 [INF] OPTIONS /api/v1/chat/conversations responded 204 in 2ms (user: anonymous)
2026-08-23 01:17:58.551 +04:00 [INF] OPTIONS /api/v1/chat/usage responded 204 in 2ms (user: anonymous)
2026-08-23 01:17:58.551 +04:00 [INF] OPTIONS /api/v1/chat/conversations responded 204 in 2ms (user: anonymous)
2026-08-23 01:17:58.556 +04:00 [INF] GET /api/v1/profile responded 200 in 7ms (user: anonymous)
2026-08-23 01:17:58.559 +04:00 [INF] GET /api/v1/chat/conversations responded 429 in 0ms (user: anonymous)
2026-08-23 01:17:58.560 +04:00 [INF] GET /api/v1/chat/usage responded 200 in 4ms (user: anonymous)
2026-08-23 01:17:58.562 +04:00 [INF] GET /api/v1/chat/usage responded 429 in 0ms (user: anonymous)
2026-08-23 01:17:58.564 +04:00 [INF] GET /api/v1/profile responded 200 in 5ms (user: anonymous)
2026-08-23 01:17:58.571 +04:00 [INF] GET /api/v1/chat/conversations responded 429 in 0ms (user: anonymous)
2026-08-23 01:17:59.866 +04:00 [INF] GET /api/v1/chat/conversations responded 429 in 0ms (user: anonymous)
2026-08-23 01:17:59.866 +04:00 [INF] GET /api/v1/chat/usage responded 429 in 0ms (user: anonymous)
2026-08-23 01:17:59.873 +04:00 [INF] GET /api/v1/chat/conversations responded 429 in 0ms (user: anonymous)
2026-08-23 01:17:59.874 +04:00 [INF] GET /api/v1/profile responded 200 in 8ms (user: anonymous)
2026-08-23 01:17:59.875 +04:00 [INF] GET /api/v1/chat/usage responded 429 in 0ms (user: anonymous)
2026-08-23 01:17:59.885 +04:00 [INF] GET /api/v1/profile responded 200 in 9ms (user: anonymous)
2026-08-23 01:18:03.187 +04:00 [INF] OPTIONS /api/v1/profile responded 204 in 0ms (user: anonymous)
2026-08-23 01:18:03.187 +04:00 [INF] OPTIONS /api/v1/profile responded 204 in 0ms (user: anonymous)
2026-08-23 01:18:03.187 +04:00 [INF] OPTIONS /api/v1/profile responded 204 in 0ms (user: anonymous)
2026-08-23 01:18:03.187 +04:00 [INF] OPTIONS /api/v1/profile responded 204 in 0ms (user: anonymous)
2026-08-23 01:18:03.198 +04:00 [INF] GET /api/v1/profile responded 200 in 4ms (user: anonymous)
2026-08-23 01:18:03.207 +04:00 [INF] GET /api/v1/profile responded 200 in 8ms (user: anonymous)
2026-08-23 01:18:03.214 +04:00 [INF] GET /api/v1/profile responded 200 in 4ms (user: anonymous)
2026-08-23 01:18:03.222 +04:00 [INF] GET /api/v1/profile responded 200 in 6ms (user: anonymous)
2026-08-23 01:18:03.230 +04:00 [INF] GET /api/v1/profile responded 200 in 5ms (user: anonymous)
2026-08-23 01:18:03.234 +04:00 [INF] GET /api/v1/profile responded 200 in 3ms (user: anonymous)
2026-08-23 01:19:11.870 +04:00 [INF] OPTIONS /api/v1/payments/checkout responded 204 in 0ms (user: anonymous)
2026-08-23 01:19:13.214 +04:00 [INF] POST /api/v1/payments/checkout responded 200 in 1338ms (user: anonymous)
2026-08-23 01:22:53.456 +04:00 [INF] OPTIONS /api/v1/auth/refresh-token responded 204 in 0ms (user: anonymous)
2026-08-23 01:22:53.483 +04:00 [INF] POST /api/v1/auth/refresh-token responded 200 in 19ms (user: anonymous)
2026-08-23 01:22:53.505 +04:00 [ERR] Unhandled exception on /api/v1/auth/refresh-token
System.ArgumentNullException: IDX10000: The parameter 'token' cannot be a 'null' or an empty object.  (Parameter 'token')
   at System.IdentityModel.Tokens.Jwt.JwtSecurityTokenHandler.ValidateToken(String token, TokenValidationParameters validationParameters, SecurityToken& validatedToken)
   at EnglishLearningPlatform.Infrastructure.Identity.JwtTokenService.GetPrincipalFromExpiredToken(String token) in C:\Users\Ravan999\Desktop\Aygun-Final\Final-Project-ReadLingo-Back\EnglishLearningPlatform.Infrastructure\Identity\JwtTokenService .cs:line 72
   at EnglishLearningPlatform.Application.Services.AuthService.RefreshTokenAsync(RefreshTokenRequestDto dto, String ipAddress, CancellationToken cancellationToken) in C:\Users\Ravan999\Desktop\Aygun-Final\Final-Project-ReadLingo-Back\EnglishLearningPlatform.Application\Services\AuthService .cs:line 91
   at EnglishLearningPlatform.API.Controllers.V1.AuthController.RefreshToken(RefreshTokenRequestDto dto, CancellationToken cancellationToken) in C:\Users\Ravan999\Desktop\Aygun-Final\Final-Project-ReadLingo-Back\EnglishLearningPlatform.API\Controllers\V1\AuthController.cs:line 47
   at Microsoft.AspNetCore.Mvc.Infrastructure.ActionMethodExecutor.TaskOfIActionResultExecutor.Execute(ActionContext actionContext, IActionResultTypeMapper mapper, ObjectMethodExecutor executor, Object controller, Object[] arguments)
   at Microsoft.AspNetCore.Mvc.Infrastructure.ControllerActionInvoker.<InvokeActionMethodAsync>g__Awaited|12_0(ControllerActionInvoker invoker, ValueTask`1 actionResultValueTask)
   at Microsoft.AspNetCore.Mvc.Infrastructure.ControllerActionInvoker.<InvokeNextActionFilterAsync>g__Awaited|10_0(ControllerActionInvoker invoker, Task lastTask, State next, Scope scope, Object state, Boolean isCompleted)
   at Microsoft.AspNetCore.Mvc.Infrastructure.ControllerActionInvoker.Rethrow(ActionExecutedContextSealed context)
   at Microsoft.AspNetCore.Mvc.Infrastructure.ControllerActionInvoker.Next(State& next, Scope& scope, Object& state, Boolean& isCompleted)
   at Microsoft.AspNetCore.Mvc.Infrastructure.ControllerActionInvoker.InvokeInnerFilterAsync()
--- End of stack trace from previous location ---
   at Microsoft.AspNetCore.Mvc.Infrastructure.ResourceInvoker.<InvokeFilterPipelineAsync>g__Awaited|20_0(ResourceInvoker invoker, Task lastTask, State next, Scope scope, Object state, Boolean isCompleted)
   at Microsoft.AspNetCore.Mvc.Infrastructure.ResourceInvoker.<InvokeAsync>g__Awaited|17_0(ResourceInvoker invoker, Task task, IDisposable scope)
   at Microsoft.AspNetCore.Mvc.Infrastructure.ResourceInvoker.<InvokeAsync>g__Awaited|17_0(ResourceInvoker invoker, Task task, IDisposable scope)
   at Microsoft.AspNetCore.Authorization.AuthorizationMiddleware.Invoke(HttpContext context)
   at Microsoft.AspNetCore.Authentication.AuthenticationMiddleware.Invoke(HttpContext context)
   at Microsoft.AspNetCore.RateLimiting.RateLimitingMiddleware.InvokeInternal(HttpContext context, EnableRateLimitingAttribute enableRateLimitingAttribute)
   at Swashbuckle.AspNetCore.SwaggerUI.SwaggerUIMiddleware.Invoke(HttpContext httpContext)
   at Swashbuckle.AspNetCore.Swagger.SwaggerMiddleware.Invoke(HttpContext httpContext, ISwaggerProvider swaggerProvider)
   at EnglishLearningPlatform.API.Middlewares.RequestLoggingMiddleware.InvokeAsync(HttpContext context) in C:\Users\Ravan999\Desktop\Aygun-Final\Final-Project-ReadLingo-Back\EnglishLearningPlatform.API\Middlewares\RequestLoggingMiddleware.cs:line 24
   at EnglishLearningPlatform.API.Middlewares.ExceptionHandlingMiddleware.InvokeAsync(HttpContext context) in C:\Users\Ravan999\Desktop\Aygun-Final\Final-Project-ReadLingo-Back\EnglishLearningPlatform.API\Middlewares\ExceptionHandlingMiddleware.cs:line 27
2026-08-23 01:22:53.545 +04:00 [INF] OPTIONS /api/v1/profile responded 204 in 0ms (user: anonymous)
2026-08-23 01:22:53.545 +04:00 [INF] OPTIONS /api/v1/profile responded 204 in 0ms (user: anonymous)
2026-08-23 01:22:53.558 +04:00 [INF] GET /api/v1/profile responded 401 in 7ms (user: anonymous)
2026-08-23 01:22:53.564 +04:00 [INF] GET /api/v1/profile responded 401 in 1ms (user: anonymous)
2026-08-23 01:22:56.201 +04:00 [INF] OPTIONS /api/v1/auth/login responded 204 in 0ms (user: anonymous)
2026-08-23 01:22:56.304 +04:00 [INF] POST /api/v1/auth/login responded 200 in 99ms (user: anonymous)
2026-08-23 01:22:56.321 +04:00 [INF] OPTIONS /api/v1/profile responded 204 in 0ms (user: anonymous)
2026-08-23 01:22:56.321 +04:00 [INF] OPTIONS /api/v1/stories responded 204 in 0ms (user: anonymous)
2026-08-23 01:22:56.321 +04:00 [INF] OPTIONS /api/v1/profile responded 204 in 0ms (user: anonymous)
2026-08-23 01:22:56.322 +04:00 [INF] OPTIONS /api/v1/profile responded 204 in 0ms (user: anonymous)
2026-08-23 01:22:56.322 +04:00 [INF] OPTIONS /api/v1/profile responded 204 in 0ms (user: anonymous)
2026-08-23 01:22:56.322 +04:00 [INF] OPTIONS /api/v1/stories responded 204 in 0ms (user: anonymous)
2026-08-23 01:22:56.335 +04:00 [INF] GET /api/v1/profile responded 200 in 7ms (user: anonymous)
2026-08-23 01:22:56.339 +04:00 [INF] GET /api/v1/profile responded 200 in 2ms (user: anonymous)
2026-08-23 01:22:56.348 +04:00 [INF] GET /api/v1/profile responded 200 in 7ms (user: anonymous)
2026-08-23 01:22:56.348 +04:00 [INF] GET /api/v1/profile responded 200 in 7ms (user: anonymous)
2026-08-23 01:22:56.375 +04:00 [WRN] Compiling a query which loads related collections for more than one collection navigation, either via 'Include' or through projection, but no 'QuerySplittingBehavior' has been configured. By default, Entity Framework will use 'QuerySplittingBehavior.SingleQuery', which can potentially result in slow query performance. See https://go.microsoft.com/fwlink/?linkid=2134277 for more information. To identify the query that's triggering this warning call 'ConfigureWarnings(w => w.Throw(RelationalEventId.MultipleCollectionIncludeWarning))'.
2026-08-23 01:22:56.401 +04:00 [INF] GET /api/v1/stories responded 200 in 68ms (user: anonymous)
2026-08-23 01:22:56.403 +04:00 [INF] GET /api/v1/stories responded 200 in 1ms (user: anonymous)
2026-08-23 01:22:58.468 +04:00 [INF] GET /api/v1/profile responded 200 in 3ms (user: anonymous)
2026-08-23 01:22:58.473 +04:00 [INF] GET /api/v1/profile responded 200 in 3ms (user: anonymous)
2026-08-23 01:22:58.481 +04:00 [INF] GET /api/v1/profile responded 200 in 6ms (user: anonymous)
2026-08-23 01:22:58.486 +04:00 [INF] GET /api/v1/profile responded 200 in 3ms (user: anonymous)
2026-08-23 01:22:58.491 +04:00 [INF] GET /api/v1/profile responded 200 in 3ms (user: anonymous)
2026-08-23 01:22:58.498 +04:00 [INF] GET /api/v1/profile responded 200 in 5ms (user: anonymous)
2026-08-23 01:23:00.446 +04:00 [INF] OPTIONS /api/v1/payments/checkout responded 204 in 0ms (user: anonymous)
2026-08-23 01:23:01.607 +04:00 [INF] POST /api/v1/payments/checkout responded 200 in 1156ms (user: anonymous)
2026-08-23 01:23:05.813 +04:00 [INF] OPTIONS /api/v1/profile responded 204 in 0ms (user: anonymous)
2026-08-23 01:23:05.813 +04:00 [INF] OPTIONS /api/v1/profile responded 204 in 0ms (user: anonymous)
2026-08-23 01:23:05.813 +04:00 [INF] OPTIONS /api/v1/profile responded 204 in 0ms (user: anonymous)
2026-08-23 01:23:05.813 +04:00 [INF] OPTIONS /api/v1/profile responded 204 in 0ms (user: anonymous)
2026-08-23 01:23:05.824 +04:00 [INF] GET /api/v1/profile responded 200 in 6ms (user: anonymous)
2026-08-23 01:23:05.834 +04:00 [INF] GET /api/v1/profile responded 200 in 4ms (user: anonymous)
2026-08-23 01:23:05.840 +04:00 [INF] GET /api/v1/profile responded 200 in 4ms (user: anonymous)
2026-08-23 01:23:05.850 +04:00 [INF] GET /api/v1/profile responded 200 in 7ms (user: anonymous)
2026-08-23 01:23:05.870 +04:00 [INF] GET /api/v1/profile responded 200 in 6ms (user: anonymous)
2026-08-23 01:23:05.889 +04:00 [INF] GET /api/v1/profile responded 200 in 6ms (user: anonymous)
2026-08-23 01:23:13.294 +04:00 [WRN] Entity 'Story' has a global query filter defined and is the required end of a relationship with the entity 'Chapter'. This may lead to unexpected results when the required entity is filtered out. Either configure the navigation as optional, or define matching query filters for both entities in the navigation. See https://go.microsoft.com/fwlink/?linkid=2131316 for more information.
2026-08-23 01:23:13.320 +04:00 [WRN] Entity 'Story' has a global query filter defined and is the required end of a relationship with the entity 'DailyStoryReadLog'. This may lead to unexpected results when the required entity is filtered out. Either configure the navigation as optional, or define matching query filters for both entities in the navigation. See https://go.microsoft.com/fwlink/?linkid=2131316 for more information.
2026-08-23 01:23:13.323 +04:00 [WRN] Entity 'Story' has a global query filter defined and is the required end of a relationship with the entity 'FavoriteStory'. This may lead to unexpected results when the required entity is filtered out. Either configure the navigation as optional, or define matching query filters for both entities in the navigation. See https://go.microsoft.com/fwlink/?linkid=2131316 for more information.
2026-08-23 01:23:13.324 +04:00 [WRN] Entity 'Story' has a global query filter defined and is the required end of a relationship with the entity 'QuizAttempt'. This may lead to unexpected results when the required entity is filtered out. Either configure the navigation as optional, or define matching query filters for both entities in the navigation. See https://go.microsoft.com/fwlink/?linkid=2131316 for more information.
2026-08-23 01:23:13.325 +04:00 [WRN] Entity 'Story' has a global query filter defined and is the required end of a relationship with the entity 'ReadingHistory'. This may lead to unexpected results when the required entity is filtered out. Either configure the navigation as optional, or define matching query filters for both entities in the navigation. See https://go.microsoft.com/fwlink/?linkid=2131316 for more information.
2026-08-23 01:23:13.327 +04:00 [WRN] Entity 'Story' has a global query filter defined and is the required end of a relationship with the entity 'RemainingCorrectCounter'. This may lead to unexpected results when the required entity is filtered out. Either configure the navigation as optional, or define matching query filters for both entities in the navigation. See https://go.microsoft.com/fwlink/?linkid=2131316 for more information.
2026-08-23 01:23:13.329 +04:00 [WRN] Entity 'Story' has a global query filter defined and is the required end of a relationship with the entity 'Review'. This may lead to unexpected results when the required entity is filtered out. Either configure the navigation as optional, or define matching query filters for both entities in the navigation. See https://go.microsoft.com/fwlink/?linkid=2131316 for more information.
2026-08-23 01:23:13.330 +04:00 [WRN] Entity 'Story' has a global query filter defined and is the required end of a relationship with the entity 'UserProgress'. This may lead to unexpected results when the required entity is filtered out. Either configure the navigation as optional, or define matching query filters for both entities in the navigation. See https://go.microsoft.com/fwlink/?linkid=2131316 for more information.
2026-08-23 01:23:13.935 +04:00 [INF] Database seeding completed successfully.
2026-08-23 01:23:14.358 +04:00 [INF] GET /swagger/index.html responded 200 in 40ms (user: anonymous)
2026-08-23 01:23:14.519 +04:00 [INF] GET /swagger/v1/swagger.json responded 200 in 27ms (user: anonymous)
2026-08-23 01:23:16.813 +04:00 [INF] OPTIONS /api/v1/payments/checkout responded 204 in 2ms (user: anonymous)
2026-08-23 01:23:17.983 +04:00 [INF] POST /api/v1/payments/checkout responded 200 in 1160ms (user: anonymous)
2026-08-23 01:23:18.003 +04:00 [ERR] Unhandled exception on /api/v1/payments/checkout
Stripe.StripeException: No such price: 'price_1U70BzRotXdwHyB544oiuBke'
   at Stripe.LiveApiRequestor.ProcessResponse[T](StripeResponse response, ApiMode apiMode) in /_/src/Stripe.net/Infrastructure/Public/LiveApiRequestor.cs:line 287
   at Stripe.LiveApiRequestor.RequestAsync[T](BaseAddress baseAddress, HttpMethod method, String path, BaseOptions options, RequestOptions requestOptions, CancellationToken cancellationToken) in /_/src/Stripe.net/Infrastructure/Public/LiveApiRequestor.cs:line 116
   at Stripe.Service.RequestAsync[T](BaseAddress baseAddress, HttpMethod method, String path, BaseOptions options, RequestOptions requestOptions, CancellationToken cancellationToken) in /_/src/Stripe.net/Services/_base/Service.cs:line 100
   at EnglishLearningPlatform.Infrastructure.Services.StripeProviderClient.CreateCheckoutSessionAsync(String stripeCustomerId, String priceId, String successUrl, String cancelUrl, CancellationToken cancellationToken) in C:\Users\Ravan999\Desktop\Aygun-Final\Final-Project-ReadLingo-Back\EnglishLearningPlatform.Infrastructure\Services\StripeProviderClient.cs:line 90
   at EnglishLearningPlatform.Application.Services.SubscriptionPaymentService.CreateCheckoutSessionAsync(Guid userId, CreateCheckoutSessionRequestDto dto, CancellationToken cancellationToken) in C:\Users\Ravan999\Desktop\Aygun-Final\Final-Project-ReadLingo-Back\EnglishLearningPlatform.Application\Services\SubscriptionPaymentService.cs:line 43
   at EnglishLearningPlatform.API.Controllers.V1.PaymentsController.CreateCheckoutSession(CreateCheckoutSessionRequestDto dto, CancellationToken cancellationToken) in C:\Users\Ravan999\Desktop\Aygun-Final\Final-Project-ReadLingo-Back\EnglishLearningPlatform.API\Controllers\V1\PaymentsController.cs:line 32
   at Microsoft.AspNetCore.Mvc.Infrastructure.ActionMethodExecutor.TaskOfIActionResultExecutor.Execute(ActionContext actionContext, IActionResultTypeMapper mapper, ObjectMethodExecutor executor, Object controller, Object[] arguments)
   at Microsoft.AspNetCore.Mvc.Infrastructure.ControllerActionInvoker.<InvokeActionMethodAsync>g__Awaited|12_0(ControllerActionInvoker invoker, ValueTask`1 actionResultValueTask)
   at Microsoft.AspNetCore.Mvc.Infrastructure.ControllerActionInvoker.<InvokeNextActionFilterAsync>g__Awaited|10_0(ControllerActionInvoker invoker, Task lastTask, State next, Scope scope, Object state, Boolean isCompleted)
   at Microsoft.AspNetCore.Mvc.Infrastructure.ControllerActionInvoker.Rethrow(ActionExecutedContextSealed context)
   at Microsoft.AspNetCore.Mvc.Infrastructure.ControllerActionInvoker.Next(State& next, Scope& scope, Object& state, Boolean& isCompleted)
   at Microsoft.AspNetCore.Mvc.Infrastructure.ControllerActionInvoker.<InvokeInnerFilterAsync>g__Awaited|13_0(ControllerActionInvoker invoker, Task lastTask, State next, Scope scope, Object state, Boolean isCompleted)
   at Microsoft.AspNetCore.Mvc.Infrastructure.ResourceInvoker.<InvokeFilterPipelineAsync>g__Awaited|20_0(ResourceInvoker invoker, Task lastTask, State next, Scope scope, Object state, Boolean isCompleted)
   at Microsoft.AspNetCore.Mvc.Infrastructure.ResourceInvoker.<InvokeAsync>g__Awaited|17_0(ResourceInvoker invoker, Task task, IDisposable scope)
   at Microsoft.AspNetCore.Mvc.Infrastructure.ResourceInvoker.<InvokeAsync>g__Awaited|17_0(ResourceInvoker invoker, Task task, IDisposable scope)
   at Microsoft.AspNetCore.Authorization.AuthorizationMiddleware.Invoke(HttpContext context)
   at Microsoft.AspNetCore.Authentication.AuthenticationMiddleware.Invoke(HttpContext context)
   at Microsoft.AspNetCore.RateLimiting.RateLimitingMiddleware.InvokeInternal(HttpContext context, EnableRateLimitingAttribute enableRateLimitingAttribute)
   at Swashbuckle.AspNetCore.SwaggerUI.SwaggerUIMiddleware.Invoke(HttpContext httpContext)
   at Swashbuckle.AspNetCore.Swagger.SwaggerMiddleware.Invoke(HttpContext httpContext, ISwaggerProvider swaggerProvider)
   at EnglishLearningPlatform.API.Middlewares.RequestLoggingMiddleware.InvokeAsync(HttpContext context) in C:\Users\Ravan999\Desktop\Aygun-Final\Final-Project-ReadLingo-Back\EnglishLearningPlatform.API\Middlewares\RequestLoggingMiddleware.cs:line 24
   at EnglishLearningPlatform.API.Middlewares.ExceptionHandlingMiddleware.InvokeAsync(HttpContext context) in C:\Users\Ravan999\Desktop\Aygun-Final\Final-Project-ReadLingo-Back\EnglishLearningPlatform.API\Middlewares\ExceptionHandlingMiddleware.cs:line 27
2026-08-23 01:23:22.418 +04:00 [INF] OPTIONS /api/v1/payments/checkout responded 204 in 1ms (user: anonymous)
2026-08-23 01:23:23.157 +04:00 [INF] POST /api/v1/payments/checkout responded 200 in 726ms (user: anonymous)
2026-08-23 01:23:23.164 +04:00 [ERR] Unhandled exception on /api/v1/payments/checkout
Stripe.StripeException: No such price: 'price_1U70BzRotXdwHyB544oiuBke'
   at Stripe.LiveApiRequestor.ProcessResponse[T](StripeResponse response, ApiMode apiMode) in /_/src/Stripe.net/Infrastructure/Public/LiveApiRequestor.cs:line 287
   at Stripe.LiveApiRequestor.RequestAsync[T](BaseAddress baseAddress, HttpMethod method, String path, BaseOptions options, RequestOptions requestOptions, CancellationToken cancellationToken) in /_/src/Stripe.net/Infrastructure/Public/LiveApiRequestor.cs:line 116
   at Stripe.Service.RequestAsync[T](BaseAddress baseAddress, HttpMethod method, String path, BaseOptions options, RequestOptions requestOptions, CancellationToken cancellationToken) in /_/src/Stripe.net/Services/_base/Service.cs:line 100
   at EnglishLearningPlatform.Infrastructure.Services.StripeProviderClient.CreateCheckoutSessionAsync(String stripeCustomerId, String priceId, String successUrl, String cancelUrl, CancellationToken cancellationToken) in C:\Users\Ravan999\Desktop\Aygun-Final\Final-Project-ReadLingo-Back\EnglishLearningPlatform.Infrastructure\Services\StripeProviderClient.cs:line 90
   at EnglishLearningPlatform.Application.Services.SubscriptionPaymentService.CreateCheckoutSessionAsync(Guid userId, CreateCheckoutSessionRequestDto dto, CancellationToken cancellationToken) in C:\Users\Ravan999\Desktop\Aygun-Final\Final-Project-ReadLingo-Back\EnglishLearningPlatform.Application\Services\SubscriptionPaymentService.cs:line 43
   at EnglishLearningPlatform.API.Controllers.V1.PaymentsController.CreateCheckoutSession(CreateCheckoutSessionRequestDto dto, CancellationToken cancellationToken) in C:\Users\Ravan999\Desktop\Aygun-Final\Final-Project-ReadLingo-Back\EnglishLearningPlatform.API\Controllers\V1\PaymentsController.cs:line 32
   at Microsoft.AspNetCore.Mvc.Infrastructure.ActionMethodExecutor.TaskOfIActionResultExecutor.Execute(ActionContext actionContext, IActionResultTypeMapper mapper, ObjectMethodExecutor executor, Object controller, Object[] arguments)
   at Microsoft.AspNetCore.Mvc.Infrastructure.ControllerActionInvoker.<InvokeActionMethodAsync>g__Awaited|12_0(ControllerActionInvoker invoker, ValueTask`1 actionResultValueTask)
   at Microsoft.AspNetCore.Mvc.Infrastructure.ControllerActionInvoker.<InvokeNextActionFilterAsync>g__Awaited|10_0(ControllerActionInvoker invoker, Task lastTask, State next, Scope scope, Object state, Boolean isCompleted)
   at Microsoft.AspNetCore.Mvc.Infrastructure.ControllerActionInvoker.Rethrow(ActionExecutedContextSealed context)
   at Microsoft.AspNetCore.Mvc.Infrastructure.ControllerActionInvoker.Next(State& next, Scope& scope, Object& state, Boolean& isCompleted)
   at Microsoft.AspNetCore.Mvc.Infrastructure.ControllerActionInvoker.<InvokeInnerFilterAsync>g__Awaited|13_0(ControllerActionInvoker invoker, Task lastTask, State next, Scope scope, Object state, Boolean isCompleted)
   at Microsoft.AspNetCore.Mvc.Infrastructure.ResourceInvoker.<InvokeFilterPipelineAsync>g__Awaited|20_0(ResourceInvoker invoker, Task lastTask, State next, Scope scope, Object state, Boolean isCompleted)
   at Microsoft.AspNetCore.Mvc.Infrastructure.ResourceInvoker.<InvokeAsync>g__Awaited|17_0(ResourceInvoker invoker, Task task, IDisposable scope)
   at Microsoft.AspNetCore.Mvc.Infrastructure.ResourceInvoker.<InvokeAsync>g__Awaited|17_0(ResourceInvoker invoker, Task task, IDisposable scope)
   at Microsoft.AspNetCore.Authorization.AuthorizationMiddleware.Invoke(HttpContext context)
   at Microsoft.AspNetCore.Authentication.AuthenticationMiddleware.Invoke(HttpContext context)
   at Microsoft.AspNetCore.RateLimiting.RateLimitingMiddleware.InvokeInternal(HttpContext context, EnableRateLimitingAttribute enableRateLimitingAttribute)
   at Swashbuckle.AspNetCore.SwaggerUI.SwaggerUIMiddleware.Invoke(HttpContext httpContext)
   at Swashbuckle.AspNetCore.Swagger.SwaggerMiddleware.Invoke(HttpContext httpContext, ISwaggerProvider swaggerProvider)
   at EnglishLearningPlatform.API.Middlewares.RequestLoggingMiddleware.InvokeAsync(HttpContext context) in C:\Users\Ravan999\Desktop\Aygun-Final\Final-Project-ReadLingo-Back\EnglishLearningPlatform.API\Middlewares\RequestLoggingMiddleware.cs:line 24
   at EnglishLearningPlatform.API.Middlewares.ExceptionHandlingMiddleware.InvokeAsync(HttpContext context) in C:\Users\Ravan999\Desktop\Aygun-Final\Final-Project-ReadLingo-Back\EnglishLearningPlatform.API\Middlewares\ExceptionHandlingMiddleware.cs:line 27
2026-08-23 01:25:18.663 +04:00 [WRN] Entity 'Story' has a global query filter defined and is the required end of a relationship with the entity 'Chapter'. This may lead to unexpected results when the required entity is filtered out. Either configure the navigation as optional, or define matching query filters for both entities in the navigation. See https://go.microsoft.com/fwlink/?linkid=2131316 for more information.
2026-08-23 01:25:18.690 +04:00 [WRN] Entity 'Story' has a global query filter defined and is the required end of a relationship with the entity 'DailyStoryReadLog'. This may lead to unexpected results when the required entity is filtered out. Either configure the navigation as optional, or define matching query filters for both entities in the navigation. See https://go.microsoft.com/fwlink/?linkid=2131316 for more information.
2026-08-23 01:25:18.693 +04:00 [WRN] Entity 'Story' has a global query filter defined and is the required end of a relationship with the entity 'FavoriteStory'. This may lead to unexpected results when the required entity is filtered out. Either configure the navigation as optional, or define matching query filters for both entities in the navigation. See https://go.microsoft.com/fwlink/?linkid=2131316 for more information.
2026-08-23 01:25:18.694 +04:00 [WRN] Entity 'Story' has a global query filter defined and is the required end of a relationship with the entity 'QuizAttempt'. This may lead to unexpected results when the required entity is filtered out. Either configure the navigation as optional, or define matching query filters for both entities in the navigation. See https://go.microsoft.com/fwlink/?linkid=2131316 for more information.
2026-08-23 01:25:18.696 +04:00 [WRN] Entity 'Story' has a global query filter defined and is the required end of a relationship with the entity 'ReadingHistory'. This may lead to unexpected results when the required entity is filtered out. Either configure the navigation as optional, or define matching query filters for both entities in the navigation. See https://go.microsoft.com/fwlink/?linkid=2131316 for more information.
2026-08-23 01:25:18.698 +04:00 [WRN] Entity 'Story' has a global query filter defined and is the required end of a relationship with the entity 'RemainingCorrectCounter'. This may lead to unexpected results when the required entity is filtered out. Either configure the navigation as optional, or define matching query filters for both entities in the navigation. See https://go.microsoft.com/fwlink/?linkid=2131316 for more information.
2026-08-23 01:25:18.699 +04:00 [WRN] Entity 'Story' has a global query filter defined and is the required end of a relationship with the entity 'Review'. This may lead to unexpected results when the required entity is filtered out. Either configure the navigation as optional, or define matching query filters for both entities in the navigation. See https://go.microsoft.com/fwlink/?linkid=2131316 for more information.
2026-08-23 01:25:18.700 +04:00 [WRN] Entity 'Story' has a global query filter defined and is the required end of a relationship with the entity 'UserProgress'. This may lead to unexpected results when the required entity is filtered out. Either configure the navigation as optional, or define matching query filters for both entities in the navigation. See https://go.microsoft.com/fwlink/?linkid=2131316 for more information.
2026-08-23 01:25:19.341 +04:00 [INF] Database seeding completed successfully.
2026-08-23 01:25:20.283 +04:00 [INF] GET /swagger/index.html responded 200 in 36ms (user: anonymous)
2026-08-23 01:25:20.482 +04:00 [INF] GET /swagger/v1/swagger.json responded 200 in 24ms (user: anonymous)
2026-08-23 01:25:22.918 +04:00 [INF] OPTIONS /api/v1/payments/checkout responded 204 in 1ms (user: anonymous)
2026-08-23 01:25:24.811 +04:00 [INF] POST /api/v1/payments/checkout responded 200 in 1881ms (user: anonymous)
2026-08-23 01:25:29.056 +04:00 [INF] OPTIONS /api/v1/profile responded 204 in 0ms (user: anonymous)
2026-08-23 01:25:29.056 +04:00 [INF] OPTIONS /api/v1/profile responded 204 in 0ms (user: anonymous)
2026-08-23 01:25:29.056 +04:00 [INF] OPTIONS /api/v1/profile responded 204 in 0ms (user: anonymous)
2026-08-23 01:25:29.056 +04:00 [INF] OPTIONS /api/v1/profile responded 204 in 0ms (user: anonymous)
2026-08-23 01:25:29.353 +04:00 [INF] GET /api/v1/profile responded 200 in 286ms (user: anonymous)
2026-08-23 01:25:29.369 +04:00 [INF] GET /api/v1/profile responded 200 in 13ms (user: anonymous)
2026-08-23 01:25:29.384 +04:00 [INF] GET /api/v1/profile responded 200 in 13ms (user: anonymous)
2026-08-23 01:25:29.393 +04:00 [INF] GET /api/v1/profile responded 200 in 8ms (user: anonymous)
2026-08-23 01:25:29.403 +04:00 [INF] GET /api/v1/profile responded 200 in 5ms (user: anonymous)
2026-08-23 01:25:29.417 +04:00 [INF] GET /api/v1/profile responded 200 in 10ms (user: anonymous)
2026-08-23 01:25:35.531 +04:00 [INF] OPTIONS /api/v1/stories responded 204 in 0ms (user: anonymous)
2026-08-23 01:25:35.532 +04:00 [INF] OPTIONS /api/v1/profile responded 204 in 0ms (user: anonymous)
2026-08-23 01:25:35.531 +04:00 [INF] OPTIONS /api/v1/profile responded 204 in 0ms (user: anonymous)
2026-08-23 01:25:35.531 +04:00 [INF] OPTIONS /api/v1/profile responded 204 in 0ms (user: anonymous)
2026-08-23 01:25:35.531 +04:00 [INF] OPTIONS /api/v1/profile responded 204 in 0ms (user: anonymous)
2026-08-23 01:25:35.532 +04:00 [INF] OPTIONS /api/v1/stories responded 204 in 0ms (user: anonymous)
2026-08-23 01:25:35.547 +04:00 [INF] GET /api/v1/profile responded 200 in 9ms (user: anonymous)
2026-08-23 01:25:35.554 +04:00 [INF] GET /api/v1/profile responded 200 in 4ms (user: anonymous)
2026-08-23 01:25:35.565 +04:00 [INF] GET /api/v1/profile responded 200 in 6ms (user: anonymous)
2026-08-23 01:25:35.571 +04:00 [INF] GET /api/v1/profile responded 200 in 4ms (user: anonymous)
2026-08-23 01:25:35.598 +04:00 [WRN] Compiling a query which loads related collections for more than one collection navigation, either via 'Include' or through projection, but no 'QuerySplittingBehavior' has been configured. By default, Entity Framework will use 'QuerySplittingBehavior.SingleQuery', which can potentially result in slow query performance. See https://go.microsoft.com/fwlink/?linkid=2134277 for more information. To identify the query that's triggering this warning call 'ConfigureWarnings(w => w.Throw(RelationalEventId.MultipleCollectionIncludeWarning))'.
2026-08-23 01:25:35.623 +04:00 [INF] GET /api/v1/stories responded 200 in 86ms (user: anonymous)
2026-08-23 01:25:35.626 +04:00 [INF] GET /api/v1/stories responded 200 in 1ms (user: anonymous)
2026-08-23 01:25:43.112 +04:00 [INF] OPTIONS /api/v1/profile responded 204 in 0ms (user: anonymous)
2026-08-23 01:25:43.112 +04:00 [INF] OPTIONS /api/v1/profile responded 204 in 0ms (user: anonymous)
2026-08-23 01:25:43.112 +04:00 [INF] OPTIONS /api/v1/stories responded 204 in 0ms (user: anonymous)
2026-08-23 01:25:43.112 +04:00 [INF] OPTIONS /api/v1/stories responded 204 in 0ms (user: anonymous)
2026-08-23 01:25:43.112 +04:00 [INF] OPTIONS /api/v1/story-categories responded 204 in 0ms (user: anonymous)
2026-08-23 01:25:43.112 +04:00 [INF] OPTIONS /api/v1/story-categories responded 204 in 0ms (user: anonymous)
2026-08-23 01:25:43.124 +04:00 [INF] GET /api/v1/profile responded 200 in 6ms (user: anonymous)
2026-08-23 01:25:43.125 +04:00 [INF] GET /api/v1/stories responded 200 in 2ms (user: anonymous)
2026-08-23 01:25:43.127 +04:00 [INF] GET /api/v1/stories responded 200 in 0ms (user: anonymous)
2026-08-23 01:25:43.159 +04:00 [INF] GET /api/v1/profile responded 200 in 32ms (user: anonymous)
2026-08-23 01:25:43.196 +04:00 [INF] GET /api/v1/story-categories responded 200 in 69ms (user: anonymous)
2026-08-23 01:25:43.200 +04:00 [INF] GET /api/v1/story-categories responded 200 in 2ms (user: anonymous)
2026-08-23 01:25:50.120 +04:00 [INF] OPTIONS /api/v1/profile responded 204 in 0ms (user: anonymous)
2026-08-23 01:25:50.120 +04:00 [INF] OPTIONS /api/v1/profile responded 204 in 0ms (user: anonymous)
2026-08-23 01:25:50.120 +04:00 [INF] OPTIONS /api/v1/profile responded 204 in 0ms (user: anonymous)
2026-08-23 01:25:50.120 +04:00 [INF] OPTIONS /api/v1/profile responded 204 in 0ms (user: anonymous)
2026-08-23 01:25:50.120 +04:00 [INF] OPTIONS /api/v1/stories responded 204 in 0ms (user: anonymous)
2026-08-23 01:25:50.120 +04:00 [INF] OPTIONS /api/v1/stories responded 204 in 0ms (user: anonymous)
2026-08-23 01:25:50.132 +04:00 [INF] GET /api/v1/profile responded 200 in 4ms (user: anonymous)
2026-08-23 01:25:50.136 +04:00 [INF] GET /api/v1/stories responded 200 in 1ms (user: anonymous)
2026-08-23 01:25:50.137 +04:00 [INF] GET /api/v1/profile responded 200 in 3ms (user: anonymous)
2026-08-23 01:25:50.144 +04:00 [INF] GET /api/v1/stories responded 200 in 3ms (user: anonymous)
2026-08-23 01:25:50.147 +04:00 [INF] GET /api/v1/profile responded 200 in 9ms (user: anonymous)
2026-08-23 01:25:50.150 +04:00 [INF] GET /api/v1/profile responded 200 in 12ms (user: anonymous)
2026-08-23 01:25:52.419 +04:00 [INF] OPTIONS /api/v1/vocabularies responded 204 in 0ms (user: anonymous)
2026-08-23 01:25:52.419 +04:00 [INF] OPTIONS /api/v1/vocabularies responded 204 in 0ms (user: anonymous)
2026-08-23 01:25:52.427 +04:00 [INF] GET /api/v1/profile responded 200 in 7ms (user: anonymous)
2026-08-23 01:25:52.433 +04:00 [INF] GET /api/v1/profile responded 200 in 3ms (user: anonymous)
2026-08-23 01:25:52.482 +04:00 [INF] GET /api/v1/vocabularies responded 200 in 57ms (user: anonymous)
2026-08-23 01:25:52.491 +04:00 [INF] GET /api/v1/vocabularies responded 200 in 6ms (user: anonymous)
2026-08-23 01:25:52.518 +04:00 [INF] GET /api/v1/vocabularies responded 200 in 7ms (user: anonymous)
2026-08-23 01:25:52.532 +04:00 [INF] GET /api/v1/vocabularies responded 200 in 12ms (user: anonymous)
2026-08-23 01:26:06.976 +04:00 [INF] OPTIONS /api/v1/profile responded 204 in 0ms (user: anonymous)
2026-08-23 01:26:06.976 +04:00 [INF] OPTIONS /api/v1/profile responded 204 in 0ms (user: anonymous)
2026-08-23 01:26:06.976 +04:00 [INF] OPTIONS /api/v1/profile responded 204 in 0ms (user: anonymous)
2026-08-23 01:26:06.976 +04:00 [INF] OPTIONS /api/v1/profile responded 204 in 0ms (user: anonymous)
2026-08-23 01:26:06.985 +04:00 [INF] GET /api/v1/profile responded 200 in 3ms (user: anonymous)
2026-08-23 01:26:06.993 +04:00 [INF] GET /api/v1/profile responded 200 in 6ms (user: anonymous)
2026-08-23 01:26:07.001 +04:00 [INF] GET /api/v1/profile responded 200 in 4ms (user: anonymous)
2026-08-23 01:26:07.007 +04:00 [INF] GET /api/v1/profile responded 200 in 5ms (user: anonymous)
2026-08-23 01:26:12.005 +04:00 [INF] OPTIONS /api/v1/chat/conversations responded 204 in 0ms (user: anonymous)
2026-08-23 01:26:12.005 +04:00 [INF] OPTIONS /api/v1/profile responded 204 in 0ms (user: anonymous)
2026-08-23 01:26:12.005 +04:00 [INF] OPTIONS /api/v1/profile responded 204 in 0ms (user: anonymous)
2026-08-23 01:26:12.005 +04:00 [INF] OPTIONS /api/v1/chat/usage responded 204 in 0ms (user: anonymous)
2026-08-23 01:26:12.005 +04:00 [INF] OPTIONS /api/v1/chat/conversations responded 204 in 0ms (user: anonymous)
2026-08-23 01:26:12.005 +04:00 [INF] OPTIONS /api/v1/chat/usage responded 204 in 0ms (user: anonymous)
2026-08-23 01:26:12.020 +04:00 [INF] GET /api/v1/profile responded 200 in 8ms (user: anonymous)
2026-08-23 01:26:12.028 +04:00 [INF] GET /api/v1/profile responded 200 in 5ms (user: anonymous)
2026-08-23 01:26:12.051 +04:00 [INF] GET /api/v1/chat/usage responded 200 in 26ms (user: anonymous)
2026-08-23 01:26:12.059 +04:00 [INF] GET /api/v1/chat/conversations responded 200 in 48ms (user: anonymous)
2026-08-23 01:26:12.064 +04:00 [INF] GET /api/v1/chat/usage responded 200 in 8ms (user: anonymous)
2026-08-23 01:26:12.065 +04:00 [INF] GET /api/v1/chat/conversations responded 200 in 3ms (user: anonymous)
2026-08-23 01:26:15.297 +04:00 [INF] GET /api/v1/profile responded 200 in 3ms (user: anonymous)
2026-08-23 01:26:15.303 +04:00 [INF] GET /api/v1/profile responded 200 in 4ms (user: anonymous)
2026-08-23 01:26:15.314 +04:00 [INF] GET /api/v1/profile responded 200 in 7ms (user: anonymous)
2026-08-23 01:26:15.320 +04:00 [INF] GET /api/v1/profile responded 200 in 3ms (user: anonymous)
2026-08-23 01:26:15.326 +04:00 [INF] GET /api/v1/profile responded 200 in 4ms (user: anonymous)
2026-08-23 01:26:15.334 +04:00 [INF] GET /api/v1/profile responded 200 in 5ms (user: anonymous)
2026-08-23 01:26:17.785 +04:00 [INF] OPTIONS /api/v1/profile responded 204 in 0ms (user: anonymous)
2026-08-23 01:26:17.785 +04:00 [INF] OPTIONS /api/v1/chat/conversations responded 204 in 0ms (user: anonymous)
2026-08-23 01:26:17.785 +04:00 [INF] OPTIONS /api/v1/profile responded 204 in 0ms (user: anonymous)
2026-08-23 01:26:17.785 +04:00 [INF] OPTIONS /api/v1/chat/usage responded 204 in 0ms (user: anonymous)
2026-08-23 01:26:17.785 +04:00 [INF] OPTIONS /api/v1/chat/conversations responded 204 in 0ms (user: anonymous)
2026-08-23 01:26:17.797 +04:00 [INF] GET /api/v1/chat/usage responded 429 in 0ms (user: anonymous)
2026-08-23 01:26:17.785 +04:00 [INF] OPTIONS /api/v1/chat/usage responded 204 in 0ms (user: anonymous)
2026-08-23 01:26:17.795 +04:00 [INF] GET /api/v1/chat/conversations responded 200 in 2ms (user: anonymous)
2026-08-23 01:26:17.795 +04:00 [INF] GET /api/v1/profile responded 200 in 5ms (user: anonymous)
2026-08-23 01:26:17.798 +04:00 [INF] GET /api/v1/chat/conversations responded 429 in 0ms (user: anonymous)
2026-08-23 01:26:17.800 +04:00 [INF] GET /api/v1/profile responded 200 in 3ms (user: anonymous)
2026-08-23 01:26:17.805 +04:00 [INF] GET /api/v1/chat/usage responded 429 in 0ms (user: anonymous)
2026-08-23 01:26:21.369 +04:00 [INF] OPTIONS /api/v1/stories responded 204 in 0ms (user: anonymous)
2026-08-23 01:26:21.369 +04:00 [INF] OPTIONS /api/v1/story-categories responded 204 in 0ms (user: anonymous)
2026-08-23 01:26:21.369 +04:00 [INF] OPTIONS /api/v1/stories responded 204 in 0ms (user: anonymous)
2026-08-23 01:26:21.369 +04:00 [INF] OPTIONS /api/v1/story-categories responded 204 in 0ms (user: anonymous)
2026-08-23 01:26:21.377 +04:00 [INF] GET /api/v1/profile responded 200 in 7ms (user: anonymous)
2026-08-23 01:26:21.377 +04:00 [INF] GET /api/v1/stories responded 200 in 0ms (user: anonymous)
2026-08-23 01:26:21.381 +04:00 [INF] GET /api/v1/story-categories responded 200 in 1ms (user: anonymous)
2026-08-23 01:26:21.384 +04:00 [INF] GET /api/v1/profile responded 200 in 4ms (user: anonymous)
2026-08-23 01:26:21.384 +04:00 [INF] GET /api/v1/stories responded 200 in 1ms (user: anonymous)
2026-08-23 01:26:21.386 +04:00 [INF] GET /api/v1/story-categories responded 200 in 0ms (user: anonymous)
2026-08-23 01:26:22.348 +04:00 [INF] GET /api/v1/stories responded 200 in 0ms (user: anonymous)
2026-08-23 01:26:22.350 +04:00 [INF] GET /api/v1/stories responded 200 in 0ms (user: anonymous)
2026-08-23 01:26:22.350 +04:00 [INF] GET /api/v1/profile responded 200 in 3ms (user: anonymous)
2026-08-23 01:26:22.358 +04:00 [INF] GET /api/v1/profile responded 200 in 6ms (user: anonymous)
2026-08-23 01:26:22.366 +04:00 [INF] GET /api/v1/profile responded 200 in 6ms (user: anonymous)
2026-08-23 01:26:22.372 +04:00 [INF] GET /api/v1/profile responded 200 in 5ms (user: anonymous)
2026-08-23 01:27:47.189 +04:00 [INF] OPTIONS /api/v1/stories responded 204 in 0ms (user: anonymous)
2026-08-23 01:27:47.189 +04:00 [INF] OPTIONS /api/v1/profile responded 204 in 0ms (user: anonymous)
2026-08-23 01:27:47.189 +04:00 [INF] OPTIONS /api/v1/profile responded 204 in 0ms (user: anonymous)
2026-08-23 01:27:47.191 +04:00 [INF] OPTIONS /api/v1/profile responded 204 in 0ms (user: anonymous)
2026-08-23 01:27:47.191 +04:00 [INF] OPTIONS /api/v1/profile responded 204 in 0ms (user: anonymous)
2026-08-23 01:27:47.191 +04:00 [INF] OPTIONS /api/v1/stories responded 204 in 0ms (user: anonymous)
2026-08-23 01:27:47.199 +04:00 [INF] GET /api/v1/stories responded 200 in 3ms (user: anonymous)
2026-08-23 01:27:47.202 +04:00 [INF] GET /api/v1/profile responded 200 in 2ms (user: anonymous)
2026-08-23 01:27:47.210 +04:00 [INF] GET /api/v1/profile responded 200 in 3ms (user: anonymous)
2026-08-23 01:27:47.212 +04:00 [INF] GET /api/v1/stories responded 200 in 0ms (user: anonymous)
2026-08-23 01:27:47.212 +04:00 [INF] GET /api/v1/profile responded 200 in 2ms (user: anonymous)
2026-08-23 01:27:47.213 +04:00 [INF] GET /api/v1/profile responded 200 in 2ms (user: anonymous)
2026-08-23 01:28:32.234 +04:00 [INF] OPTIONS /api/v1/profile responded 204 in 0ms (user: anonymous)
2026-08-23 01:28:32.234 +04:00 [INF] OPTIONS /api/v1/progress/achievements responded 204 in 0ms (user: anonymous)
2026-08-23 01:28:32.234 +04:00 [INF] OPTIONS /api/v1/profile responded 204 in 0ms (user: anonymous)
2026-08-23 01:28:32.235 +04:00 [INF] OPTIONS /api/v1/progress/sessions responded 204 in 0ms (user: anonymous)
2026-08-23 01:28:32.236 +04:00 [INF] OPTIONS /api/v1/profile responded 204 in 0ms (user: anonymous)
2026-08-23 01:28:32.236 +04:00 [INF] OPTIONS /api/v1/profile responded 204 in 0ms (user: anonymous)
2026-08-23 01:28:32.236 +04:00 [INF] OPTIONS /api/v1/profile/badges responded 204 in 0ms (user: anonymous)
2026-08-23 01:28:32.237 +04:00 [INF] OPTIONS /api/v1/profile/badges responded 204 in 0ms (user: anonymous)
2026-08-23 01:28:32.237 +04:00 [INF] OPTIONS /api/v1/progress/achievements responded 204 in 0ms (user: anonymous)
2026-08-23 01:28:32.237 +04:00 [INF] OPTIONS /api/v1/progress/sessions responded 204 in 0ms (user: anonymous)
2026-08-23 01:28:32.247 +04:00 [INF] GET /api/v1/progress/achievements responded 404 in 0ms (user: anonymous)
2026-08-23 01:28:32.248 +04:00 [INF] GET /api/v1/profile responded 200 in 6ms (user: anonymous)
2026-08-23 01:28:32.249 +04:00 [INF] GET /api/v1/progress/sessions responded 404 in 0ms (user: anonymous)
2026-08-23 01:28:32.255 +04:00 [INF] GET /api/v1/profile responded 200 in 4ms (user: anonymous)
2026-08-23 01:28:32.257 +04:00 [INF] GET /api/v1/profile/badges responded 404 in 0ms (user: anonymous)
2026-08-23 01:28:32.258 +04:00 [INF] GET /api/v1/profile responded 200 in 2ms (user: anonymous)
2026-08-23 01:28:32.258 +04:00 [INF] GET /api/v1/profile responded 200 in 2ms (user: anonymous)
2026-08-23 01:28:32.264 +04:00 [INF] GET /api/v1/progress/achievements responded 404 in 0ms (user: anonymous)
2026-08-23 01:28:32.271 +04:00 [INF] GET /api/v1/progress/sessions responded 404 in 0ms (user: anonymous)
2026-08-23 01:28:32.275 +04:00 [INF] GET /api/v1/profile/badges responded 404 in 0ms (user: anonymous)
2026-08-23 01:28:33.527 +04:00 [INF] OPTIONS /api/v1/stories responded 204 in 0ms (user: anonymous)
2026-08-23 01:28:33.527 +04:00 [INF] OPTIONS /api/v1/stories responded 204 in 0ms (user: anonymous)
2026-08-23 01:28:33.530 +04:00 [INF] GET /api/v1/profile responded 200 in 2ms (user: anonymous)
2026-08-23 01:28:33.532 +04:00 [INF] GET /api/v1/stories responded 200 in 0ms (user: anonymous)
2026-08-23 01:28:33.534 +04:00 [INF] GET /api/v1/profile responded 200 in 3ms (user: anonymous)
2026-08-23 01:28:33.536 +04:00 [INF] GET /api/v1/stories responded 200 in 0ms (user: anonymous)
2026-08-23 01:28:33.540 +04:00 [INF] GET /api/v1/profile responded 200 in 4ms (user: anonymous)
2026-08-23 01:28:33.540 +04:00 [INF] GET /api/v1/profile responded 200 in 4ms (user: anonymous)
2026-08-23 01:28:34.982 +04:00 [INF] GET /api/v1/stories responded 200 in 0ms (user: anonymous)
2026-08-23 01:28:34.987 +04:00 [INF] GET /api/v1/profile responded 200 in 5ms (user: anonymous)
2026-08-23 01:28:34.991 +04:00 [INF] GET /api/v1/profile responded 200 in 2ms (user: anonymous)
2026-08-23 01:28:50.976 +04:00 [INF] OPTIONS /api/v1/stories responded 204 in 0ms (user: anonymous)
2026-08-23 01:28:50.976 +04:00 [INF] OPTIONS /api/v1/profile responded 204 in 0ms (user: anonymous)
2026-08-23 01:28:50.976 +04:00 [INF] OPTIONS /api/v1/profile responded 204 in 0ms (user: anonymous)
2026-08-23 01:28:50.981 +04:00 [INF] GET /api/v1/stories responded 200 in 0ms (user: anonymous)
2026-08-23 01:28:50.988 +04:00 [INF] GET /api/v1/profile responded 200 in 5ms (user: anonymous)
2026-08-23 01:28:50.992 +04:00 [INF] GET /api/v1/profile responded 200 in 3ms (user: anonymous)
2026-08-23 01:30:00.225 +04:00 [INF] OPTIONS /api/v1/profile responded 204 in 0ms (user: anonymous)
2026-08-23 01:30:00.225 +04:00 [INF] OPTIONS /api/v1/profile responded 204 in 0ms (user: anonymous)
2026-08-23 01:30:00.225 +04:00 [INF] OPTIONS /api/v1/profile responded 204 in 0ms (user: anonymous)
2026-08-23 01:30:00.225 +04:00 [INF] OPTIONS /api/v1/profile responded 204 in 0ms (user: anonymous)
2026-08-23 01:30:00.236 +04:00 [INF] GET /api/v1/profile responded 200 in 5ms (user: anonymous)
2026-08-23 01:30:00.243 +04:00 [INF] GET /api/v1/profile responded 200 in 5ms (user: anonymous)
2026-08-23 01:30:00.248 +04:00 [INF] GET /api/v1/profile responded 200 in 3ms (user: anonymous)
2026-08-23 01:30:00.254 +04:00 [INF] GET /api/v1/profile responded 200 in 3ms (user: anonymous)
2026-08-23 01:30:00.262 +04:00 [INF] GET /api/v1/profile responded 200 in 6ms (user: anonymous)
2026-08-23 01:30:00.272 +04:00 [INF] GET /api/v1/profile responded 200 in 7ms (user: anonymous)
2026-08-23 01:30:03.568 +04:00 [INF] OPTIONS /api/v1/payments/checkout responded 204 in 0ms (user: anonymous)
2026-08-23 01:30:05.095 +04:00 [INF] POST /api/v1/payments/checkout responded 200 in 1522ms (user: anonymous)
2026-08-23 01:30:31.437 +04:00 [INF] OPTIONS /api/v1/stories responded 204 in 0ms (user: anonymous)
2026-08-23 01:30:31.437 +04:00 [INF] OPTIONS /api/v1/profile responded 204 in 0ms (user: anonymous)
2026-08-23 01:30:31.437 +04:00 [INF] OPTIONS /api/v1/story-categories responded 204 in 0ms (user: anonymous)
2026-08-23 01:30:31.438 +04:00 [INF] OPTIONS /api/v1/profile responded 204 in 0ms (user: anonymous)
2026-08-23 01:30:31.438 +04:00 [INF] OPTIONS /api/v1/stories responded 204 in 0ms (user: anonymous)
2026-08-23 01:30:31.439 +04:00 [INF] OPTIONS /api/v1/story-categories responded 204 in 0ms (user: anonymous)
2026-08-23 01:30:31.446 +04:00 [INF] GET /api/v1/stories responded 200 in 2ms (user: anonymous)
2026-08-23 01:30:31.450 +04:00 [INF] GET /api/v1/story-categories responded 200 in 1ms (user: anonymous)
2026-08-23 01:30:31.451 +04:00 [INF] GET /api/v1/profile responded 200 in 5ms (user: anonymous)
2026-08-23 01:30:31.455 +04:00 [INF] GET /api/v1/stories responded 200 in 1ms (user: anonymous)
2026-08-23 01:30:31.459 +04:00 [INF] GET /api/v1/profile responded 200 in 7ms (user: anonymous)
2026-08-23 01:30:31.459 +04:00 [INF] GET /api/v1/story-categories responded 200 in 0ms (user: anonymous)
2026-08-23 01:30:33.579 +04:00 [INF] GET /api/v1/stories responded 200 in 0ms (user: anonymous)
2026-08-23 01:30:33.581 +04:00 [INF] GET /api/v1/stories responded 200 in 1ms (user: anonymous)
2026-08-23 01:30:33.582 +04:00 [INF] GET /api/v1/profile responded 200 in 4ms (user: anonymous)
2026-08-23 01:30:33.586 +04:00 [INF] GET /api/v1/profile responded 200 in 2ms (user: anonymous)
2026-08-23 01:30:33.594 +04:00 [INF] GET /api/v1/profile responded 200 in 6ms (user: anonymous)
2026-08-23 01:30:33.594 +04:00 [INF] GET /api/v1/profile responded 200 in 6ms (user: anonymous)
2026-08-23 01:31:35.521 +04:00 [INF] OPTIONS /api/v1/profile responded 204 in 0ms (user: anonymous)
2026-08-23 01:31:35.521 +04:00 [INF] OPTIONS /api/v1/vocabularies responded 204 in 0ms (user: anonymous)
2026-08-23 01:31:35.521 +04:00 [INF] OPTIONS /api/v1/vocabularies responded 204 in 0ms (user: anonymous)
2026-08-23 01:31:35.522 +04:00 [INF] OPTIONS /api/v1/profile responded 204 in 0ms (user: anonymous)
2026-08-23 01:31:35.533 +04:00 [INF] GET /api/v1/profile responded 200 in 5ms (user: anonymous)
2026-08-23 01:31:35.538 +04:00 [INF] GET /api/v1/vocabularies responded 200 in 7ms (user: anonymous)
2026-08-23 01:31:35.541 +04:00 [INF] GET /api/v1/profile responded 200 in 2ms (user: anonymous)
2026-08-23 01:31:35.543 +04:00 [INF] GET /api/v1/vocabularies responded 200 in 3ms (user: anonymous)
2026-08-23 01:31:35.573 +04:00 [INF] GET /api/v1/vocabularies responded 200 in 4ms (user: anonymous)
2026-08-23 01:31:35.589 +04:00 [INF] GET /api/v1/vocabularies responded 200 in 12ms (user: anonymous)
2026-08-23 01:31:43.919 +04:00 [INF] OPTIONS /api/v1/profile responded 204 in 0ms (user: anonymous)
2026-08-23 01:31:43.919 +04:00 [INF] OPTIONS /api/v1/profile responded 204 in 0ms (user: anonymous)
2026-08-23 01:31:43.919 +04:00 [INF] OPTIONS /api/v1/chat/usage responded 204 in 0ms (user: anonymous)
2026-08-23 01:31:43.919 +04:00 [INF] OPTIONS /api/v1/chat/conversations responded 204 in 0ms (user: anonymous)
2026-08-23 01:31:43.919 +04:00 [INF] OPTIONS /api/v1/chat/conversations responded 204 in 0ms (user: anonymous)
2026-08-23 01:31:43.919 +04:00 [INF] OPTIONS /api/v1/chat/usage responded 204 in 0ms (user: anonymous)
2026-08-23 01:31:43.927 +04:00 [INF] GET /api/v1/profile responded 200 in 3ms (user: anonymous)
2026-08-23 01:31:43.933 +04:00 [INF] GET /api/v1/chat/usage responded 200 in 3ms (user: anonymous)
2026-08-23 01:31:43.934 +04:00 [INF] GET /api/v1/profile responded 200 in 4ms (user: anonymous)
2026-08-23 01:31:43.934 +04:00 [INF] GET /api/v1/chat/conversations responded 200 in 1ms (user: anonymous)
2026-08-23 01:31:43.938 +04:00 [INF] GET /api/v1/chat/conversations responded 200 in 2ms (user: anonymous)
2026-08-23 01:31:43.939 +04:00 [INF] GET /api/v1/chat/usage responded 200 in 2ms (user: anonymous)
2026-08-23 01:31:44.636 +04:00 [INF] OPTIONS /api/v1/story-categories responded 204 in 0ms (user: anonymous)
2026-08-23 01:31:44.636 +04:00 [INF] OPTIONS /api/v1/stories responded 204 in 0ms (user: anonymous)
2026-08-23 01:31:44.636 +04:00 [INF] OPTIONS /api/v1/stories responded 204 in 0ms (user: anonymous)
2026-08-23 01:31:44.636 +04:00 [INF] OPTIONS /api/v1/story-categories responded 204 in 0ms (user: anonymous)
2026-08-23 01:31:44.640 +04:00 [INF] GET /api/v1/profile responded 200 in 4ms (user: anonymous)
2026-08-23 01:31:44.641 +04:00 [INF] GET /api/v1/story-categories responded 200 in 0ms (user: anonymous)
2026-08-23 01:31:44.643 +04:00 [INF] GET /api/v1/stories responded 200 in 0ms (user: anonymous)
2026-08-23 01:31:44.645 +04:00 [INF] GET /api/v1/stories responded 200 in 0ms (user: anonymous)
2026-08-23 01:31:44.647 +04:00 [INF] GET /api/v1/profile responded 200 in 6ms (user: anonymous)
2026-08-23 01:31:44.651 +04:00 [INF] GET /api/v1/story-categories responded 200 in 0ms (user: anonymous)
2026-08-23 01:31:46.207 +04:00 [INF] OPTIONS /api/v1/stories/7f84cf4f-c6b0-4676-a378-53fdb100f1aa responded 204 in 0ms (user: anonymous)
2026-08-23 01:31:46.207 +04:00 [INF] OPTIONS /api/v1/stories/7f84cf4f-c6b0-4676-a378-53fdb100f1aa responded 204 in 0ms (user: anonymous)
2026-08-23 01:31:46.210 +04:00 [INF] GET /api/v1/profile responded 200 in 3ms (user: anonymous)
2026-08-23 01:31:46.218 +04:00 [INF] GET /api/v1/profile responded 200 in 4ms (user: anonymous)
2026-08-23 01:31:46.382 +04:00 [INF] GET /api/v1/stories/7f84cf4f-c6b0-4676-a378-53fdb100f1aa responded 200 in 168ms (user: anonymous)
2026-08-23 01:31:46.385 +04:00 [INF] GET /api/v1/stories/7f84cf4f-c6b0-4676-a378-53fdb100f1aa responded 200 in 2ms (user: anonymous)
2026-08-23 01:31:51.655 +04:00 [INF] OPTIONS /api/v1/stories responded 204 in 0ms (user: anonymous)
2026-08-23 01:31:51.655 +04:00 [INF] OPTIONS /api/v1/profile responded 204 in 0ms (user: anonymous)
2026-08-23 01:31:51.655 +04:00 [INF] OPTIONS /api/v1/profile responded 204 in 0ms (user: anonymous)
2026-08-23 01:31:51.655 +04:00 [INF] OPTIONS /api/v1/story-categories responded 204 in 0ms (user: anonymous)
2026-08-23 01:31:51.655 +04:00 [INF] OPTIONS /api/v1/story-categories responded 204 in 0ms (user: anonymous)
2026-08-23 01:31:51.655 +04:00 [INF] OPTIONS /api/v1/stories responded 204 in 0ms (user: anonymous)
2026-08-23 01:31:51.658 +04:00 [INF] GET /api/v1/stories responded 200 in 0ms (user: anonymous)
2026-08-23 01:31:51.664 +04:00 [INF] GET /api/v1/profile responded 200 in 3ms (user: anonymous)
2026-08-23 01:31:51.666 +04:00 [INF] GET /api/v1/story-categories responded 200 in 0ms (user: anonymous)
2026-08-23 01:31:51.669 +04:00 [INF] GET /api/v1/story-categories responded 200 in 0ms (user: anonymous)
2026-08-23 01:31:51.670 +04:00 [INF] GET /api/v1/profile responded 200 in 5ms (user: anonymous)
2026-08-23 01:31:51.672 +04:00 [INF] GET /api/v1/stories responded 200 in 0ms (user: anonymous)
2026-08-23 01:31:53.550 +04:00 [INF] OPTIONS /api/v1/stories/3feed0f4-142f-4a75-8b22-4aa5da1b55cd responded 204 in 0ms (user: anonymous)
2026-08-23 01:31:53.550 +04:00 [INF] OPTIONS /api/v1/stories/3feed0f4-142f-4a75-8b22-4aa5da1b55cd responded 204 in 0ms (user: anonymous)
2026-08-23 01:31:53.556 +04:00 [INF] GET /api/v1/profile responded 200 in 5ms (user: anonymous)
2026-08-23 01:31:53.560 +04:00 [INF] GET /api/v1/profile responded 200 in 3ms (user: anonymous)
2026-08-23 01:31:53.564 +04:00 [INF] GET /api/v1/stories/3feed0f4-142f-4a75-8b22-4aa5da1b55cd responded 200 in 8ms (user: anonymous)
2026-08-23 01:31:53.571 +04:00 [INF] GET /api/v1/stories/3feed0f4-142f-4a75-8b22-4aa5da1b55cd responded 200 in 5ms (user: anonymous)
2026-08-23 01:31:55.330 +04:00 [INF] GET /api/v1/stories/3feed0f4-142f-4a75-8b22-4aa5da1b55cd responded 200 in 5ms (user: anonymous)
2026-08-23 01:31:55.330 +04:00 [INF] GET /api/v1/profile responded 200 in 5ms (user: anonymous)
2026-08-23 01:31:55.338 +04:00 [INF] GET /api/v1/profile responded 200 in 5ms (user: anonymous)
2026-08-23 01:31:55.341 +04:00 [INF] GET /api/v1/profile responded 200 in 2ms (user: anonymous)
2026-08-23 01:31:55.344 +04:00 [INF] OPTIONS /api/v1/progress responded 204 in 0ms (user: anonymous)
2026-08-23 01:31:55.345 +04:00 [INF] GET /api/v1/profile responded 200 in 6ms (user: anonymous)
2026-08-23 01:31:55.347 +04:00 [INF] GET /api/v1/stories/3feed0f4-142f-4a75-8b22-4aa5da1b55cd responded 200 in 15ms (user: anonymous)
2026-08-23 01:31:55.445 +04:00 [INF] POST /api/v1/progress responded 200 in 80ms (user: anonymous)
2026-08-23 01:31:55.452 +04:00 [INF] OPTIONS /api/v1/progress/reading-history responded 204 in 0ms (user: anonymous)
2026-08-23 01:31:55.458 +04:00 [ERR] An exception occurred in the database while saving changes for context type 'EnglishLearningPlatform.Persistence.Context.ApplicationDbContext'.
Microsoft.EntityFrameworkCore.DbUpdateException: An error occurred while saving the entity changes. See the inner exception for details.
 ---> Microsoft.Data.SqlClient.SqlException (0x80131904): Cannot insert duplicate key row in object 'dbo.UserProgresses' with unique index 'IX_UserProgresses_AppUserId_StoryId'. The duplicate key value is (006f3060-3635-4427-59b4-08def7de3b5b, 3feed0f4-142f-4a75-8b22-4aa5da1b55cd).
   at Microsoft.Data.SqlClient.SqlConnection.OnError(SqlException exception, Boolean breakConnection, Action`1 wrapCloseInAction)
   at Microsoft.Data.SqlClient.SqlInternalConnection.OnError(SqlException exception, Boolean breakConnection, Action`1 wrapCloseInAction)
   at Microsoft.Data.SqlClient.TdsParser.ThrowExceptionAndWarning(TdsParserStateObject stateObj, SqlCommand command, Boolean callerHasConnectionLock, Boolean asyncClose)
   at Microsoft.Data.SqlClient.TdsParser.TryRun(RunBehavior runBehavior, SqlCommand cmdHandler, SqlDataReader dataStream, BulkCopySimpleResultSet bulkCopyHandler, TdsParserStateObject stateObj, Boolean& dataReady)
   at Microsoft.Data.SqlClient.SqlDataReader.TryHasMoreRows(Boolean& moreRows)
   at Microsoft.Data.SqlClient.SqlDataReader.TryHasMoreResults(Boolean& moreResults)
   at Microsoft.Data.SqlClient.SqlDataReader.TryNextResult(Boolean& more)
   at Microsoft.Data.SqlClient.SqlDataReader.NextResultAsyncExecute(Task task, Object state)
   at Microsoft.Data.SqlClient.SqlDataReader.InvokeAsyncCall[T](SqlDataReaderBaseAsyncCallContext`1 context)
--- End of stack trace from previous location ---
   at Microsoft.EntityFrameworkCore.Update.AffectedCountModificationCommandBatch.ConsumeAsync(RelationalDataReader reader, CancellationToken cancellationToken)
ClientConnectionId:1aa9c4d5-8cb4-4da1-b5d0-60a41cffeff9
Error Number:2601,State:1,Class:14
   --- End of inner exception stack trace ---
   at Microsoft.EntityFrameworkCore.Update.AffectedCountModificationCommandBatch.ConsumeAsync(RelationalDataReader reader, CancellationToken cancellationToken)
   at Microsoft.EntityFrameworkCore.Update.ReaderModificationCommandBatch.ExecuteAsync(IRelationalConnection connection, CancellationToken cancellationToken)
   at Microsoft.EntityFrameworkCore.Update.ReaderModificationCommandBatch.ExecuteAsync(IRelationalConnection connection, CancellationToken cancellationToken)
   at Microsoft.EntityFrameworkCore.SqlServer.Update.Internal.SqlServerModificationCommandBatch.ExecuteAsync(IRelationalConnection connection, CancellationToken cancellationToken)
   at Microsoft.EntityFrameworkCore.Update.Internal.BatchExecutor.ExecuteAsync(IEnumerable`1 commandBatches, IRelationalConnection connection, CancellationToken cancellationToken)
   at Microsoft.EntityFrameworkCore.Update.Internal.BatchExecutor.ExecuteAsync(IEnumerable`1 commandBatches, IRelationalConnection connection, CancellationToken cancellationToken)
   at Microsoft.EntityFrameworkCore.Update.Internal.BatchExecutor.ExecuteAsync(IEnumerable`1 commandBatches, IRelationalConnection connection, CancellationToken cancellationToken)
   at Microsoft.EntityFrameworkCore.ChangeTracking.Internal.StateManager.SaveChangesAsync(IList`1 entriesToSave, CancellationToken cancellationToken)
   at Microsoft.EntityFrameworkCore.ChangeTracking.Internal.StateManager.SaveChangesAsync(StateManager stateManager, Boolean acceptAllChangesOnSuccess, CancellationToken cancellationToken)
   at Microsoft.EntityFrameworkCore.Storage.ExecutionStrategy.<>c__DisplayClass30_0`2.<<ExecuteAsync>b__0>d.MoveNext()
--- End of stack trace from previous location ---
   at Microsoft.EntityFrameworkCore.Storage.ExecutionStrategy.ExecuteImplementationAsync[TState,TResult](Func`4 operation, Func`4 verifySucceeded, TState state, CancellationToken cancellationToken)
   at Microsoft.EntityFrameworkCore.Storage.ExecutionStrategy.ExecuteImplementationAsync[TState,TResult](Func`4 operation, Func`4 verifySucceeded, TState state, CancellationToken cancellationToken)
   at Microsoft.EntityFrameworkCore.Storage.ExecutionStrategy.ExecuteAsync[TState,TResult](TState state, Func`4 operation, Func`4 verifySucceeded, CancellationToken cancellationToken)
   at Microsoft.EntityFrameworkCore.DbContext.SaveChangesAsync(Boolean acceptAllChangesOnSuccess, CancellationToken cancellationToken)
Microsoft.EntityFrameworkCore.DbUpdateException: An error occurred while saving the entity changes. See the inner exception for details.
 ---> Microsoft.Data.SqlClient.SqlException (0x80131904): Cannot insert duplicate key row in object 'dbo.UserProgresses' with unique index 'IX_UserProgresses_AppUserId_StoryId'. The duplicate key value is (006f3060-3635-4427-59b4-08def7de3b5b, 3feed0f4-142f-4a75-8b22-4aa5da1b55cd).
   at Microsoft.Data.SqlClient.SqlConnection.OnError(SqlException exception, Boolean breakConnection, Action`1 wrapCloseInAction)
   at Microsoft.Data.SqlClient.SqlInternalConnection.OnError(SqlException exception, Boolean breakConnection, Action`1 wrapCloseInAction)
   at Microsoft.Data.SqlClient.TdsParser.ThrowExceptionAndWarning(TdsParserStateObject stateObj, SqlCommand command, Boolean callerHasConnectionLock, Boolean asyncClose)
   at Microsoft.Data.SqlClient.TdsParser.TryRun(RunBehavior runBehavior, SqlCommand cmdHandler, SqlDataReader dataStream, BulkCopySimpleResultSet bulkCopyHandler, TdsParserStateObject stateObj, Boolean& dataReady)
   at Microsoft.Data.SqlClient.SqlDataReader.TryHasMoreRows(Boolean& moreRows)
   at Microsoft.Data.SqlClient.SqlDataReader.TryHasMoreResults(Boolean& moreResults)
   at Microsoft.Data.SqlClient.SqlDataReader.TryNextResult(Boolean& more)
   at Microsoft.Data.SqlClient.SqlDataReader.NextResultAsyncExecute(Task task, Object state)
   at Microsoft.Data.SqlClient.SqlDataReader.InvokeAsyncCall[T](SqlDataReaderBaseAsyncCallContext`1 context)
--- End of stack trace from previous location ---
   at Microsoft.EntityFrameworkCore.Update.AffectedCountModificationCommandBatch.ConsumeAsync(RelationalDataReader reader, CancellationToken cancellationToken)
ClientConnectionId:1aa9c4d5-8cb4-4da1-b5d0-60a41cffeff9
Error Number:2601,State:1,Class:14
   --- End of inner exception stack trace ---
   at Microsoft.EntityFrameworkCore.Update.AffectedCountModificationCommandBatch.ConsumeAsync(RelationalDataReader reader, CancellationToken cancellationToken)
   at Microsoft.EntityFrameworkCore.Update.ReaderModificationCommandBatch.ExecuteAsync(IRelationalConnection connection, CancellationToken cancellationToken)
   at Microsoft.EntityFrameworkCore.Update.ReaderModificationCommandBatch.ExecuteAsync(IRelationalConnection connection, CancellationToken cancellationToken)
   at Microsoft.EntityFrameworkCore.SqlServer.Update.Internal.SqlServerModificationCommandBatch.ExecuteAsync(IRelationalConnection connection, CancellationToken cancellationToken)
   at Microsoft.EntityFrameworkCore.Update.Internal.BatchExecutor.ExecuteAsync(IEnumerable`1 commandBatches, IRelationalConnection connection, CancellationToken cancellationToken)
   at Microsoft.EntityFrameworkCore.Update.Internal.BatchExecutor.ExecuteAsync(IEnumerable`1 commandBatches, IRelationalConnection connection, CancellationToken cancellationToken)
   at Microsoft.EntityFrameworkCore.Update.Internal.BatchExecutor.ExecuteAsync(IEnumerable`1 commandBatches, IRelationalConnection connection, CancellationToken cancellationToken)
   at Microsoft.EntityFrameworkCore.ChangeTracking.Internal.StateManager.SaveChangesAsync(IList`1 entriesToSave, CancellationToken cancellationToken)
   at Microsoft.EntityFrameworkCore.ChangeTracking.Internal.StateManager.SaveChangesAsync(StateManager stateManager, Boolean acceptAllChangesOnSuccess, CancellationToken cancellationToken)
   at Microsoft.EntityFrameworkCore.Storage.ExecutionStrategy.<>c__DisplayClass30_0`2.<<ExecuteAsync>b__0>d.MoveNext()
--- End of stack trace from previous location ---
   at Microsoft.EntityFrameworkCore.Storage.ExecutionStrategy.ExecuteImplementationAsync[TState,TResult](Func`4 operation, Func`4 verifySucceeded, TState state, CancellationToken cancellationToken)
   at Microsoft.EntityFrameworkCore.Storage.ExecutionStrategy.ExecuteImplementationAsync[TState,TResult](Func`4 operation, Func`4 verifySucceeded, TState state, CancellationToken cancellationToken)
   at Microsoft.EntityFrameworkCore.Storage.ExecutionStrategy.ExecuteAsync[TState,TResult](TState state, Func`4 operation, Func`4 verifySucceeded, CancellationToken cancellationToken)
   at Microsoft.EntityFrameworkCore.DbContext.SaveChangesAsync(Boolean acceptAllChangesOnSuccess, CancellationToken cancellationToken)
2026-08-23 01:31:55.458 +04:00 [ERR] An exception occurred in the database while saving changes for context type 'EnglishLearningPlatform.Persistence.Context.ApplicationDbContext'.
Microsoft.EntityFrameworkCore.DbUpdateException: An error occurred while saving the entity changes. See the inner exception for details.
 ---> Microsoft.Data.SqlClient.SqlException (0x80131904): Cannot insert duplicate key row in object 'dbo.UserProgresses' with unique index 'IX_UserProgresses_AppUserId_StoryId'. The duplicate key value is (006f3060-3635-4427-59b4-08def7de3b5b, 3feed0f4-142f-4a75-8b22-4aa5da1b55cd).
   at Microsoft.Data.SqlClient.SqlConnection.OnError(SqlException exception, Boolean breakConnection, Action`1 wrapCloseInAction)
   at Microsoft.Data.SqlClient.SqlInternalConnection.OnError(SqlException exception, Boolean breakConnection, Action`1 wrapCloseInAction)
   at Microsoft.Data.SqlClient.TdsParser.ThrowExceptionAndWarning(TdsParserStateObject stateObj, SqlCommand command, Boolean callerHasConnectionLock, Boolean asyncClose)
   at Microsoft.Data.SqlClient.TdsParser.TryRun(RunBehavior runBehavior, SqlCommand cmdHandler, SqlDataReader dataStream, BulkCopySimpleResultSet bulkCopyHandler, TdsParserStateObject stateObj, Boolean& dataReady)
   at Microsoft.Data.SqlClient.SqlDataReader.TryHasMoreRows(Boolean& moreRows)
   at Microsoft.Data.SqlClient.SqlDataReader.TryHasMoreResults(Boolean& moreResults)
   at Microsoft.Data.SqlClient.SqlDataReader.TryNextResult(Boolean& more)
   at Microsoft.Data.SqlClient.SqlDataReader.NextResultAsyncExecute(Task task, Object state)
   at Microsoft.Data.SqlClient.SqlDataReader.InvokeAsyncCall[T](SqlDataReaderBaseAsyncCallContext`1 context)
--- End of stack trace from previous location ---
   at Microsoft.EntityFrameworkCore.Update.AffectedCountModificationCommandBatch.ConsumeAsync(RelationalDataReader reader, CancellationToken cancellationToken)
ClientConnectionId:aadfb8b3-2be0-4c45-b3a7-a5c85050d32c
Error Number:2601,State:1,Class:14
   --- End of inner exception stack trace ---
   at Microsoft.EntityFrameworkCore.Update.AffectedCountModificationCommandBatch.ConsumeAsync(RelationalDataReader reader, CancellationToken cancellationToken)
   at Microsoft.EntityFrameworkCore.Update.ReaderModificationCommandBatch.ExecuteAsync(IRelationalConnection connection, CancellationToken cancellationToken)
   at Microsoft.EntityFrameworkCore.Update.ReaderModificationCommandBatch.ExecuteAsync(IRelationalConnection connection, CancellationToken cancellationToken)
   at Microsoft.EntityFrameworkCore.SqlServer.Update.Internal.SqlServerModificationCommandBatch.ExecuteAsync(IRelationalConnection connection, CancellationToken cancellationToken)
   at Microsoft.EntityFrameworkCore.Update.Internal.BatchExecutor.ExecuteAsync(IEnumerable`1 commandBatches, IRelationalConnection connection, CancellationToken cancellationToken)
   at Microsoft.EntityFrameworkCore.Update.Internal.BatchExecutor.ExecuteAsync(IEnumerable`1 commandBatches, IRelationalConnection connection, CancellationToken cancellationToken)
   at Microsoft.EntityFrameworkCore.Update.Internal.BatchExecutor.ExecuteAsync(IEnumerable`1 commandBatches, IRelationalConnection connection, CancellationToken cancellationToken)
   at Microsoft.EntityFrameworkCore.ChangeTracking.Internal.StateManager.SaveChangesAsync(IList`1 entriesToSave, CancellationToken cancellationToken)
   at Microsoft.EntityFrameworkCore.ChangeTracking.Internal.StateManager.SaveChangesAsync(StateManager stateManager, Boolean acceptAllChangesOnSuccess, CancellationToken cancellationToken)
   at Microsoft.EntityFrameworkCore.Storage.ExecutionStrategy.<>c__DisplayClass30_0`2.<<ExecuteAsync>b__0>d.MoveNext()
--- End of stack trace from previous location ---
   at Microsoft.EntityFrameworkCore.Storage.ExecutionStrategy.ExecuteImplementationAsync[TState,TResult](Func`4 operation, Func`4 verifySucceeded, TState state, CancellationToken cancellationToken)
   at Microsoft.EntityFrameworkCore.Storage.ExecutionStrategy.ExecuteImplementationAsync[TState,TResult](Func`4 operation, Func`4 verifySucceeded, TState state, CancellationToken cancellationToken)
   at Microsoft.EntityFrameworkCore.Storage.ExecutionStrategy.ExecuteAsync[TState,TResult](TState state, Func`4 operation, Func`4 verifySucceeded, CancellationToken cancellationToken)
   at Microsoft.EntityFrameworkCore.DbContext.SaveChangesAsync(Boolean acceptAllChangesOnSuccess, CancellationToken cancellationToken)
Microsoft.EntityFrameworkCore.DbUpdateException: An error occurred while saving the entity changes. See the inner exception for details.
 ---> Microsoft.Data.SqlClient.SqlException (0x80131904): Cannot insert duplicate key row in object 'dbo.UserProgresses' with unique index 'IX_UserProgresses_AppUserId_StoryId'. The duplicate key value is (006f3060-3635-4427-59b4-08def7de3b5b, 3feed0f4-142f-4a75-8b22-4aa5da1b55cd).
   at Microsoft.Data.SqlClient.SqlConnection.OnError(SqlException exception, Boolean breakConnection, Action`1 wrapCloseInAction)
   at Microsoft.Data.SqlClient.SqlInternalConnection.OnError(SqlException exception, Boolean breakConnection, Action`1 wrapCloseInAction)
   at Microsoft.Data.SqlClient.TdsParser.ThrowExceptionAndWarning(TdsParserStateObject stateObj, SqlCommand command, Boolean callerHasConnectionLock, Boolean asyncClose)
   at Microsoft.Data.SqlClient.TdsParser.TryRun(RunBehavior runBehavior, SqlCommand cmdHandler, SqlDataReader dataStream, BulkCopySimpleResultSet bulkCopyHandler, TdsParserStateObject stateObj, Boolean& dataReady)
   at Microsoft.Data.SqlClient.SqlDataReader.TryHasMoreRows(Boolean& moreRows)
   at Microsoft.Data.SqlClient.SqlDataReader.TryHasMoreResults(Boolean& moreResults)
   at Microsoft.Data.SqlClient.SqlDataReader.TryNextResult(Boolean& more)
   at Microsoft.Data.SqlClient.SqlDataReader.NextResultAsyncExecute(Task task, Object state)
   at Microsoft.Data.SqlClient.SqlDataReader.InvokeAsyncCall[T](SqlDataReaderBaseAsyncCallContext`1 context)
--- End of stack trace from previous location ---
   at Microsoft.EntityFrameworkCore.Update.AffectedCountModificationCommandBatch.ConsumeAsync(RelationalDataReader reader, CancellationToken cancellationToken)
ClientConnectionId:aadfb8b3-2be0-4c45-b3a7-a5c85050d32c
Error Number:2601,State:1,Class:14
   --- End of inner exception stack trace ---
   at Microsoft.EntityFrameworkCore.Update.AffectedCountModificationCommandBatch.ConsumeAsync(RelationalDataReader reader, CancellationToken cancellationToken)
   at Microsoft.EntityFrameworkCore.Update.ReaderModificationCommandBatch.ExecuteAsync(IRelationalConnection connection, CancellationToken cancellationToken)
   at Microsoft.EntityFrameworkCore.Update.ReaderModificationCommandBatch.ExecuteAsync(IRelationalConnection connection, CancellationToken cancellationToken)
   at Microsoft.EntityFrameworkCore.SqlServer.Update.Internal.SqlServerModificationCommandBatch.ExecuteAsync(IRelationalConnection connection, CancellationToken cancellationToken)
   at Microsoft.EntityFrameworkCore.Update.Internal.BatchExecutor.ExecuteAsync(IEnumerable`1 commandBatches, IRelationalConnection connection, CancellationToken cancellationToken)
   at Microsoft.EntityFrameworkCore.Update.Internal.BatchExecutor.ExecuteAsync(IEnumerable`1 commandBatches, IRelationalConnection connection, CancellationToken cancellationToken)
   at Microsoft.EntityFrameworkCore.Update.Internal.BatchExecutor.ExecuteAsync(IEnumerable`1 commandBatches, IRelationalConnection connection, CancellationToken cancellationToken)
   at Microsoft.EntityFrameworkCore.ChangeTracking.Internal.StateManager.SaveChangesAsync(IList`1 entriesToSave, CancellationToken cancellationToken)
   at Microsoft.EntityFrameworkCore.ChangeTracking.Internal.StateManager.SaveChangesAsync(StateManager stateManager, Boolean acceptAllChangesOnSuccess, CancellationToken cancellationToken)
   at Microsoft.EntityFrameworkCore.Storage.ExecutionStrategy.<>c__DisplayClass30_0`2.<<ExecuteAsync>b__0>d.MoveNext()
--- End of stack trace from previous location ---
   at Microsoft.EntityFrameworkCore.Storage.ExecutionStrategy.ExecuteImplementationAsync[TState,TResult](Func`4 operation, Func`4 verifySucceeded, TState state, CancellationToken cancellationToken)
   at Microsoft.EntityFrameworkCore.Storage.ExecutionStrategy.ExecuteImplementationAsync[TState,TResult](Func`4 operation, Func`4 verifySucceeded, TState state, CancellationToken cancellationToken)
   at Microsoft.EntityFrameworkCore.Storage.ExecutionStrategy.ExecuteAsync[TState,TResult](TState state, Func`4 operation, Func`4 verifySucceeded, CancellationToken cancellationToken)
   at Microsoft.EntityFrameworkCore.DbContext.SaveChangesAsync(Boolean acceptAllChangesOnSuccess, CancellationToken cancellationToken)
2026-08-23 01:31:55.458 +04:00 [ERR] An exception occurred in the database while saving changes for context type 'EnglishLearningPlatform.Persistence.Context.ApplicationDbContext'.
Microsoft.EntityFrameworkCore.DbUpdateException: An error occurred while saving the entity changes. See the inner exception for details.
 ---> Microsoft.Data.SqlClient.SqlException (0x80131904): Cannot insert duplicate key row in object 'dbo.UserProgresses' with unique index 'IX_UserProgresses_AppUserId_StoryId'. The duplicate key value is (006f3060-3635-4427-59b4-08def7de3b5b, 3feed0f4-142f-4a75-8b22-4aa5da1b55cd).
   at Microsoft.Data.SqlClient.SqlConnection.OnError(SqlException exception, Boolean breakConnection, Action`1 wrapCloseInAction)
   at Microsoft.Data.SqlClient.SqlInternalConnection.OnError(SqlException exception, Boolean breakConnection, Action`1 wrapCloseInAction)
   at Microsoft.Data.SqlClient.TdsParser.ThrowExceptionAndWarning(TdsParserStateObject stateObj, SqlCommand command, Boolean callerHasConnectionLock, Boolean asyncClose)
   at Microsoft.Data.SqlClient.TdsParser.TryRun(RunBehavior runBehavior, SqlCommand cmdHandler, SqlDataReader dataStream, BulkCopySimpleResultSet bulkCopyHandler, TdsParserStateObject stateObj, Boolean& dataReady)
   at Microsoft.Data.SqlClient.SqlDataReader.TryHasMoreRows(Boolean& moreRows)
   at Microsoft.Data.SqlClient.SqlDataReader.TryHasMoreResults(Boolean& moreResults)
   at Microsoft.Data.SqlClient.SqlDataReader.TryNextResult(Boolean& more)
   at Microsoft.Data.SqlClient.SqlDataReader.NextResultAsyncExecute(Task task, Object state)
   at Microsoft.Data.SqlClient.SqlDataReader.InvokeAsyncCall[T](SqlDataReaderBaseAsyncCallContext`1 context)
--- End of stack trace from previous location ---
   at Microsoft.EntityFrameworkCore.Update.AffectedCountModificationCommandBatch.ConsumeAsync(RelationalDataReader reader, CancellationToken cancellationToken)
ClientConnectionId:639c9fe0-cf96-446c-8be5-9a5771a6b599
Error Number:2601,State:1,Class:14
   --- End of inner exception stack trace ---
   at Microsoft.EntityFrameworkCore.Update.AffectedCountModificationCommandBatch.ConsumeAsync(RelationalDataReader reader, CancellationToken cancellationToken)
   at Microsoft.EntityFrameworkCore.Update.ReaderModificationCommandBatch.ExecuteAsync(IRelationalConnection connection, CancellationToken cancellationToken)
   at Microsoft.EntityFrameworkCore.Update.ReaderModificationCommandBatch.ExecuteAsync(IRelationalConnection connection, CancellationToken cancellationToken)
   at Microsoft.EntityFrameworkCore.SqlServer.Update.Internal.SqlServerModificationCommandBatch.ExecuteAsync(IRelationalConnection connection, CancellationToken cancellationToken)
   at Microsoft.EntityFrameworkCore.Update.Internal.BatchExecutor.ExecuteAsync(IEnumerable`1 commandBatches, IRelationalConnection connection, CancellationToken cancellationToken)
   at Microsoft.EntityFrameworkCore.Update.Internal.BatchExecutor.ExecuteAsync(IEnumerable`1 commandBatches, IRelationalConnection connection, CancellationToken cancellationToken)
   at Microsoft.EntityFrameworkCore.Update.Internal.BatchExecutor.ExecuteAsync(IEnumerable`1 commandBatches, IRelationalConnection connection, CancellationToken cancellationToken)
   at Microsoft.EntityFrameworkCore.ChangeTracking.Internal.StateManager.SaveChangesAsync(IList`1 entriesToSave, CancellationToken cancellationToken)
   at Microsoft.EntityFrameworkCore.ChangeTracking.Internal.StateManager.SaveChangesAsync(StateManager stateManager, Boolean acceptAllChangesOnSuccess, CancellationToken cancellationToken)
   at Microsoft.EntityFrameworkCore.Storage.ExecutionStrategy.<>c__DisplayClass30_0`2.<<ExecuteAsync>b__0>d.MoveNext()
--- End of stack trace from previous location ---
   at Microsoft.EntityFrameworkCore.Storage.ExecutionStrategy.ExecuteImplementationAsync[TState,TResult](Func`4 operation, Func`4 verifySucceeded, TState state, CancellationToken cancellationToken)
   at Microsoft.EntityFrameworkCore.Storage.ExecutionStrategy.ExecuteImplementationAsync[TState,TResult](Func`4 operation, Func`4 verifySucceeded, TState state, CancellationToken cancellationToken)
   at Microsoft.EntityFrameworkCore.Storage.ExecutionStrategy.ExecuteAsync[TState,TResult](TState state, Func`4 operation, Func`4 verifySucceeded, CancellationToken cancellationToken)
   at Microsoft.EntityFrameworkCore.DbContext.SaveChangesAsync(Boolean acceptAllChangesOnSuccess, CancellationToken cancellationToken)
Microsoft.EntityFrameworkCore.DbUpdateException: An error occurred while saving the entity changes. See the inner exception for details.
 ---> Microsoft.Data.SqlClient.SqlException (0x80131904): Cannot insert duplicate key row in object 'dbo.UserProgresses' with unique index 'IX_UserProgresses_AppUserId_StoryId'. The duplicate key value is (006f3060-3635-4427-59b4-08def7de3b5b, 3feed0f4-142f-4a75-8b22-4aa5da1b55cd).
   at Microsoft.Data.SqlClient.SqlConnection.OnError(SqlException exception, Boolean breakConnection, Action`1 wrapCloseInAction)
   at Microsoft.Data.SqlClient.SqlInternalConnection.OnError(SqlException exception, Boolean breakConnection, Action`1 wrapCloseInAction)
   at Microsoft.Data.SqlClient.TdsParser.ThrowExceptionAndWarning(TdsParserStateObject stateObj, SqlCommand command, Boolean callerHasConnectionLock, Boolean asyncClose)
   at Microsoft.Data.SqlClient.TdsParser.TryRun(RunBehavior runBehavior, SqlCommand cmdHandler, SqlDataReader dataStream, BulkCopySimpleResultSet bulkCopyHandler, TdsParserStateObject stateObj, Boolean& dataReady)
   at Microsoft.Data.SqlClient.SqlDataReader.TryHasMoreRows(Boolean& moreRows)
   at Microsoft.Data.SqlClient.SqlDataReader.TryHasMoreResults(Boolean& moreResults)
   at Microsoft.Data.SqlClient.SqlDataReader.TryNextResult(Boolean& more)
   at Microsoft.Data.SqlClient.SqlDataReader.NextResultAsyncExecute(Task task, Object state)
   at Microsoft.Data.SqlClient.SqlDataReader.InvokeAsyncCall[T](SqlDataReaderBaseAsyncCallContext`1 context)
--- End of stack trace from previous location ---
   at Microsoft.EntityFrameworkCore.Update.AffectedCountModificationCommandBatch.ConsumeAsync(RelationalDataReader reader, CancellationToken cancellationToken)
ClientConnectionId:639c9fe0-cf96-446c-8be5-9a5771a6b599
Error Number:2601,State:1,Class:14
   --- End of inner exception stack trace ---
   at Microsoft.EntityFrameworkCore.Update.AffectedCountModificationCommandBatch.ConsumeAsync(RelationalDataReader reader, CancellationToken cancellationToken)
   at Microsoft.EntityFrameworkCore.Update.ReaderModificationCommandBatch.ExecuteAsync(IRelationalConnection connection, CancellationToken cancellationToken)
   at Microsoft.EntityFrameworkCore.Update.ReaderModificationCommandBatch.ExecuteAsync(IRelationalConnection connection, CancellationToken cancellationToken)
   at Microsoft.EntityFrameworkCore.SqlServer.Update.Internal.SqlServerModificationCommandBatch.ExecuteAsync(IRelationalConnection connection, CancellationToken cancellationToken)
   at Microsoft.EntityFrameworkCore.Update.Internal.BatchExecutor.ExecuteAsync(IEnumerable`1 commandBatches, IRelationalConnection connection, CancellationToken cancellationToken)
   at Microsoft.EntityFrameworkCore.Update.Internal.BatchExecutor.ExecuteAsync(IEnumerable`1 commandBatches, IRelationalConnection connection, CancellationToken cancellationToken)
   at Microsoft.EntityFrameworkCore.Update.Internal.BatchExecutor.ExecuteAsync(IEnumerable`1 commandBatches, IRelationalConnection connection, CancellationToken cancellationToken)
   at Microsoft.EntityFrameworkCore.ChangeTracking.Internal.StateManager.SaveChangesAsync(IList`1 entriesToSave, CancellationToken cancellationToken)
   at Microsoft.EntityFrameworkCore.ChangeTracking.Internal.StateManager.SaveChangesAsync(StateManager stateManager, Boolean acceptAllChangesOnSuccess, CancellationToken cancellationToken)
   at Microsoft.EntityFrameworkCore.Storage.ExecutionStrategy.<>c__DisplayClass30_0`2.<<ExecuteAsync>b__0>d.MoveNext()
--- End of stack trace from previous location ---
   at Microsoft.EntityFrameworkCore.Storage.ExecutionStrategy.ExecuteImplementationAsync[TState,TResult](Func`4 operation, Func`4 verifySucceeded, TState state, CancellationToken cancellationToken)
   at Microsoft.EntityFrameworkCore.Storage.ExecutionStrategy.ExecuteImplementationAsync[TState,TResult](Func`4 operation, Func`4 verifySucceeded, TState state, CancellationToken cancellationToken)
   at Microsoft.EntityFrameworkCore.Storage.ExecutionStrategy.ExecuteAsync[TState,TResult](TState state, Func`4 operation, Func`4 verifySucceeded, CancellationToken cancellationToken)
   at Microsoft.EntityFrameworkCore.DbContext.SaveChangesAsync(Boolean acceptAllChangesOnSuccess, CancellationToken cancellationToken)
2026-08-23 01:31:55.468 +04:00 [INF] POST /api/v1/progress responded 200 in 101ms (user: anonymous)
2026-08-23 01:31:55.475 +04:00 [INF] POST /api/v1/progress responded 200 in 125ms (user: anonymous)
2026-08-23 01:31:55.478 +04:00 [INF] POST /api/v1/progress/reading-history responded 200 in 22ms (user: anonymous)
2026-08-23 01:31:55.483 +04:00 [INF] POST /api/v1/progress responded 200 in 105ms (user: anonymous)
2026-08-23 01:31:55.487 +04:00 [ERR] Unhandled exception on /api/v1/progress
Microsoft.EntityFrameworkCore.DbUpdateException: An error occurred while saving the entity changes. See the inner exception for details.
 ---> Microsoft.Data.SqlClient.SqlException (0x80131904): Cannot insert duplicate key row in object 'dbo.UserProgresses' with unique index 'IX_UserProgresses_AppUserId_StoryId'. The duplicate key value is (006f3060-3635-4427-59b4-08def7de3b5b, 3feed0f4-142f-4a75-8b22-4aa5da1b55cd).
   at Microsoft.Data.SqlClient.SqlConnection.OnError(SqlException exception, Boolean breakConnection, Action`1 wrapCloseInAction)
   at Microsoft.Data.SqlClient.SqlInternalConnection.OnError(SqlException exception, Boolean breakConnection, Action`1 wrapCloseInAction)
   at Microsoft.Data.SqlClient.TdsParser.ThrowExceptionAndWarning(TdsParserStateObject stateObj, SqlCommand command, Boolean callerHasConnectionLock, Boolean asyncClose)
   at Microsoft.Data.SqlClient.TdsParser.TryRun(RunBehavior runBehavior, SqlCommand cmdHandler, SqlDataReader dataStream, BulkCopySimpleResultSet bulkCopyHandler, TdsParserStateObject stateObj, Boolean& dataReady)
   at Microsoft.Data.SqlClient.SqlDataReader.TryHasMoreRows(Boolean& moreRows)
   at Microsoft.Data.SqlClient.SqlDataReader.TryHasMoreResults(Boolean& moreResults)
   at Microsoft.Data.SqlClient.SqlDataReader.TryNextResult(Boolean& more)
   at Microsoft.Data.SqlClient.SqlDataReader.NextResultAsyncExecute(Task task, Object state)
   at Microsoft.Data.SqlClient.SqlDataReader.InvokeAsyncCall[T](SqlDataReaderBaseAsyncCallContext`1 context)
--- End of stack trace from previous location ---
   at Microsoft.EntityFrameworkCore.Update.AffectedCountModificationCommandBatch.ConsumeAsync(RelationalDataReader reader, CancellationToken cancellationToken)
ClientConnectionId:1aa9c4d5-8cb4-4da1-b5d0-60a41cffeff9
Error Number:2601,State:1,Class:14
   --- End of inner exception stack trace ---
   at Microsoft.EntityFrameworkCore.Update.AffectedCountModificationCommandBatch.ConsumeAsync(RelationalDataReader reader, CancellationToken cancellationToken)
   at Microsoft.EntityFrameworkCore.Update.ReaderModificationCommandBatch.ExecuteAsync(IRelationalConnection connection, CancellationToken cancellationToken)
   at Microsoft.EntityFrameworkCore.Update.ReaderModificationCommandBatch.ExecuteAsync(IRelationalConnection connection, CancellationToken cancellationToken)
   at Microsoft.EntityFrameworkCore.SqlServer.Update.Internal.SqlServerModificationCommandBatch.ExecuteAsync(IRelationalConnection connection, CancellationToken cancellationToken)
   at Microsoft.EntityFrameworkCore.Update.Internal.BatchExecutor.ExecuteAsync(IEnumerable`1 commandBatches, IRelationalConnection connection, CancellationToken cancellationToken)
   at Microsoft.EntityFrameworkCore.Update.Internal.BatchExecutor.ExecuteAsync(IEnumerable`1 commandBatches, IRelationalConnection connection, CancellationToken cancellationToken)
   at Microsoft.EntityFrameworkCore.Update.Internal.BatchExecutor.ExecuteAsync(IEnumerable`1 commandBatches, IRelationalConnection connection, CancellationToken cancellationToken)
   at Microsoft.EntityFrameworkCore.ChangeTracking.Internal.StateManager.SaveChangesAsync(IList`1 entriesToSave, CancellationToken cancellationToken)
   at Microsoft.EntityFrameworkCore.ChangeTracking.Internal.StateManager.SaveChangesAsync(StateManager stateManager, Boolean acceptAllChangesOnSuccess, CancellationToken cancellationToken)
   at Microsoft.EntityFrameworkCore.Storage.ExecutionStrategy.<>c__DisplayClass30_0`2.<<ExecuteAsync>b__0>d.MoveNext()
--- End of stack trace from previous location ---
   at Microsoft.EntityFrameworkCore.Storage.ExecutionStrategy.ExecuteImplementationAsync[TState,TResult](Func`4 operation, Func`4 verifySucceeded, TState state, CancellationToken cancellationToken)
   at Microsoft.EntityFrameworkCore.Storage.ExecutionStrategy.ExecuteImplementationAsync[TState,TResult](Func`4 operation, Func`4 verifySucceeded, TState state, CancellationToken cancellationToken)
   at Microsoft.EntityFrameworkCore.Storage.ExecutionStrategy.ExecuteAsync[TState,TResult](TState state, Func`4 operation, Func`4 verifySucceeded, CancellationToken cancellationToken)
   at Microsoft.EntityFrameworkCore.DbContext.SaveChangesAsync(Boolean acceptAllChangesOnSuccess, CancellationToken cancellationToken)
   at Microsoft.EntityFrameworkCore.DbContext.SaveChangesAsync(Boolean acceptAllChangesOnSuccess, CancellationToken cancellationToken)
   at EnglishLearningPlatform.Persistence.UnitOfWork.UnitOfWork.SaveChangesAsync(CancellationToken cancellationToken) in C:\Users\Ravan999\Desktop\Aygun-Final\Final-Project-ReadLingo-Back\EnglishLearningPlatform.Persistence\UnitOfWork\UnitOfWork.cs:line 88
   at EnglishLearningPlatform.Application.Services.ProgressService.UpsertAsync(Guid userId, UpsertUserProgressDto dto, CancellationToken cancellationToken) in C:\Users\Ravan999\Desktop\Aygun-Final\Final-Project-ReadLingo-Back\EnglishLearningPlatform.Application\Services\ProgressService .cs:line 78
   at EnglishLearningPlatform.API.Controllers.V1.ProgressController.Upsert(UpsertUserProgressDto dto, CancellationToken cancellationToken) in C:\Users\Ravan999\Desktop\Aygun-Final\Final-Project-ReadLingo-Back\EnglishLearningPlatform.API\Controllers\V1\ProgressController.cs:line 35
   at Microsoft.AspNetCore.Mvc.Infrastructure.ActionMethodExecutor.TaskOfIActionResultExecutor.Execute(ActionContext actionContext, IActionResultTypeMapper mapper, ObjectMethodExecutor executor, Object controller, Object[] arguments)
   at Microsoft.AspNetCore.Mvc.Infrastructure.ControllerActionInvoker.<InvokeActionMethodAsync>g__Awaited|12_0(ControllerActionInvoker invoker, ValueTask`1 actionResultValueTask)
   at Microsoft.AspNetCore.Mvc.Infrastructure.ControllerActionInvoker.<InvokeNextActionFilterAsync>g__Awaited|10_0(ControllerActionInvoker invoker, Task lastTask, State next, Scope scope, Object state, Boolean isCompleted)
   at Microsoft.AspNetCore.Mvc.Infrastructure.ControllerActionInvoker.Rethrow(ActionExecutedContextSealed context)
   at Microsoft.AspNetCore.Mvc.Infrastructure.ControllerActionInvoker.Next(State& next, Scope& scope, Object& state, Boolean& isCompleted)
   at Microsoft.AspNetCore.Mvc.Infrastructure.ControllerActionInvoker.<InvokeInnerFilterAsync>g__Awaited|13_0(ControllerActionInvoker invoker, Task lastTask, State next, Scope scope, Object state, Boolean isCompleted)
   at Microsoft.AspNetCore.Mvc.Infrastructure.ResourceInvoker.<InvokeFilterPipelineAsync>g__Awaited|20_0(ResourceInvoker invoker, Task lastTask, State next, Scope scope, Object state, Boolean isCompleted)
   at Microsoft.AspNetCore.Mvc.Infrastructure.ResourceInvoker.<InvokeAsync>g__Awaited|17_0(ResourceInvoker invoker, Task task, IDisposable scope)
   at Microsoft.AspNetCore.Mvc.Infrastructure.ResourceInvoker.<InvokeAsync>g__Awaited|17_0(ResourceInvoker invoker, Task task, IDisposable scope)
   at Microsoft.AspNetCore.Authorization.AuthorizationMiddleware.Invoke(HttpContext context)
   at Microsoft.AspNetCore.Authentication.AuthenticationMiddleware.Invoke(HttpContext context)
   at Microsoft.AspNetCore.RateLimiting.RateLimitingMiddleware.InvokeInternal(HttpContext context, EnableRateLimitingAttribute enableRateLimitingAttribute)
   at Swashbuckle.AspNetCore.SwaggerUI.SwaggerUIMiddleware.Invoke(HttpContext httpContext)
   at Swashbuckle.AspNetCore.Swagger.SwaggerMiddleware.Invoke(HttpContext httpContext, ISwaggerProvider swaggerProvider)
   at EnglishLearningPlatform.API.Middlewares.RequestLoggingMiddleware.InvokeAsync(HttpContext context) in C:\Users\Ravan999\Desktop\Aygun-Final\Final-Project-ReadLingo-Back\EnglishLearningPlatform.API\Middlewares\RequestLoggingMiddleware.cs:line 24
   at EnglishLearningPlatform.API.Middlewares.ExceptionHandlingMiddleware.InvokeAsync(HttpContext context) in C:\Users\Ravan999\Desktop\Aygun-Final\Final-Project-ReadLingo-Back\EnglishLearningPlatform.API\Middlewares\ExceptionHandlingMiddleware.cs:line 27
2026-08-23 01:31:55.487 +04:00 [ERR] Unhandled exception on /api/v1/progress
Microsoft.EntityFrameworkCore.DbUpdateException: An error occurred while saving the entity changes. See the inner exception for details.
 ---> Microsoft.Data.SqlClient.SqlException (0x80131904): Cannot insert duplicate key row in object 'dbo.UserProgresses' with unique index 'IX_UserProgresses_AppUserId_StoryId'. The duplicate key value is (006f3060-3635-4427-59b4-08def7de3b5b, 3feed0f4-142f-4a75-8b22-4aa5da1b55cd).
   at Microsoft.Data.SqlClient.SqlConnection.OnError(SqlException exception, Boolean breakConnection, Action`1 wrapCloseInAction)
   at Microsoft.Data.SqlClient.SqlInternalConnection.OnError(SqlException exception, Boolean breakConnection, Action`1 wrapCloseInAction)
   at Microsoft.Data.SqlClient.TdsParser.ThrowExceptionAndWarning(TdsParserStateObject stateObj, SqlCommand command, Boolean callerHasConnectionLock, Boolean asyncClose)
   at Microsoft.Data.SqlClient.TdsParser.TryRun(RunBehavior runBehavior, SqlCommand cmdHandler, SqlDataReader dataStream, BulkCopySimpleResultSet bulkCopyHandler, TdsParserStateObject stateObj, Boolean& dataReady)
   at Microsoft.Data.SqlClient.SqlDataReader.TryHasMoreRows(Boolean& moreRows)
   at Microsoft.Data.SqlClient.SqlDataReader.TryHasMoreResults(Boolean& moreResults)
   at Microsoft.Data.SqlClient.SqlDataReader.TryNextResult(Boolean& more)
   at Microsoft.Data.SqlClient.SqlDataReader.NextResultAsyncExecute(Task task, Object state)
   at Microsoft.Data.SqlClient.SqlDataReader.InvokeAsyncCall[T](SqlDataReaderBaseAsyncCallContext`1 context)
--- End of stack trace from previous location ---
   at Microsoft.EntityFrameworkCore.Update.AffectedCountModificationCommandBatch.ConsumeAsync(RelationalDataReader reader, CancellationToken cancellationToken)
ClientConnectionId:aadfb8b3-2be0-4c45-b3a7-a5c85050d32c
Error Number:2601,State:1,Class:14
   --- End of inner exception stack trace ---
   at Microsoft.EntityFrameworkCore.Update.AffectedCountModificationCommandBatch.ConsumeAsync(RelationalDataReader reader, CancellationToken cancellationToken)
   at Microsoft.EntityFrameworkCore.Update.ReaderModificationCommandBatch.ExecuteAsync(IRelationalConnection connection, CancellationToken cancellationToken)
   at Microsoft.EntityFrameworkCore.Update.ReaderModificationCommandBatch.ExecuteAsync(IRelationalConnection connection, CancellationToken cancellationToken)
   at Microsoft.EntityFrameworkCore.SqlServer.Update.Internal.SqlServerModificationCommandBatch.ExecuteAsync(IRelationalConnection connection, CancellationToken cancellationToken)
   at Microsoft.EntityFrameworkCore.Update.Internal.BatchExecutor.ExecuteAsync(IEnumerable`1 commandBatches, IRelationalConnection connection, CancellationToken cancellationToken)
   at Microsoft.EntityFrameworkCore.Update.Internal.BatchExecutor.ExecuteAsync(IEnumerable`1 commandBatches, IRelationalConnection connection, CancellationToken cancellationToken)
   at Microsoft.EntityFrameworkCore.Update.Internal.BatchExecutor.ExecuteAsync(IEnumerable`1 commandBatches, IRelationalConnection connection, CancellationToken cancellationToken)
   at Microsoft.EntityFrameworkCore.ChangeTracking.Internal.StateManager.SaveChangesAsync(IList`1 entriesToSave, CancellationToken cancellationToken)
   at Microsoft.EntityFrameworkCore.ChangeTracking.Internal.StateManager.SaveChangesAsync(StateManager stateManager, Boolean acceptAllChangesOnSuccess, CancellationToken cancellationToken)
   at Microsoft.EntityFrameworkCore.Storage.ExecutionStrategy.<>c__DisplayClass30_0`2.<<ExecuteAsync>b__0>d.MoveNext()
--- End of stack trace from previous location ---
   at Microsoft.EntityFrameworkCore.Storage.ExecutionStrategy.ExecuteImplementationAsync[TState,TResult](Func`4 operation, Func`4 verifySucceeded, TState state, CancellationToken cancellationToken)
   at Microsoft.EntityFrameworkCore.Storage.ExecutionStrategy.ExecuteImplementationAsync[TState,TResult](Func`4 operation, Func`4 verifySucceeded, TState state, CancellationToken cancellationToken)
   at Microsoft.EntityFrameworkCore.Storage.ExecutionStrategy.ExecuteAsync[TState,TResult](TState state, Func`4 operation, Func`4 verifySucceeded, CancellationToken cancellationToken)
   at Microsoft.EntityFrameworkCore.DbContext.SaveChangesAsync(Boolean acceptAllChangesOnSuccess, CancellationToken cancellationToken)
   at Microsoft.EntityFrameworkCore.DbContext.SaveChangesAsync(Boolean acceptAllChangesOnSuccess, CancellationToken cancellationToken)
   at EnglishLearningPlatform.Persistence.UnitOfWork.UnitOfWork.SaveChangesAsync(CancellationToken cancellationToken) in C:\Users\Ravan999\Desktop\Aygun-Final\Final-Project-ReadLingo-Back\EnglishLearningPlatform.Persistence\UnitOfWork\UnitOfWork.cs:line 88
   at EnglishLearningPlatform.Application.Services.ProgressService.UpsertAsync(Guid userId, UpsertUserProgressDto dto, CancellationToken cancellationToken) in C:\Users\Ravan999\Desktop\Aygun-Final\Final-Project-ReadLingo-Back\EnglishLearningPlatform.Application\Services\ProgressService .cs:line 78
   at EnglishLearningPlatform.API.Controllers.V1.ProgressController.Upsert(UpsertUserProgressDto dto, CancellationToken cancellationToken) in C:\Users\Ravan999\Desktop\Aygun-Final\Final-Project-ReadLingo-Back\EnglishLearningPlatform.API\Controllers\V1\ProgressController.cs:line 35
   at Microsoft.AspNetCore.Mvc.Infrastructure.ActionMethodExecutor.TaskOfIActionResultExecutor.Execute(ActionContext actionContext, IActionResultTypeMapper mapper, ObjectMethodExecutor executor, Object controller, Object[] arguments)
   at Microsoft.AspNetCore.Mvc.Infrastructure.ControllerActionInvoker.<InvokeActionMethodAsync>g__Awaited|12_0(ControllerActionInvoker invoker, ValueTask`1 actionResultValueTask)
   at Microsoft.AspNetCore.Mvc.Infrastructure.ControllerActionInvoker.<InvokeNextActionFilterAsync>g__Awaited|10_0(ControllerActionInvoker invoker, Task lastTask, State next, Scope scope, Object state, Boolean isCompleted)
   at Microsoft.AspNetCore.Mvc.Infrastructure.ControllerActionInvoker.Rethrow(ActionExecutedContextSealed context)
   at Microsoft.AspNetCore.Mvc.Infrastructure.ControllerActionInvoker.Next(State& next, Scope& scope, Object& state, Boolean& isCompleted)
   at Microsoft.AspNetCore.Mvc.Infrastructure.ControllerActionInvoker.<InvokeInnerFilterAsync>g__Awaited|13_0(ControllerActionInvoker invoker, Task lastTask, State next, Scope scope, Object state, Boolean isCompleted)
   at Microsoft.AspNetCore.Mvc.Infrastructure.ResourceInvoker.<InvokeFilterPipelineAsync>g__Awaited|20_0(ResourceInvoker invoker, Task lastTask, State next, Scope scope, Object state, Boolean isCompleted)
   at Microsoft.AspNetCore.Mvc.Infrastructure.ResourceInvoker.<InvokeAsync>g__Awaited|17_0(ResourceInvoker invoker, Task task, IDisposable scope)
   at Microsoft.AspNetCore.Mvc.Infrastructure.ResourceInvoker.<InvokeAsync>g__Awaited|17_0(ResourceInvoker invoker, Task task, IDisposable scope)
   at Microsoft.AspNetCore.Authorization.AuthorizationMiddleware.Invoke(HttpContext context)
   at Microsoft.AspNetCore.Authentication.AuthenticationMiddleware.Invoke(HttpContext context)
   at Microsoft.AspNetCore.RateLimiting.RateLimitingMiddleware.InvokeInternal(HttpContext context, EnableRateLimitingAttribute enableRateLimitingAttribute)
   at Swashbuckle.AspNetCore.SwaggerUI.SwaggerUIMiddleware.Invoke(HttpContext httpContext)
   at Swashbuckle.AspNetCore.Swagger.SwaggerMiddleware.Invoke(HttpContext httpContext, ISwaggerProvider swaggerProvider)
   at EnglishLearningPlatform.API.Middlewares.RequestLoggingMiddleware.InvokeAsync(HttpContext context) in C:\Users\Ravan999\Desktop\Aygun-Final\Final-Project-ReadLingo-Back\EnglishLearningPlatform.API\Middlewares\RequestLoggingMiddleware.cs:line 24
   at EnglishLearningPlatform.API.Middlewares.ExceptionHandlingMiddleware.InvokeAsync(HttpContext context) in C:\Users\Ravan999\Desktop\Aygun-Final\Final-Project-ReadLingo-Back\EnglishLearningPlatform.API\Middlewares\ExceptionHandlingMiddleware.cs:line 27
2026-08-23 01:31:55.491 +04:00 [INF] OPTIONS /api/v1/progress/streak responded 204 in 0ms (user: anonymous)
2026-08-23 01:31:55.492 +04:00 [ERR] Unhandled exception on /api/v1/progress
Microsoft.EntityFrameworkCore.DbUpdateException: An error occurred while saving the entity changes. See the inner exception for details.
 ---> Microsoft.Data.SqlClient.SqlException (0x80131904): Cannot insert duplicate key row in object 'dbo.UserProgresses' with unique index 'IX_UserProgresses_AppUserId_StoryId'. The duplicate key value is (006f3060-3635-4427-59b4-08def7de3b5b, 3feed0f4-142f-4a75-8b22-4aa5da1b55cd).
   at Microsoft.Data.SqlClient.SqlConnection.OnError(SqlException exception, Boolean breakConnection, Action`1 wrapCloseInAction)
   at Microsoft.Data.SqlClient.SqlInternalConnection.OnError(SqlException exception, Boolean breakConnection, Action`1 wrapCloseInAction)
   at Microsoft.Data.SqlClient.TdsParser.ThrowExceptionAndWarning(TdsParserStateObject stateObj, SqlCommand command, Boolean callerHasConnectionLock, Boolean asyncClose)
   at Microsoft.Data.SqlClient.TdsParser.TryRun(RunBehavior runBehavior, SqlCommand cmdHandler, SqlDataReader dataStream, BulkCopySimpleResultSet bulkCopyHandler, TdsParserStateObject stateObj, Boolean& dataReady)
   at Microsoft.Data.SqlClient.SqlDataReader.TryHasMoreRows(Boolean& moreRows)
   at Microsoft.Data.SqlClient.SqlDataReader.TryHasMoreResults(Boolean& moreResults)
   at Microsoft.Data.SqlClient.SqlDataReader.TryNextResult(Boolean& more)
   at Microsoft.Data.SqlClient.SqlDataReader.NextResultAsyncExecute(Task task, Object state)
   at Microsoft.Data.SqlClient.SqlDataReader.InvokeAsyncCall[T](SqlDataReaderBaseAsyncCallContext`1 context)
--- End of stack trace from previous location ---
   at Microsoft.EntityFrameworkCore.Update.AffectedCountModificationCommandBatch.ConsumeAsync(RelationalDataReader reader, CancellationToken cancellationToken)
ClientConnectionId:639c9fe0-cf96-446c-8be5-9a5771a6b599
Error Number:2601,State:1,Class:14
   --- End of inner exception stack trace ---
   at Microsoft.EntityFrameworkCore.Update.AffectedCountModificationCommandBatch.ConsumeAsync(RelationalDataReader reader, CancellationToken cancellationToken)
   at Microsoft.EntityFrameworkCore.Update.ReaderModificationCommandBatch.ExecuteAsync(IRelationalConnection connection, CancellationToken cancellationToken)
   at Microsoft.EntityFrameworkCore.Update.ReaderModificationCommandBatch.ExecuteAsync(IRelationalConnection connection, CancellationToken cancellationToken)
   at Microsoft.EntityFrameworkCore.SqlServer.Update.Internal.SqlServerModificationCommandBatch.ExecuteAsync(IRelationalConnection connection, CancellationToken cancellationToken)
   at Microsoft.EntityFrameworkCore.Update.Internal.BatchExecutor.ExecuteAsync(IEnumerable`1 commandBatches, IRelationalConnection connection, CancellationToken cancellationToken)
   at Microsoft.EntityFrameworkCore.Update.Internal.BatchExecutor.ExecuteAsync(IEnumerable`1 commandBatches, IRelationalConnection connection, CancellationToken cancellationToken)
   at Microsoft.EntityFrameworkCore.Update.Internal.BatchExecutor.ExecuteAsync(IEnumerable`1 commandBatches, IRelationalConnection connection, CancellationToken cancellationToken)
   at Microsoft.EntityFrameworkCore.ChangeTracking.Internal.StateManager.SaveChangesAsync(IList`1 entriesToSave, CancellationToken cancellationToken)
   at Microsoft.EntityFrameworkCore.ChangeTracking.Internal.StateManager.SaveChangesAsync(StateManager stateManager, Boolean acceptAllChangesOnSuccess, CancellationToken cancellationToken)
   at Microsoft.EntityFrameworkCore.Storage.ExecutionStrategy.<>c__DisplayClass30_0`2.<<ExecuteAsync>b__0>d.MoveNext()
--- End of stack trace from previous location ---
   at Microsoft.EntityFrameworkCore.Storage.ExecutionStrategy.ExecuteImplementationAsync[TState,TResult](Func`4 operation, Func`4 verifySucceeded, TState state, CancellationToken cancellationToken)
   at Microsoft.EntityFrameworkCore.Storage.ExecutionStrategy.ExecuteImplementationAsync[TState,TResult](Func`4 operation, Func`4 verifySucceeded, TState state, CancellationToken cancellationToken)
   at Microsoft.EntityFrameworkCore.Storage.ExecutionStrategy.ExecuteAsync[TState,TResult](TState state, Func`4 operation, Func`4 verifySucceeded, CancellationToken cancellationToken)
   at Microsoft.EntityFrameworkCore.DbContext.SaveChangesAsync(Boolean acceptAllChangesOnSuccess, CancellationToken cancellationToken)
   at Microsoft.EntityFrameworkCore.DbContext.SaveChangesAsync(Boolean acceptAllChangesOnSuccess, CancellationToken cancellationToken)
   at EnglishLearningPlatform.Persistence.UnitOfWork.UnitOfWork.SaveChangesAsync(CancellationToken cancellationToken) in C:\Users\Ravan999\Desktop\Aygun-Final\Final-Project-ReadLingo-Back\EnglishLearningPlatform.Persistence\UnitOfWork\UnitOfWork.cs:line 88
   at EnglishLearningPlatform.Application.Services.ProgressService.UpsertAsync(Guid userId, UpsertUserProgressDto dto, CancellationToken cancellationToken) in C:\Users\Ravan999\Desktop\Aygun-Final\Final-Project-ReadLingo-Back\EnglishLearningPlatform.Application\Services\ProgressService .cs:line 78
   at EnglishLearningPlatform.API.Controllers.V1.ProgressController.Upsert(UpsertUserProgressDto dto, CancellationToken cancellationToken) in C:\Users\Ravan999\Desktop\Aygun-Final\Final-Project-ReadLingo-Back\EnglishLearningPlatform.API\Controllers\V1\ProgressController.cs:line 35
   at Microsoft.AspNetCore.Mvc.Infrastructure.ActionMethodExecutor.TaskOfIActionResultExecutor.Execute(ActionContext actionContext, IActionResultTypeMapper mapper, ObjectMethodExecutor executor, Object controller, Object[] arguments)
   at Microsoft.AspNetCore.Mvc.Infrastructure.ControllerActionInvoker.<InvokeActionMethodAsync>g__Awaited|12_0(ControllerActionInvoker invoker, ValueTask`1 actionResultValueTask)
   at Microsoft.AspNetCore.Mvc.Infrastructure.ControllerActionInvoker.<InvokeNextActionFilterAsync>g__Awaited|10_0(ControllerActionInvoker invoker, Task lastTask, State next, Scope scope, Object state, Boolean isCompleted)
   at Microsoft.AspNetCore.Mvc.Infrastructure.ControllerActionInvoker.Rethrow(ActionExecutedContextSealed context)
   at Microsoft.AspNetCore.Mvc.Infrastructure.ControllerActionInvoker.Next(State& next, Scope& scope, Object& state, Boolean& isCompleted)
   at Microsoft.AspNetCore.Mvc.Infrastructure.ControllerActionInvoker.<InvokeInnerFilterAsync>g__Awaited|13_0(ControllerActionInvoker invoker, Task lastTask, State next, Scope scope, Object state, Boolean isCompleted)
   at Microsoft.AspNetCore.Mvc.Infrastructure.ResourceInvoker.<InvokeFilterPipelineAsync>g__Awaited|20_0(ResourceInvoker invoker, Task lastTask, State next, Scope scope, Object state, Boolean isCompleted)
   at Microsoft.AspNetCore.Mvc.Infrastructure.ResourceInvoker.<InvokeAsync>g__Awaited|17_0(ResourceInvoker invoker, Task task, IDisposable scope)
   at Microsoft.AspNetCore.Mvc.Infrastructure.ResourceInvoker.<InvokeAsync>g__Awaited|17_0(ResourceInvoker invoker, Task task, IDisposable scope)
   at Microsoft.AspNetCore.Authorization.AuthorizationMiddleware.Invoke(HttpContext context)
   at Microsoft.AspNetCore.Authentication.AuthenticationMiddleware.Invoke(HttpContext context)
   at Microsoft.AspNetCore.RateLimiting.RateLimitingMiddleware.InvokeInternal(HttpContext context, EnableRateLimitingAttribute enableRateLimitingAttribute)
   at Swashbuckle.AspNetCore.SwaggerUI.SwaggerUIMiddleware.Invoke(HttpContext httpContext)
   at Swashbuckle.AspNetCore.Swagger.SwaggerMiddleware.Invoke(HttpContext httpContext, ISwaggerProvider swaggerProvider)
   at EnglishLearningPlatform.API.Middlewares.RequestLoggingMiddleware.InvokeAsync(HttpContext context) in C:\Users\Ravan999\Desktop\Aygun-Final\Final-Project-ReadLingo-Back\EnglishLearningPlatform.API\Middlewares\RequestLoggingMiddleware.cs:line 24
   at EnglishLearningPlatform.API.Middlewares.ExceptionHandlingMiddleware.InvokeAsync(HttpContext context) in C:\Users\Ravan999\Desktop\Aygun-Final\Final-Project-ReadLingo-Back\EnglishLearningPlatform.API\Middlewares\ExceptionHandlingMiddleware.cs:line 27
2026-08-23 01:31:55.525 +04:00 [INF] GET /api/v1/progress/streak responded 200 in 8ms (user: anonymous)
2026-08-23 01:31:56.225 +04:00 [INF] GET /api/v1/profile responded 200 in 5ms (user: anonymous)
2026-08-23 01:31:56.225 +04:00 [INF] GET /api/v1/stories/3feed0f4-142f-4a75-8b22-4aa5da1b55cd responded 200 in 5ms (user: anonymous)
2026-08-23 01:31:56.231 +04:00 [INF] GET /api/v1/profile responded 200 in 3ms (user: anonymous)
2026-08-23 01:31:56.231 +04:00 [INF] GET /api/v1/stories/3feed0f4-142f-4a75-8b22-4aa5da1b55cd responded 200 in 3ms (user: anonymous)
2026-08-23 01:31:56.522 +04:00 [INF] GET /api/v1/story-categories responded 200 in 0ms (user: anonymous)
2026-08-23 01:31:56.522 +04:00 [INF] GET /api/v1/stories responded 200 in 0ms (user: anonymous)
2026-08-23 01:31:56.523 +04:00 [INF] GET /api/v1/stories responded 200 in 0ms (user: anonymous)
2026-08-23 01:31:56.523 +04:00 [INF] GET /api/v1/story-categories responded 200 in 0ms (user: anonymous)
2026-08-23 01:31:56.525 +04:00 [INF] GET /api/v1/profile responded 200 in 3ms (user: anonymous)
2026-08-23 01:31:56.530 +04:00 [INF] GET /api/v1/profile responded 200 in 4ms (user: anonymous)
2026-08-23 01:31:59.054 +04:00 [INF] OPTIONS /api/v1/profile responded 204 in 0ms (user: anonymous)
2026-08-23 01:31:59.057 +04:00 [INF] OPTIONS /api/v1/stories/ff71137a-c796-499b-9a8e-5cc111b19174 responded 204 in 0ms (user: anonymous)
2026-08-23 01:31:59.057 +04:00 [INF] OPTIONS /api/v1/profile responded 204 in 0ms (user: anonymous)
2026-08-23 01:31:59.057 +04:00 [INF] OPTIONS /api/v1/stories/ff71137a-c796-499b-9a8e-5cc111b19174 responded 204 in 0ms (user: anonymous)
2026-08-23 01:31:59.061 +04:00 [INF] GET /api/v1/profile responded 200 in 2ms (user: anonymous)
2026-08-23 01:31:59.068 +04:00 [INF] GET /api/v1/profile responded 200 in 3ms (user: anonymous)
2026-08-23 01:31:59.073 +04:00 [INF] GET /api/v1/stories/ff71137a-c796-499b-9a8e-5cc111b19174 responded 200 in 10ms (user: anonymous)
2026-08-23 01:31:59.076 +04:00 [INF] GET /api/v1/stories/ff71137a-c796-499b-9a8e-5cc111b19174 responded 200 in 2ms (user: anonymous)
2026-08-23 01:32:00.817 +04:00 [INF] GET /api/v1/profile responded 200 in 3ms (user: anonymous)
2026-08-23 01:32:00.818 +04:00 [INF] GET /api/v1/stories/ff71137a-c796-499b-9a8e-5cc111b19174 responded 200 in 3ms (user: anonymous)
2026-08-23 01:32:00.822 +04:00 [INF] GET /api/v1/profile responded 200 in 3ms (user: anonymous)
2026-08-23 01:32:00.825 +04:00 [INF] GET /api/v1/stories/ff71137a-c796-499b-9a8e-5cc111b19174 responded 200 in 5ms (user: anonymous)
2026-08-23 01:32:00.828 +04:00 [INF] OPTIONS /api/v1/progress responded 204 in 0ms (user: anonymous)
2026-08-23 01:32:00.831 +04:00 [INF] GET /api/v1/profile responded 200 in 5ms (user: anonymous)
2026-08-23 01:32:00.835 +04:00 [INF] GET /api/v1/profile responded 200 in 3ms (user: anonymous)
2026-08-23 01:32:00.845 +04:00 [INF] POST /api/v1/progress responded 200 in 11ms (user: anonymous)
2026-08-23 01:32:00.847 +04:00 [INF] POST /api/v1/progress responded 200 in 3ms (user: anonymous)
2026-08-23 01:32:00.847 +04:00 [INF] POST /api/v1/progress responded 200 in 5ms (user: anonymous)
2026-08-23 01:32:00.858 +04:00 [INF] OPTIONS /api/v1/progress/reading-history responded 204 in 0ms (user: anonymous)
2026-08-23 01:32:00.859 +04:00 [INF] OPTIONS /api/v1/progress/reading-history responded 204 in 0ms (user: anonymous)
2026-08-23 01:32:00.859 +04:00 [INF] OPTIONS /api/v1/progress/reading-history responded 204 in 0ms (user: anonymous)
2026-08-23 01:32:00.861 +04:00 [INF] POST /api/v1/progress responded 200 in 3ms (user: anonymous)
2026-08-23 01:32:00.867 +04:00 [INF] POST /api/v1/progress/reading-history responded 200 in 3ms (user: anonymous)
2026-08-23 01:32:00.867 +04:00 [INF] POST /api/v1/progress/reading-history responded 200 in 1ms (user: anonymous)
2026-08-23 01:32:00.870 +04:00 [INF] POST /api/v1/progress/reading-history responded 200 in 1ms (user: anonymous)
2026-08-23 01:32:00.873 +04:00 [INF] POST /api/v1/progress/reading-history responded 200 in 1ms (user: anonymous)
2026-08-23 01:32:00.873 +04:00 [INF] OPTIONS /api/v1/progress/streak responded 204 in 0ms (user: anonymous)
2026-08-23 01:32:00.875 +04:00 [INF] OPTIONS /api/v1/progress/streak responded 204 in 0ms (user: anonymous)
2026-08-23 01:32:00.878 +04:00 [INF] OPTIONS /api/v1/progress/streak responded 204 in 0ms (user: anonymous)
2026-08-23 01:32:00.882 +04:00 [INF] OPTIONS /api/v1/progress/streak responded 204 in 0ms (user: anonymous)
2026-08-23 01:32:00.886 +04:00 [INF] GET /api/v1/progress/streak responded 200 in 2ms (user: anonymous)
2026-08-23 01:32:00.889 +04:00 [INF] GET /api/v1/progress/streak responded 200 in 2ms (user: anonymous)
2026-08-23 01:32:00.892 +04:00 [INF] GET /api/v1/progress/streak responded 200 in 2ms (user: anonymous)
2026-08-23 01:32:00.894 +04:00 [INF] GET /api/v1/progress/streak responded 200 in 2ms (user: anonymous)
2026-08-23 01:32:02.653 +04:00 [INF] OPTIONS /api/v1/translations/translate responded 204 in 0ms (user: anonymous)
2026-08-23 01:32:04.139 +04:00 [INF] POST /api/v1/translations/translate responded 200 in 1481ms (user: anonymous)
2026-08-23 01:32:05.899 +04:00 [INF] POST /api/v1/translations/translate responded 200 in 2ms (user: anonymous)
2026-08-23 01:37:29.721 +04:00 [INF] OPTIONS /api/v1/auth/refresh-token responded 204 in 0ms (user: anonymous)
2026-08-23 01:37:29.796 +04:00 [INF] POST /api/v1/auth/refresh-token responded 200 in 69ms (user: anonymous)
2026-08-23 01:37:29.801 +04:00 [INF] OPTIONS /api/v1/profile responded 204 in 0ms (user: anonymous)
2026-08-23 01:37:29.801 +04:00 [INF] OPTIONS /api/v1/stories/ff71137a-c796-499b-9a8e-5cc111b19174 responded 204 in 0ms (user: anonymous)
2026-08-23 01:37:29.801 +04:00 [INF] OPTIONS /api/v1/profile responded 204 in 0ms (user: anonymous)
2026-08-23 01:37:29.801 +04:00 [INF] OPTIONS /api/v1/stories/ff71137a-c796-499b-9a8e-5cc111b19174 responded 204 in 0ms (user: anonymous)
2026-08-23 01:37:29.802 +04:00 [INF] OPTIONS /api/v1/profile responded 204 in 0ms (user: anonymous)
2026-08-23 01:37:29.802 +04:00 [INF] OPTIONS /api/v1/profile responded 204 in 0ms (user: anonymous)
2026-08-23 01:37:29.817 +04:00 [INF] GET /api/v1/profile responded 200 in 10ms (user: anonymous)
2026-08-23 01:37:29.823 +04:00 [INF] GET /api/v1/profile responded 200 in 4ms (user: anonymous)
2026-08-23 01:37:29.827 +04:00 [INF] GET /api/v1/stories/ff71137a-c796-499b-9a8e-5cc111b19174 responded 200 in 17ms (user: anonymous)
2026-08-23 01:37:29.828 +04:00 [INF] GET /api/v1/profile responded 200 in 3ms (user: anonymous)
2026-08-23 01:37:29.832 +04:00 [INF] GET /api/v1/stories/ff71137a-c796-499b-9a8e-5cc111b19174 responded 200 in 3ms (user: anonymous)
2026-08-23 01:37:29.832 +04:00 [INF] GET /api/v1/profile responded 200 in 3ms (user: anonymous)
2026-08-23 01:37:29.840 +04:00 [INF] OPTIONS /api/v1/progress responded 204 in 0ms (user: anonymous)
2026-08-23 01:37:29.853 +04:00 [INF] POST /api/v1/progress responded 200 in 10ms (user: anonymous)
2026-08-23 01:37:29.884 +04:00 [INF] POST /api/v1/progress responded 200 in 3ms (user: anonymous)
2026-08-23 01:37:29.884 +04:00 [INF] POST /api/v1/progress responded 200 in 3ms (user: anonymous)
2026-08-23 01:37:29.891 +04:00 [INF] OPTIONS /api/v1/progress/reading-history responded 204 in 0ms (user: anonymous)
2026-08-23 01:37:29.901 +04:00 [INF] POST /api/v1/progress responded 200 in 4ms (user: anonymous)
2026-08-23 01:37:29.901 +04:00 [INF] POST /api/v1/progress/reading-history responded 200 in 3ms (user: anonymous)
2026-08-23 01:37:29.901 +04:00 [INF] POST /api/v1/progress/reading-history responded 200 in 5ms (user: anonymous)
2026-08-23 01:37:29.903 +04:00 [INF] POST /api/v1/progress/reading-history responded 200 in 5ms (user: anonymous)
2026-08-23 01:37:29.909 +04:00 [INF] POST /api/v1/progress/reading-history responded 200 in 2ms (user: anonymous)
2026-08-23 01:37:29.910 +04:00 [INF] OPTIONS /api/v1/progress/streak responded 204 in 0ms (user: anonymous)
2026-08-23 01:37:29.912 +04:00 [INF] OPTIONS /api/v1/progress/streak responded 204 in 0ms (user: anonymous)
2026-08-23 01:37:29.914 +04:00 [INF] OPTIONS /api/v1/progress/streak responded 204 in 0ms (user: anonymous)
2026-08-23 01:37:29.917 +04:00 [INF] OPTIONS /api/v1/progress/streak responded 204 in 0ms (user: anonymous)
2026-08-23 01:37:29.928 +04:00 [INF] GET /api/v1/progress/streak responded 200 in 7ms (user: anonymous)
2026-08-23 01:37:29.931 +04:00 [INF] GET /api/v1/progress/streak responded 200 in 2ms (user: anonymous)
2026-08-23 01:37:29.933 +04:00 [INF] GET /api/v1/progress/streak responded 200 in 1ms (user: anonymous)
2026-08-23 01:37:29.938 +04:00 [INF] GET /api/v1/progress/streak responded 200 in 3ms (user: anonymous)
2026-08-23 01:37:41.355 +04:00 [INF] OPTIONS /api/v1/profile responded 204 in 0ms (user: anonymous)
2026-08-23 01:37:41.355 +04:00 [INF] OPTIONS /api/v1/stories/ff71137a-c796-499b-9a8e-5cc111b19174 responded 204 in 0ms (user: anonymous)
2026-08-23 01:37:41.355 +04:00 [INF] OPTIONS /api/v1/progress responded 204 in 0ms (user: anonymous)
2026-08-23 01:37:41.355 +04:00 [INF] OPTIONS /api/v1/profile responded 204 in 0ms (user: anonymous)
2026-08-23 01:37:41.363 +04:00 [INF] GET /api/v1/profile responded 200 in 2ms (user: anonymous)
2026-08-23 01:37:41.365 +04:00 [INF] GET /api/v1/stories/ff71137a-c796-499b-9a8e-5cc111b19174 responded 200 in 2ms (user: anonymous)
2026-08-23 01:37:41.372 +04:00 [INF] POST /api/v1/progress responded 200 in 6ms (user: anonymous)
2026-08-23 01:37:41.375 +04:00 [INF] GET /api/v1/profile responded 200 in 7ms (user: anonymous)
2026-08-23 01:37:41.381 +04:00 [INF] OPTIONS /api/v1/progress/reading-history responded 204 in 0ms (user: anonymous)
2026-08-23 01:37:41.384 +04:00 [INF] POST /api/v1/progress responded 200 in 2ms (user: anonymous)
2026-08-23 01:37:41.388 +04:00 [INF] POST /api/v1/progress/reading-history responded 200 in 4ms (user: anonymous)
2026-08-23 01:37:41.406 +04:00 [INF] OPTIONS /api/v1/progress/streak responded 204 in 0ms (user: anonymous)
2026-08-23 01:37:41.409 +04:00 [INF] POST /api/v1/progress responded 200 in 4ms (user: anonymous)
2026-08-23 01:37:41.409 +04:00 [INF] POST /api/v1/progress/reading-history responded 200 in 3ms (user: anonymous)
2026-08-23 01:37:41.415 +04:00 [INF] GET /api/v1/progress/streak responded 200 in 3ms (user: anonymous)
2026-08-23 01:37:41.418 +04:00 [INF] POST /api/v1/progress/reading-history responded 200 in 2ms (user: anonymous)
2026-08-23 01:37:41.421 +04:00 [INF] GET /api/v1/progress/streak responded 200 in 3ms (user: anonymous)
2026-08-23 01:37:41.427 +04:00 [INF] GET /api/v1/progress/streak responded 200 in 2ms (user: anonymous)
2026-08-23 01:38:04.354 +04:00 [INF] OPTIONS /api/v1/profile responded 204 in 0ms (user: anonymous)
2026-08-23 01:38:04.354 +04:00 [INF] OPTIONS /api/v1/stories/ff71137a-c796-499b-9a8e-5cc111b19174 responded 204 in 0ms (user: anonymous)
2026-08-23 01:38:04.354 +04:00 [INF] OPTIONS /api/v1/profile responded 204 in 0ms (user: anonymous)
2026-08-23 01:38:04.354 +04:00 [INF] OPTIONS /api/v1/profile responded 204 in 0ms (user: anonymous)
2026-08-23 01:38:04.354 +04:00 [INF] OPTIONS /api/v1/stories/ff71137a-c796-499b-9a8e-5cc111b19174 responded 204 in 0ms (user: anonymous)
2026-08-23 01:38:04.355 +04:00 [INF] OPTIONS /api/v1/profile responded 204 in 0ms (user: anonymous)
2026-08-23 01:38:04.364 +04:00 [INF] GET /api/v1/stories/ff71137a-c796-499b-9a8e-5cc111b19174 responded 200 in 3ms (user: anonymous)
2026-08-23 01:38:04.364 +04:00 [INF] GET /api/v1/profile responded 200 in 4ms (user: anonymous)
2026-08-23 01:38:04.371 +04:00 [INF] GET /api/v1/profile responded 200 in 4ms (user: anonymous)
2026-08-23 01:38:04.375 +04:00 [INF] GET /api/v1/stories/ff71137a-c796-499b-9a8e-5cc111b19174 responded 200 in 3ms (user: anonymous)
2026-08-23 01:38:04.376 +04:00 [INF] GET /api/v1/profile responded 200 in 3ms (user: anonymous)
2026-08-23 01:38:04.376 +04:00 [INF] GET /api/v1/profile responded 200 in 2ms (user: anonymous)
2026-08-23 01:38:04.390 +04:00 [INF] OPTIONS /api/v1/progress responded 204 in 0ms (user: anonymous)
2026-08-23 01:38:04.390 +04:00 [INF] OPTIONS /api/v1/progress responded 204 in 0ms (user: anonymous)
2026-08-23 01:38:04.398 +04:00 [INF] POST /api/v1/progress responded 200 in 4ms (user: anonymous)
2026-08-23 01:38:04.399 +04:00 [INF] POST /api/v1/progress responded 200 in 2ms (user: anonymous)
2026-08-23 01:38:04.422 +04:00 [INF] OPTIONS /api/v1/progress/reading-history responded 204 in 0ms (user: anonymous)
2026-08-23 01:38:04.422 +04:00 [INF] OPTIONS /api/v1/progress/reading-history responded 204 in 0ms (user: anonymous)
2026-08-23 01:38:04.425 +04:00 [INF] POST /api/v1/progress responded 200 in 4ms (user: anonymous)
2026-08-23 01:38:04.430 +04:00 [INF] POST /api/v1/progress/reading-history responded 200 in 3ms (user: anonymous)
2026-08-23 01:38:04.433 +04:00 [INF] POST /api/v1/progress/reading-history responded 200 in 3ms (user: anonymous)
2026-08-23 01:38:04.436 +04:00 [INF] OPTIONS /api/v1/progress/streak responded 204 in 0ms (user: anonymous)
2026-08-23 01:38:04.439 +04:00 [INF] POST /api/v1/progress/reading-history responded 200 in 5ms (user: anonymous)
2026-08-23 01:38:04.440 +04:00 [INF] OPTIONS /api/v1/progress/streak responded 204 in 0ms (user: anonymous)
2026-08-23 01:38:04.442 +04:00 [INF] GET /api/v1/progress/streak responded 200 in 1ms (user: anonymous)
2026-08-23 01:38:04.444 +04:00 [INF] GET /api/v1/progress/streak responded 200 in 1ms (user: anonymous)
2026-08-23 01:38:04.447 +04:00 [INF] GET /api/v1/progress/streak responded 200 in 1ms (user: anonymous)
2026-08-23 01:38:14.371 +04:00 [INF] OPTIONS /api/v1/stories/ff71137a-c796-499b-9a8e-5cc111b19174 responded 204 in 0ms (user: anonymous)
2026-08-23 01:38:14.371 +04:00 [INF] OPTIONS /api/v1/progress responded 204 in 0ms (user: anonymous)
2026-08-23 01:38:14.371 +04:00 [INF] OPTIONS /api/v1/profile responded 204 in 0ms (user: anonymous)
2026-08-23 01:38:14.380 +04:00 [INF] GET /api/v1/stories/ff71137a-c796-499b-9a8e-5cc111b19174 responded 200 in 2ms (user: anonymous)
2026-08-23 01:38:14.385 +04:00 [INF] POST /api/v1/progress responded 200 in 4ms (user: anonymous)
2026-08-23 01:38:14.387 +04:00 [INF] GET /api/v1/profile responded 200 in 4ms (user: anonymous)
2026-08-23 01:38:14.390 +04:00 [INF] OPTIONS /api/v1/progress/reading-history responded 204 in 0ms (user: anonymous)
2026-08-23 01:38:14.394 +04:00 [INF] POST /api/v1/progress responded 200 in 2ms (user: anonymous)
2026-08-23 01:38:14.394 +04:00 [INF] POST /api/v1/progress/reading-history responded 200 in 1ms (user: anonymous)
2026-08-23 01:38:14.435 +04:00 [INF] OPTIONS /api/v1/progress/streak responded 204 in 0ms (user: anonymous)
2026-08-23 01:38:14.435 +04:00 [INF] POST /api/v1/progress responded 200 in 3ms (user: anonymous)
2026-08-23 01:38:14.438 +04:00 [INF] POST /api/v1/progress/reading-history responded 200 in 3ms (user: anonymous)
2026-08-23 01:38:14.442 +04:00 [INF] GET /api/v1/progress/streak responded 200 in 2ms (user: anonymous)
2026-08-23 01:38:14.445 +04:00 [INF] POST /api/v1/progress/reading-history responded 200 in 2ms (user: anonymous)
2026-08-23 01:38:14.447 +04:00 [INF] GET /api/v1/progress/streak responded 200 in 1ms (user: anonymous)
2026-08-23 01:38:14.454 +04:00 [INF] GET /api/v1/progress/streak responded 200 in 4ms (user: anonymous)
2026-08-23 01:38:22.350 +04:00 [INF] OPTIONS /api/v1/stories/ff71137a-c796-499b-9a8e-5cc111b19174 responded 204 in 0ms (user: anonymous)
2026-08-23 01:38:22.350 +04:00 [INF] OPTIONS /api/v1/progress responded 204 in 0ms (user: anonymous)
2026-08-23 01:38:22.350 +04:00 [INF] OPTIONS /api/v1/profile responded 204 in 0ms (user: anonymous)
2026-08-23 01:38:22.357 +04:00 [INF] GET /api/v1/stories/ff71137a-c796-499b-9a8e-5cc111b19174 responded 200 in 2ms (user: anonymous)
2026-08-23 01:38:22.362 +04:00 [INF] POST /api/v1/progress responded 200 in 3ms (user: anonymous)
2026-08-23 01:38:22.363 +04:00 [INF] GET /api/v1/profile responded 200 in 2ms (user: anonymous)
2026-08-23 01:38:22.366 +04:00 [INF] OPTIONS /api/v1/progress/reading-history responded 204 in 0ms (user: anonymous)
2026-08-23 01:38:22.372 +04:00 [INF] POST /api/v1/progress responded 200 in 2ms (user: anonymous)
2026-08-23 01:38:22.372 +04:00 [INF] POST /api/v1/progress/reading-history responded 200 in 1ms (user: anonymous)
2026-08-23 01:38:22.389 +04:00 [INF] OPTIONS /api/v1/progress/streak responded 204 in 0ms (user: anonymous)
2026-08-23 01:38:22.391 +04:00 [INF] POST /api/v1/progress/reading-history responded 200 in 1ms (user: anonymous)
2026-08-23 01:38:22.391 +04:00 [INF] POST /api/v1/progress responded 200 in 2ms (user: anonymous)
2026-08-23 01:38:22.395 +04:00 [INF] GET /api/v1/progress/streak responded 200 in 2ms (user: anonymous)
2026-08-23 01:38:22.398 +04:00 [INF] GET /api/v1/progress/streak responded 200 in 2ms (user: anonymous)
2026-08-23 01:38:22.400 +04:00 [INF] POST /api/v1/progress/reading-history responded 200 in 2ms (user: anonymous)
2026-08-23 01:38:22.407 +04:00 [INF] GET /api/v1/progress/streak responded 200 in 2ms (user: anonymous)
2026-08-23 01:41:35.926 +04:00 [WRN] Entity 'Story' has a global query filter defined and is the required end of a relationship with the entity 'Chapter'. This may lead to unexpected results when the required entity is filtered out. Either configure the navigation as optional, or define matching query filters for both entities in the navigation. See https://go.microsoft.com/fwlink/?linkid=2131316 for more information.
2026-08-23 01:41:35.978 +04:00 [WRN] Entity 'Story' has a global query filter defined and is the required end of a relationship with the entity 'DailyStoryReadLog'. This may lead to unexpected results when the required entity is filtered out. Either configure the navigation as optional, or define matching query filters for both entities in the navigation. See https://go.microsoft.com/fwlink/?linkid=2131316 for more information.
2026-08-23 01:41:35.983 +04:00 [WRN] Entity 'Story' has a global query filter defined and is the required end of a relationship with the entity 'FavoriteStory'. This may lead to unexpected results when the required entity is filtered out. Either configure the navigation as optional, or define matching query filters for both entities in the navigation. See https://go.microsoft.com/fwlink/?linkid=2131316 for more information.
2026-08-23 01:41:35.986 +04:00 [WRN] Entity 'Story' has a global query filter defined and is the required end of a relationship with the entity 'QuizAttempt'. This may lead to unexpected results when the required entity is filtered out. Either configure the navigation as optional, or define matching query filters for both entities in the navigation. See https://go.microsoft.com/fwlink/?linkid=2131316 for more information.
2026-08-23 01:41:35.988 +04:00 [WRN] Entity 'Story' has a global query filter defined and is the required end of a relationship with the entity 'ReadingHistory'. This may lead to unexpected results when the required entity is filtered out. Either configure the navigation as optional, or define matching query filters for both entities in the navigation. See https://go.microsoft.com/fwlink/?linkid=2131316 for more information.
2026-08-23 01:41:35.990 +04:00 [WRN] Entity 'Story' has a global query filter defined and is the required end of a relationship with the entity 'RemainingCorrectCounter'. This may lead to unexpected results when the required entity is filtered out. Either configure the navigation as optional, or define matching query filters for both entities in the navigation. See https://go.microsoft.com/fwlink/?linkid=2131316 for more information.
2026-08-23 01:41:35.993 +04:00 [WRN] Entity 'Story' has a global query filter defined and is the required end of a relationship with the entity 'Review'. This may lead to unexpected results when the required entity is filtered out. Either configure the navigation as optional, or define matching query filters for both entities in the navigation. See https://go.microsoft.com/fwlink/?linkid=2131316 for more information.
2026-08-23 01:41:35.997 +04:00 [WRN] Entity 'Story' has a global query filter defined and is the required end of a relationship with the entity 'UserProgress'. This may lead to unexpected results when the required entity is filtered out. Either configure the navigation as optional, or define matching query filters for both entities in the navigation. See https://go.microsoft.com/fwlink/?linkid=2131316 for more information.
2026-08-23 01:41:36.820 +04:00 [INF] Database seeding completed successfully.
2026-08-23 01:41:42.007 +04:00 [INF] OPTIONS /api/v1/translations/translate responded 204 in 6ms (user: anonymous)
2026-08-23 01:41:44.372 +04:00 [INF] POST /api/v1/translations/translate responded 200 in 2332ms (user: anonymous)
2026-08-23 01:41:50.506 +04:00 [INF] OPTIONS /api/v1/profile responded 204 in 0ms (user: anonymous)
2026-08-23 01:41:50.506 +04:00 [INF] OPTIONS /api/v1/stories/ff71137a-c796-499b-9a8e-5cc111b19174 responded 204 in 0ms (user: anonymous)
2026-08-23 01:41:50.506 +04:00 [INF] OPTIONS /api/v1/stories/ff71137a-c796-499b-9a8e-5cc111b19174 responded 204 in 0ms (user: anonymous)
2026-08-23 01:41:50.506 +04:00 [INF] OPTIONS /api/v1/profile responded 204 in 0ms (user: anonymous)
2026-08-23 01:41:50.738 +04:00 [INF] GET /api/v1/profile responded 200 in 227ms (user: anonymous)
2026-08-23 01:41:50.738 +04:00 [INF] GET /api/v1/stories/ff71137a-c796-499b-9a8e-5cc111b19174 responded 200 in 224ms (user: anonymous)
2026-08-23 01:41:50.786 +04:00 [INF] GET /api/v1/profile responded 200 in 46ms (user: anonymous)
2026-08-23 01:41:50.786 +04:00 [INF] GET /api/v1/stories/ff71137a-c796-499b-9a8e-5cc111b19174 responded 200 in 46ms (user: anonymous)
2026-08-23 01:44:25.345 +04:00 [INF] OPTIONS /api/v1/favorites responded 204 in 0ms (user: anonymous)
2026-08-23 01:44:25.345 +04:00 [INF] OPTIONS /api/v1/stories/ff71137a-c796-499b-9a8e-5cc111b19174 responded 204 in 0ms (user: anonymous)
2026-08-23 01:44:25.345 +04:00 [INF] OPTIONS /api/v1/profile responded 204 in 0ms (user: anonymous)
2026-08-23 01:44:25.372 +04:00 [INF] GET /api/v1/stories/ff71137a-c796-499b-9a8e-5cc111b19174 responded 200 in 18ms (user: anonymous)
2026-08-23 01:44:25.377 +04:00 [INF] GET /api/v1/profile responded 200 in 22ms (user: anonymous)
2026-08-23 01:44:25.384 +04:00 [INF] GET /api/v1/favorites responded 200 in 32ms (user: anonymous)
2026-08-23 01:44:36.338 +04:00 [INF] OPTIONS /api/v1/profile responded 204 in 0ms (user: anonymous)
2026-08-23 01:44:36.338 +04:00 [INF] OPTIONS /api/v1/stories/ff71137a-c796-499b-9a8e-5cc111b19174 responded 204 in 0ms (user: anonymous)
2026-08-23 01:44:36.338 +04:00 [INF] OPTIONS /api/v1/profile responded 204 in 0ms (user: anonymous)
2026-08-23 01:44:36.338 +04:00 [INF] OPTIONS /api/v1/favorites responded 204 in 0ms (user: anonymous)
2026-08-23 01:44:36.338 +04:00 [INF] OPTIONS /api/v1/favorites responded 204 in 0ms (user: anonymous)
2026-08-23 01:44:36.339 +04:00 [INF] OPTIONS /api/v1/stories/ff71137a-c796-499b-9a8e-5cc111b19174 responded 204 in 0ms (user: anonymous)
2026-08-23 01:44:36.351 +04:00 [INF] GET /api/v1/profile responded 200 in 5ms (user: anonymous)
2026-08-23 01:44:36.352 +04:00 [INF] GET /api/v1/stories/ff71137a-c796-499b-9a8e-5cc111b19174 responded 200 in 5ms (user: anonymous)
2026-08-23 01:44:36.356 +04:00 [INF] GET /api/v1/favorites responded 200 in 3ms (user: anonymous)
2026-08-23 01:44:36.361 +04:00 [INF] GET /api/v1/profile responded 200 in 8ms (user: anonymous)
2026-08-23 01:44:36.363 +04:00 [INF] GET /api/v1/favorites responded 200 in 4ms (user: anonymous)
2026-08-23 01:44:36.366 +04:00 [INF] GET /api/v1/stories/ff71137a-c796-499b-9a8e-5cc111b19174 responded 200 in 7ms (user: anonymous)
2026-08-23 01:45:03.846 +04:00 [INF] OPTIONS /api/v1/favorites responded 204 in 0ms (user: anonymous)
2026-08-23 01:45:03.989 +04:00 [INF] POST /api/v1/favorites responded 200 in 138ms (user: anonymous)
2026-08-23 01:45:06.724 +04:00 [INF] OPTIONS /api/v1/profile responded 204 in 0ms (user: anonymous)
2026-08-23 01:45:06.724 +04:00 [INF] OPTIONS /api/v1/stories responded 204 in 0ms (user: anonymous)
2026-08-23 01:45:06.725 +04:00 [INF] OPTIONS /api/v1/profile responded 204 in 0ms (user: anonymous)
2026-08-23 01:45:06.727 +04:00 [INF] OPTIONS /api/v1/profile responded 204 in 0ms (user: anonymous)
2026-08-23 01:45:06.745 +04:00 [INF] GET /api/v1/favorites responded 200 in 15ms (user: anonymous)
2026-08-23 01:45:06.729 +04:00 [INF] OPTIONS /api/v1/stories responded 204 in 0ms (user: anonymous)
2026-08-23 01:45:06.728 +04:00 [INF] OPTIONS /api/v1/profile responded 204 in 0ms (user: anonymous)
2026-08-23 01:45:06.752 +04:00 [INF] GET /api/v1/favorites responded 200 in 2ms (user: anonymous)
2026-08-23 01:45:06.761 +04:00 [INF] GET /api/v1/profile responded 200 in 28ms (user: anonymous)
2026-08-23 01:45:06.768 +04:00 [INF] GET /api/v1/profile responded 200 in 5ms (user: anonymous)
2026-08-23 01:45:06.775 +04:00 [INF] GET /api/v1/profile responded 200 in 6ms (user: anonymous)
2026-08-23 01:45:06.784 +04:00 [INF] GET /api/v1/profile responded 200 in 5ms (user: anonymous)
2026-08-23 01:45:06.811 +04:00 [WRN] Compiling a query which loads related collections for more than one collection navigation, either via 'Include' or through projection, but no 'QuerySplittingBehavior' has been configured. By default, Entity Framework will use 'QuerySplittingBehavior.SingleQuery', which can potentially result in slow query performance. See https://go.microsoft.com/fwlink/?linkid=2134277 for more information. To identify the query that's triggering this warning call 'ConfigureWarnings(w => w.Throw(RelationalEventId.MultipleCollectionIncludeWarning))'.
2026-08-23 01:45:06.835 +04:00 [INF] GET /api/v1/stories responded 200 in 92ms (user: anonymous)
2026-08-23 01:45:06.838 +04:00 [INF] GET /api/v1/stories responded 200 in 1ms (user: anonymous)
2026-08-23 01:45:13.974 +04:00 [INF] OPTIONS /api/v1/stories responded 204 in 0ms (user: anonymous)
2026-08-23 01:45:13.974 +04:00 [INF] OPTIONS /api/v1/story-categories responded 204 in 0ms (user: anonymous)
2026-08-23 01:45:13.974 +04:00 [INF] OPTIONS /api/v1/favorites responded 204 in 0ms (user: anonymous)
2026-08-23 01:45:13.974 +04:00 [INF] OPTIONS /api/v1/profile responded 204 in 0ms (user: anonymous)
2026-08-23 01:45:13.974 +04:00 [INF] OPTIONS /api/v1/profile responded 204 in 0ms (user: anonymous)
2026-08-23 01:45:13.974 +04:00 [INF] OPTIONS /api/v1/story-categories responded 204 in 0ms (user: anonymous)
2026-08-23 01:45:13.974 +04:00 [INF] OPTIONS /api/v1/stories responded 204 in 0ms (user: anonymous)
2026-08-23 01:45:13.974 +04:00 [INF] OPTIONS /api/v1/favorites responded 204 in 0ms (user: anonymous)
2026-08-23 01:45:13.983 +04:00 [INF] GET /api/v1/stories responded 200 in 2ms (user: anonymous)
2026-08-23 01:45:13.994 +04:00 [INF] GET /api/v1/favorites responded 200 in 7ms (user: anonymous)
2026-08-23 01:45:14.000 +04:00 [INF] GET /api/v1/profile responded 200 in 9ms (user: anonymous)
2026-08-23 01:45:14.004 +04:00 [INF] GET /api/v1/stories responded 200 in 1ms (user: anonymous)
2026-08-23 01:45:14.005 +04:00 [INF] GET /api/v1/profile responded 200 in 4ms (user: anonymous)
2026-08-23 01:45:14.010 +04:00 [INF] GET /api/v1/favorites responded 200 in 4ms (user: anonymous)
2026-08-23 01:45:14.049 +04:00 [INF] GET /api/v1/story-categories responded 200 in 64ms (user: anonymous)
2026-08-23 01:45:14.051 +04:00 [INF] GET /api/v1/story-categories responded 200 in 0ms (user: anonymous)
2026-08-23 01:46:14.870 +04:00 [INF] OPTIONS /api/v1/stories responded 204 in 0ms (user: anonymous)
2026-08-23 01:46:14.870 +04:00 [INF] OPTIONS /api/v1/story-categories responded 204 in 0ms (user: anonymous)
2026-08-23 01:46:14.870 +04:00 [INF] OPTIONS /api/v1/profile responded 204 in 0ms (user: anonymous)
2026-08-23 01:46:14.870 +04:00 [INF] OPTIONS /api/v1/favorites responded 204 in 0ms (user: anonymous)
2026-08-23 01:46:14.872 +04:00 [INF] OPTIONS /api/v1/stories responded 204 in 0ms (user: anonymous)
2026-08-23 01:46:14.875 +04:00 [INF] OPTIONS /api/v1/profile responded 204 in 0ms (user: anonymous)
2026-08-23 01:46:14.876 +04:00 [INF] OPTIONS /api/v1/favorites responded 204 in 0ms (user: anonymous)
2026-08-23 01:46:14.876 +04:00 [INF] OPTIONS /api/v1/story-categories responded 204 in 0ms (user: anonymous)
2026-08-23 01:46:14.887 +04:00 [INF] GET /api/v1/stories responded 200 in 2ms (user: anonymous)
2026-08-23 01:46:14.887 +04:00 [INF] GET /api/v1/story-categories responded 200 in 1ms (user: anonymous)
2026-08-23 01:46:14.899 +04:00 [INF] GET /api/v1/stories responded 200 in 3ms (user: anonymous)
2026-08-23 01:46:14.900 +04:00 [INF] GET /api/v1/favorites responded 200 in 9ms (user: anonymous)
2026-08-23 01:46:14.903 +04:00 [INF] GET /api/v1/story-categories responded 200 in 1ms (user: anonymous)
2026-08-23 01:46:14.906 +04:00 [INF] GET /api/v1/favorites responded 200 in 3ms (user: anonymous)
2026-08-23 01:46:14.913 +04:00 [INF] GET /api/v1/profile responded 200 in 24ms (user: anonymous)
2026-08-23 01:46:14.918 +04:00 [INF] GET /api/v1/profile responded 200 in 3ms (user: anonymous)
2026-08-23 01:46:51.550 +04:00 [INF] OPTIONS /api/v1/profile responded 204 in 0ms (user: anonymous)
2026-08-23 01:46:51.550 +04:00 [INF] OPTIONS /api/v1/profile responded 204 in 0ms (user: anonymous)
2026-08-23 01:46:51.550 +04:00 [INF] OPTIONS /api/v1/favorites responded 204 in 0ms (user: anonymous)
2026-08-23 01:46:51.551 +04:00 [INF] OPTIONS /api/v1/stories/7f84cf4f-c6b0-4676-a378-53fdb100f1aa responded 204 in 0ms (user: anonymous)
2026-08-23 01:46:51.551 +04:00 [INF] OPTIONS /api/v1/stories/7f84cf4f-c6b0-4676-a378-53fdb100f1aa responded 204 in 0ms (user: anonymous)
2026-08-23 01:46:51.551 +04:00 [INF] OPTIONS /api/v1/favorites responded 204 in 0ms (user: anonymous)
2026-08-23 01:46:51.560 +04:00 [INF] GET /api/v1/profile responded 200 in 5ms (user: anonymous)
2026-08-23 01:46:51.561 +04:00 [INF] GET /api/v1/favorites responded 200 in 2ms (user: anonymous)
2026-08-23 01:46:51.568 +04:00 [INF] GET /api/v1/profile responded 200 in 4ms (user: anonymous)
2026-08-23 01:46:51.569 +04:00 [INF] GET /api/v1/favorites responded 200 in 1ms (user: anonymous)
2026-08-23 01:46:51.584 +04:00 [INF] GET /api/v1/stories/7f84cf4f-c6b0-4676-a378-53fdb100f1aa responded 200 in 20ms (user: anonymous)
2026-08-23 01:46:51.590 +04:00 [INF] GET /api/v1/stories/7f84cf4f-c6b0-4676-a378-53fdb100f1aa responded 200 in 4ms (user: anonymous)
2026-08-23 01:46:52.577 +04:00 [INF] POST /api/v1/favorites responded 200 in 11ms (user: anonymous)
2026-08-23 01:46:54.446 +04:00 [INF] OPTIONS /api/v1/story-categories responded 204 in 0ms (user: anonymous)
2026-08-23 01:46:54.446 +04:00 [INF] OPTIONS /api/v1/stories responded 204 in 0ms (user: anonymous)
2026-08-23 01:46:54.447 +04:00 [INF] OPTIONS /api/v1/stories responded 204 in 0ms (user: anonymous)
2026-08-23 01:46:54.447 +04:00 [INF] OPTIONS /api/v1/story-categories responded 204 in 0ms (user: anonymous)
2026-08-23 01:46:54.448 +04:00 [INF] GET /api/v1/favorites responded 200 in 1ms (user: anonymous)
2026-08-23 01:46:54.450 +04:00 [INF] GET /api/v1/profile responded 200 in 2ms (user: anonymous)
2026-08-23 01:46:54.451 +04:00 [INF] GET /api/v1/favorites responded 200 in 1ms (user: anonymous)
2026-08-23 01:46:54.451 +04:00 [INF] GET /api/v1/story-categories responded 200 in 0ms (user: anonymous)
2026-08-23 01:46:54.454 +04:00 [INF] GET /api/v1/stories responded 200 in 1ms (user: anonymous)
2026-08-23 01:46:54.455 +04:00 [INF] GET /api/v1/profile responded 200 in 3ms (user: anonymous)
2026-08-23 01:46:54.458 +04:00 [INF] GET /api/v1/stories responded 200 in 0ms (user: anonymous)
2026-08-23 01:46:54.460 +04:00 [INF] GET /api/v1/story-categories responded 200 in 0ms (user: anonymous)
2026-08-23 01:47:00.584 +04:00 [INF] OPTIONS /api/v1/profile responded 204 in 0ms (user: anonymous)
2026-08-23 01:47:00.586 +04:00 [INF] OPTIONS /api/v1/profile responded 204 in 0ms (user: anonymous)
2026-08-23 01:47:00.586 +04:00 [INF] OPTIONS /api/v1/stories/7f84cf4f-c6b0-4676-a378-53fdb100f1aa responded 204 in 0ms (user: anonymous)
2026-08-23 01:47:00.586 +04:00 [INF] OPTIONS /api/v1/stories/7f84cf4f-c6b0-4676-a378-53fdb100f1aa responded 204 in 0ms (user: anonymous)
2026-08-23 01:47:00.586 +04:00 [INF] OPTIONS /api/v1/favorites responded 204 in 0ms (user: anonymous)
2026-08-23 01:47:00.586 +04:00 [INF] OPTIONS /api/v1/favorites responded 204 in 0ms (user: anonymous)
2026-08-23 01:47:00.595 +04:00 [INF] GET /api/v1/profile responded 200 in 4ms (user: anonymous)
2026-08-23 01:47:00.598 +04:00 [INF] GET /api/v1/stories/7f84cf4f-c6b0-4676-a378-53fdb100f1aa responded 200 in 3ms (user: anonymous)
2026-08-23 01:47:00.600 +04:00 [INF] GET /api/v1/profile responded 200 in 3ms (user: anonymous)
2026-08-23 01:47:00.600 +04:00 [INF] GET /api/v1/favorites responded 200 in 1ms (user: anonymous)
2026-08-23 01:47:00.601 +04:00 [INF] GET /api/v1/stories/7f84cf4f-c6b0-4676-a378-53fdb100f1aa responded 200 in 2ms (user: anonymous)
2026-08-23 01:47:00.603 +04:00 [INF] GET /api/v1/favorites responded 200 in 2ms (user: anonymous)
2026-08-23 01:47:25.680 +04:00 [INF] OPTIONS /api/v1/story-categories responded 204 in 0ms (user: anonymous)
2026-08-23 01:47:25.680 +04:00 [INF] OPTIONS /api/v1/stories responded 204 in 0ms (user: anonymous)
2026-08-23 01:47:25.680 +04:00 [INF] OPTIONS /api/v1/profile responded 204 in 0ms (user: anonymous)
2026-08-23 01:47:25.680 +04:00 [INF] OPTIONS /api/v1/favorites responded 204 in 0ms (user: anonymous)
2026-08-23 01:47:25.681 +04:00 [INF] OPTIONS /api/v1/profile responded 204 in 0ms (user: anonymous)
2026-08-23 01:47:25.681 +04:00 [INF] OPTIONS /api/v1/stories responded 204 in 0ms (user: anonymous)
2026-08-23 01:47:25.682 +04:00 [INF] OPTIONS /api/v1/favorites responded 204 in 0ms (user: anonymous)
2026-08-23 01:47:25.682 +04:00 [INF] OPTIONS /api/v1/story-categories responded 204 in 0ms (user: anonymous)
2026-08-23 01:47:25.690 +04:00 [INF] GET /api/v1/story-categories responded 200 in 1ms (user: anonymous)
2026-08-23 01:47:25.715 +04:00 [INF] GET /api/v1/story-categories responded 200 in 0ms (user: anonymous)
2026-08-23 01:47:25.720 +04:00 [INF] GET /api/v1/favorites responded 200 in 21ms (user: anonymous)
2026-08-23 01:47:25.724 +04:00 [INF] GET /api/v1/stories responded 200 in 31ms (user: anonymous)
2026-08-23 01:47:25.725 +04:00 [INF] GET /api/v1/profile responded 200 in 30ms (user: anonymous)
2026-08-23 01:47:25.725 +04:00 [INF] GET /api/v1/favorites responded 200 in 2ms (user: anonymous)
2026-08-23 01:47:25.728 +04:00 [INF] GET /api/v1/stories responded 200 in 1ms (user: anonymous)
2026-08-23 01:47:25.732 +04:00 [INF] GET /api/v1/profile responded 200 in 5ms (user: anonymous)
2026-08-23 01:47:34.345 +04:00 [INF] OPTIONS /api/v1/profile responded 204 in 0ms (user: anonymous)
2026-08-23 01:47:34.345 +04:00 [INF] OPTIONS /api/v1/stories/ff71137a-c796-499b-9a8e-5cc111b19174 responded 204 in 0ms (user: anonymous)
2026-08-23 01:47:34.345 +04:00 [INF] OPTIONS /api/v1/favorites responded 204 in 0ms (user: anonymous)
2026-08-23 01:47:34.345 +04:00 [INF] OPTIONS /api/v1/profile responded 204 in 0ms (user: anonymous)
2026-08-23 01:47:34.345 +04:00 [INF] OPTIONS /api/v1/favorites responded 204 in 0ms (user: anonymous)
2026-08-23 01:47:34.345 +04:00 [INF] OPTIONS /api/v1/stories/ff71137a-c796-499b-9a8e-5cc111b19174 responded 204 in 0ms (user: anonymous)
2026-08-23 01:47:34.357 +04:00 [INF] GET /api/v1/profile responded 200 in 6ms (user: anonymous)
2026-08-23 01:47:34.359 +04:00 [INF] GET /api/v1/favorites responded 200 in 1ms (user: anonymous)
2026-08-23 01:47:34.362 +04:00 [INF] GET /api/v1/profile responded 200 in 2ms (user: anonymous)
2026-08-23 01:47:34.363 +04:00 [INF] GET /api/v1/favorites responded 200 in 1ms (user: anonymous)
2026-08-23 01:47:34.372 +04:00 [INF] GET /api/v1/stories/ff71137a-c796-499b-9a8e-5cc111b19174 responded 200 in 18ms (user: anonymous)
2026-08-23 01:47:34.379 +04:00 [INF] GET /api/v1/stories/ff71137a-c796-499b-9a8e-5cc111b19174 responded 200 in 5ms (user: anonymous)
2026-08-23 01:47:35.610 +04:00 [INF] OPTIONS /api/v1/story-categories responded 204 in 0ms (user: anonymous)
2026-08-23 01:47:35.610 +04:00 [INF] OPTIONS /api/v1/stories responded 204 in 0ms (user: anonymous)
2026-08-23 01:47:35.610 +04:00 [INF] OPTIONS /api/v1/stories responded 204 in 0ms (user: anonymous)
2026-08-23 01:47:35.610 +04:00 [INF] OPTIONS /api/v1/story-categories responded 204 in 0ms (user: anonymous)
2026-08-23 01:47:35.612 +04:00 [INF] GET /api/v1/favorites responded 200 in 1ms (user: anonymous)
2026-08-23 01:47:35.614 +04:00 [INF] GET /api/v1/profile responded 200 in 3ms (user: anonymous)
2026-08-23 01:47:35.614 +04:00 [INF] GET /api/v1/story-categories responded 200 in 0ms (user: anonymous)
2026-08-23 01:47:35.616 +04:00 [INF] GET /api/v1/favorites responded 200 in 2ms (user: anonymous)
2026-08-23 01:47:35.616 +04:00 [INF] GET /api/v1/stories responded 200 in 0ms (user: anonymous)
2026-08-23 01:47:35.618 +04:00 [INF] GET /api/v1/profile responded 200 in 3ms (user: anonymous)
2026-08-23 01:47:35.619 +04:00 [INF] GET /api/v1/stories responded 200 in 0ms (user: anonymous)
2026-08-23 01:47:35.622 +04:00 [INF] GET /api/v1/story-categories responded 200 in 0ms (user: anonymous)
2026-08-23 01:51:05.744 +04:00 [INF] OPTIONS /api/v1/favorites responded 204 in 0ms (user: anonymous)
2026-08-23 01:51:05.744 +04:00 [INF] OPTIONS /api/v1/profile responded 204 in 0ms (user: anonymous)
2026-08-23 01:51:05.744 +04:00 [INF] OPTIONS /api/v1/favorites responded 204 in 0ms (user: anonymous)
2026-08-23 01:51:05.745 +04:00 [INF] OPTIONS /api/v1/stories responded 204 in 0ms (user: anonymous)
2026-08-23 01:51:05.745 +04:00 [INF] OPTIONS /api/v1/story-categories responded 204 in 0ms (user: anonymous)
2026-08-23 01:51:05.745 +04:00 [INF] OPTIONS /api/v1/profile responded 204 in 0ms (user: anonymous)
2026-08-23 01:51:05.746 +04:00 [INF] OPTIONS /api/v1/story-categories responded 204 in 0ms (user: anonymous)
2026-08-23 01:51:05.746 +04:00 [INF] OPTIONS /api/v1/stories responded 204 in 0ms (user: anonymous)
2026-08-23 01:51:05.757 +04:00 [INF] GET /api/v1/favorites responded 200 in 6ms (user: anonymous)
2026-08-23 01:51:05.759 +04:00 [INF] GET /api/v1/favorites responded 200 in 1ms (user: anonymous)
2026-08-23 01:51:05.760 +04:00 [INF] GET /api/v1/story-categories responded 200 in 0ms (user: anonymous)
2026-08-23 01:51:05.764 +04:00 [INF] GET /api/v1/profile responded 200 in 11ms (user: anonymous)
2026-08-23 01:51:05.765 +04:00 [INF] GET /api/v1/story-categories responded 200 in 0ms (user: anonymous)
2026-08-23 01:51:05.768 +04:00 [INF] GET /api/v1/stories responded 200 in 11ms (user: anonymous)
2026-08-23 01:51:05.769 +04:00 [INF] GET /api/v1/profile responded 200 in 3ms (user: anonymous)
2026-08-23 01:51:05.770 +04:00 [INF] GET /api/v1/stories responded 200 in 0ms (user: anonymous)
2026-08-23 01:51:14.352 +04:00 [INF] OPTIONS /api/v1/profile responded 204 in 0ms (user: anonymous)
2026-08-23 01:51:14.352 +04:00 [INF] OPTIONS /api/v1/stories responded 204 in 0ms (user: anonymous)
2026-08-23 01:51:14.352 +04:00 [INF] OPTIONS /api/v1/story-categories responded 204 in 0ms (user: anonymous)
2026-08-23 01:51:14.352 +04:00 [INF] OPTIONS /api/v1/favorites responded 204 in 0ms (user: anonymous)
2026-08-23 01:51:14.361 +04:00 [INF] GET /api/v1/profile responded 200 in 2ms (user: anonymous)
2026-08-23 01:51:14.362 +04:00 [INF] GET /api/v1/stories responded 200 in 0ms (user: anonymous)
2026-08-23 01:51:14.365 +04:00 [INF] GET /api/v1/story-categories responded 200 in 0ms (user: anonymous)
2026-08-23 01:51:14.368 +04:00 [INF] GET /api/v1/favorites responded 200 in 1ms (user: anonymous)
2026-08-23 01:53:31.638 +04:00 [WRN] Entity 'Story' has a global query filter defined and is the required end of a relationship with the entity 'Chapter'. This may lead to unexpected results when the required entity is filtered out. Either configure the navigation as optional, or define matching query filters for both entities in the navigation. See https://go.microsoft.com/fwlink/?linkid=2131316 for more information.
2026-08-23 01:53:31.673 +04:00 [WRN] Entity 'Story' has a global query filter defined and is the required end of a relationship with the entity 'DailyStoryReadLog'. This may lead to unexpected results when the required entity is filtered out. Either configure the navigation as optional, or define matching query filters for both entities in the navigation. See https://go.microsoft.com/fwlink/?linkid=2131316 for more information.
2026-08-23 01:53:31.680 +04:00 [WRN] Entity 'Story' has a global query filter defined and is the required end of a relationship with the entity 'FavoriteStory'. This may lead to unexpected results when the required entity is filtered out. Either configure the navigation as optional, or define matching query filters for both entities in the navigation. See https://go.microsoft.com/fwlink/?linkid=2131316 for more information.
2026-08-23 01:53:31.681 +04:00 [WRN] Entity 'Story' has a global query filter defined and is the required end of a relationship with the entity 'QuizAttempt'. This may lead to unexpected results when the required entity is filtered out. Either configure the navigation as optional, or define matching query filters for both entities in the navigation. See https://go.microsoft.com/fwlink/?linkid=2131316 for more information.
2026-08-23 01:53:31.684 +04:00 [WRN] Entity 'Story' has a global query filter defined and is the required end of a relationship with the entity 'ReadingHistory'. This may lead to unexpected results when the required entity is filtered out. Either configure the navigation as optional, or define matching query filters for both entities in the navigation. See https://go.microsoft.com/fwlink/?linkid=2131316 for more information.
2026-08-23 01:53:31.686 +04:00 [WRN] Entity 'Story' has a global query filter defined and is the required end of a relationship with the entity 'RemainingCorrectCounter'. This may lead to unexpected results when the required entity is filtered out. Either configure the navigation as optional, or define matching query filters for both entities in the navigation. See https://go.microsoft.com/fwlink/?linkid=2131316 for more information.
2026-08-23 01:53:31.688 +04:00 [WRN] Entity 'Story' has a global query filter defined and is the required end of a relationship with the entity 'Review'. This may lead to unexpected results when the required entity is filtered out. Either configure the navigation as optional, or define matching query filters for both entities in the navigation. See https://go.microsoft.com/fwlink/?linkid=2131316 for more information.
2026-08-23 01:53:31.691 +04:00 [WRN] Entity 'Story' has a global query filter defined and is the required end of a relationship with the entity 'UserProgress'. This may lead to unexpected results when the required entity is filtered out. Either configure the navigation as optional, or define matching query filters for both entities in the navigation. See https://go.microsoft.com/fwlink/?linkid=2131316 for more information.
2026-08-23 01:53:32.367 +04:00 [INF] Database seeding completed successfully.
2026-08-23 01:53:38.031 +04:00 [INF] OPTIONS /api/v1/auth/refresh-token responded 204 in 4ms (user: anonymous)
2026-08-23 01:53:38.300 +04:00 [INF] POST /api/v1/auth/refresh-token responded 200 in 252ms (user: anonymous)
2026-08-23 01:53:38.308 +04:00 [INF] OPTIONS /api/v1/profile responded 204 in 1ms (user: anonymous)
2026-08-23 01:53:38.308 +04:00 [INF] OPTIONS /api/v1/profile responded 204 in 1ms (user: anonymous)
2026-08-23 01:53:38.308 +04:00 [INF] OPTIONS /api/v1/stories/7f84cf4f-c6b0-4676-a378-53fdb100f1aa responded 204 in 1ms (user: anonymous)
2026-08-23 01:53:38.308 +04:00 [INF] OPTIONS /api/v1/favorites responded 204 in 1ms (user: anonymous)
2026-08-23 01:53:38.308 +04:00 [INF] OPTIONS /api/v1/favorites responded 204 in 1ms (user: anonymous)
2026-08-23 01:53:38.308 +04:00 [INF] OPTIONS /api/v1/stories/7f84cf4f-c6b0-4676-a378-53fdb100f1aa responded 204 in 0ms (user: anonymous)
2026-08-23 01:53:38.522 +04:00 [INF] GET /api/v1/favorites responded 200 in 201ms (user: anonymous)
2026-08-23 01:53:38.534 +04:00 [INF] GET /api/v1/favorites responded 200 in 8ms (user: anonymous)
2026-08-23 01:53:38.587 +04:00 [INF] GET /api/v1/profile responded 200 in 274ms (user: anonymous)
2026-08-23 01:53:38.597 +04:00 [INF] GET /api/v1/profile responded 200 in 8ms (user: anonymous)
2026-08-23 01:53:38.615 +04:00 [INF] GET /api/v1/stories/7f84cf4f-c6b0-4676-a378-53fdb100f1aa responded 200 in 295ms (user: anonymous)
2026-08-23 01:53:38.623 +04:00 [INF] GET /api/v1/stories/7f84cf4f-c6b0-4676-a378-53fdb100f1aa responded 200 in 6ms (user: anonymous)
2026-08-23 01:53:40.419 +04:00 [INF] OPTIONS /api/v1/story-categories responded 204 in 0ms (user: anonymous)
2026-08-23 01:53:40.419 +04:00 [INF] OPTIONS /api/v1/stories responded 204 in 0ms (user: anonymous)
2026-08-23 01:53:40.419 +04:00 [INF] OPTIONS /api/v1/story-categories responded 204 in 0ms (user: anonymous)
2026-08-23 01:53:40.419 +04:00 [INF] OPTIONS /api/v1/stories responded 204 in 0ms (user: anonymous)
2026-08-23 01:53:40.425 +04:00 [INF] GET /api/v1/favorites responded 200 in 5ms (user: anonymous)
2026-08-23 01:53:40.430 +04:00 [INF] GET /api/v1/profile responded 200 in 10ms (user: anonymous)
2026-08-23 01:53:40.434 +04:00 [INF] GET /api/v1/favorites responded 200 in 6ms (user: anonymous)
2026-08-23 01:53:40.444 +04:00 [INF] GET /api/v1/profile responded 200 in 12ms (user: anonymous)
2026-08-23 01:53:40.498 +04:00 [WRN] Compiling a query which loads related collections for more than one collection navigation, either via 'Include' or through projection, but no 'QuerySplittingBehavior' has been configured. By default, Entity Framework will use 'QuerySplittingBehavior.SingleQuery', which can potentially result in slow query performance. See https://go.microsoft.com/fwlink/?linkid=2134277 for more information. To identify the query that's triggering this warning call 'ConfigureWarnings(w => w.Throw(RelationalEventId.MultipleCollectionIncludeWarning))'.
2026-08-23 01:53:40.505 +04:00 [INF] GET /api/v1/story-categories responded 200 in 76ms (user: anonymous)
2026-08-23 01:53:40.509 +04:00 [INF] GET /api/v1/story-categories responded 200 in 1ms (user: anonymous)
2026-08-23 01:53:40.519 +04:00 [INF] GET /api/v1/stories responded 200 in 88ms (user: anonymous)
2026-08-23 01:53:40.522 +04:00 [INF] GET /api/v1/stories responded 200 in 0ms (user: anonymous)
2026-08-23 01:53:41.804 +04:00 [INF] OPTIONS /api/v1/stories/3feed0f4-142f-4a75-8b22-4aa5da1b55cd responded 204 in 0ms (user: anonymous)
2026-08-23 01:53:41.804 +04:00 [INF] OPTIONS /api/v1/stories/3feed0f4-142f-4a75-8b22-4aa5da1b55cd responded 204 in 0ms (user: anonymous)
2026-08-23 01:53:41.808 +04:00 [INF] GET /api/v1/favorites responded 200 in 3ms (user: anonymous)
2026-08-23 01:53:41.811 +04:00 [INF] GET /api/v1/profile responded 200 in 6ms (user: anonymous)
2026-08-23 01:53:41.815 +04:00 [INF] GET /api/v1/favorites responded 200 in 3ms (user: anonymous)
2026-08-23 01:53:41.817 +04:00 [INF] GET /api/v1/profile responded 200 in 5ms (user: anonymous)
2026-08-23 01:53:41.821 +04:00 [INF] GET /api/v1/stories/3feed0f4-142f-4a75-8b22-4aa5da1b55cd responded 200 in 9ms (user: anonymous)
2026-08-23 01:53:41.829 +04:00 [INF] GET /api/v1/stories/3feed0f4-142f-4a75-8b22-4aa5da1b55cd responded 200 in 6ms (user: anonymous)
2026-08-23 01:53:43.071 +04:00 [INF] GET /api/v1/favorites responded 200 in 3ms (user: anonymous)
2026-08-23 01:53:43.072 +04:00 [INF] GET /api/v1/stories/3feed0f4-142f-4a75-8b22-4aa5da1b55cd responded 200 in 4ms (user: anonymous)
2026-08-23 01:53:43.072 +04:00 [INF] GET /api/v1/profile responded 200 in 4ms (user: anonymous)
2026-08-23 01:53:43.075 +04:00 [INF] GET /api/v1/favorites responded 200 in 2ms (user: anonymous)
2026-08-23 01:53:43.079 +04:00 [INF] GET /api/v1/profile responded 200 in 5ms (user: anonymous)
2026-08-23 01:53:43.079 +04:00 [INF] GET /api/v1/stories/3feed0f4-142f-4a75-8b22-4aa5da1b55cd responded 200 in 5ms (user: anonymous)
2026-08-23 01:53:43.088 +04:00 [INF] GET /api/v1/profile responded 200 in 7ms (user: anonymous)
2026-08-23 01:53:43.088 +04:00 [INF] GET /api/v1/profile responded 200 in 7ms (user: anonymous)
2026-08-23 01:53:43.090 +04:00 [INF] OPTIONS /api/v1/progress responded 204 in 0ms (user: anonymous)
2026-08-23 01:53:43.162 +04:00 [INF] POST /api/v1/progress responded 200 in 45ms (user: anonymous)
2026-08-23 01:53:43.162 +04:00 [INF] POST /api/v1/progress responded 200 in 47ms (user: anonymous)
2026-08-23 01:53:43.162 +04:00 [INF] POST /api/v1/progress responded 200 in 62ms (user: anonymous)
2026-08-23 01:53:43.162 +04:00 [INF] POST /api/v1/progress responded 200 in 31ms (user: anonymous)
2026-08-23 01:53:43.167 +04:00 [INF] OPTIONS /api/v1/progress/reading-history responded 204 in 0ms (user: anonymous)
2026-08-23 01:53:43.169 +04:00 [INF] OPTIONS /api/v1/progress/reading-history responded 204 in 0ms (user: anonymous)
2026-08-23 01:53:43.171 +04:00 [INF] OPTIONS /api/v1/progress/reading-history responded 204 in 0ms (user: anonymous)
2026-08-23 01:53:43.173 +04:00 [INF] OPTIONS /api/v1/progress/reading-history responded 204 in 0ms (user: anonymous)
2026-08-23 01:53:43.207 +04:00 [INF] POST /api/v1/progress/reading-history responded 200 in 25ms (user: anonymous)
2026-08-23 01:53:43.207 +04:00 [INF] POST /api/v1/progress/reading-history responded 200 in 27ms (user: anonymous)
2026-08-23 01:53:43.207 +04:00 [INF] POST /api/v1/progress/reading-history responded 200 in 32ms (user: anonymous)
2026-08-23 01:53:43.207 +04:00 [INF] POST /api/v1/progress/reading-history responded 200 in 29ms (user: anonymous)
2026-08-23 01:53:43.212 +04:00 [INF] OPTIONS /api/v1/progress/streak responded 204 in 0ms (user: anonymous)
2026-08-23 01:53:43.214 +04:00 [INF] OPTIONS /api/v1/progress/streak responded 204 in 0ms (user: anonymous)
2026-08-23 01:53:43.217 +04:00 [INF] OPTIONS /api/v1/progress/streak responded 204 in 0ms (user: anonymous)
2026-08-23 01:53:43.219 +04:00 [INF] OPTIONS /api/v1/progress/streak responded 204 in 0ms (user: anonymous)
2026-08-23 01:53:43.237 +04:00 [INF] GET /api/v1/progress/streak responded 200 in 16ms (user: anonymous)
2026-08-23 01:53:43.243 +04:00 [INF] GET /api/v1/progress/streak responded 200 in 4ms (user: anonymous)
2026-08-23 01:53:43.249 +04:00 [INF] GET /api/v1/progress/streak responded 200 in 3ms (user: anonymous)
2026-08-23 01:53:43.252 +04:00 [INF] GET /api/v1/progress/streak responded 200 in 2ms (user: anonymous)
2026-08-23 01:53:47.405 +04:00 [INF] OPTIONS /api/v1/quizzes/story/3feed0f4-142f-4a75-8b22-4aa5da1b55cd responded 204 in 0ms (user: anonymous)
2026-08-23 01:53:50.767 +04:00 [ERR] AI provider call failed for feature "QuizGeneration"
System.Threading.Tasks.TaskCanceledException: The operation was canceled.
 ---> System.Threading.Tasks.TaskCanceledException: The operation was canceled.
 ---> System.IO.IOException: Unable to read data from the transport connection: The I/O operation has been aborted because of either a thread exit or an application request..
 ---> System.Net.Sockets.SocketException (995): The I/O operation has been aborted because of either a thread exit or an application request.
   --- End of inner exception stack trace ---
   at System.Net.Sockets.Socket.AwaitableSocketAsyncEventArgs.ThrowException(SocketError error, CancellationToken cancellationToken)
   at System.Net.Sockets.Socket.AwaitableSocketAsyncEventArgs.System.Threading.Tasks.Sources.IValueTaskSource<System.Int32>.GetResult(Int16 token)
   at System.Net.Security.SslStream.EnsureFullTlsFrameAsync[TIOAdapter](CancellationToken cancellationToken, Int32 estimatedSize)
   at System.Runtime.CompilerServices.PoolingAsyncValueTaskMethodBuilder`1.StateMachineBox`1.System.Threading.Tasks.Sources.IValueTaskSource<TResult>.GetResult(Int16 token)
   at System.Net.Security.SslStream.ReadAsyncInternal[TIOAdapter](Memory`1 buffer, CancellationToken cancellationToken)
   at System.Runtime.CompilerServices.PoolingAsyncValueTaskMethodBuilder`1.StateMachineBox`1.System.Threading.Tasks.Sources.IValueTaskSource<TResult>.GetResult(Int16 token)
   at System.Net.Http.HttpConnection.FillAsync(Boolean async)
   at System.Net.Http.HttpConnection.ChunkedEncodingReadStream.CopyToAsyncCore(Stream destination, CancellationToken cancellationToken)
   --- End of inner exception stack trace ---
   at System.Net.Http.HttpConnection.ChunkedEncodingReadStream.CopyToAsyncCore(Stream destination, CancellationToken cancellationToken)
   at System.Net.Http.HttpConnectionResponseContent.<SerializeToStreamAsync>g__Impl|6_0(Stream stream, CancellationToken cancellationToken)
   at System.Net.Http.HttpContent.LoadIntoBufferAsyncCore(Task serializeToStreamTask, MemoryStream tempBuffer)
   at System.Net.Http.HttpClient.<SendAsync>g__Core|83_0(HttpRequestMessage request, HttpCompletionOption completionOption, CancellationTokenSource cts, Boolean disposeCts, CancellationTokenSource pendingRequestsCts, CancellationToken originalCancellationToken)
   --- End of inner exception stack trace ---
   at System.Net.Http.HttpClient.HandleFailure(Exception e, Boolean telemetryStarted, HttpResponseMessage response, CancellationTokenSource cts, CancellationToken cancellationToken, CancellationTokenSource pendingRequestsCts)
   at System.Net.Http.HttpClient.<SendAsync>g__Core|83_0(HttpRequestMessage request, HttpCompletionOption completionOption, CancellationTokenSource cts, Boolean disposeCts, CancellationTokenSource pendingRequestsCts, CancellationToken originalCancellationToken)
   at EnglishLearningPlatform.Infrastructure.AI.AIProviderClient.CompleteAsync(AIFeatureType featureType, String prompt, CancellationToken cancellationToken) in C:\Users\Ravan999\Desktop\Aygun-Final\Final-Project-ReadLingo-Back\EnglishLearningPlatform.Infrastructure\AI\AIProviderClient .cs:line 63
2026-08-23 01:53:50.821 +04:00 [INF] GET /api/v1/quizzes/story/3feed0f4-142f-4a75-8b22-4aa5da1b55cd responded 200 in 3410ms (user: anonymous)
2026-08-23 01:53:50.923 +04:00 [INF] OPTIONS /api/v1/favorites responded 204 in 0ms (user: anonymous)
2026-08-23 01:53:50.923 +04:00 [INF] OPTIONS /api/v1/stories/3feed0f4-142f-4a75-8b22-4aa5da1b55cd responded 204 in 0ms (user: anonymous)
2026-08-23 01:53:50.923 +04:00 [INF] OPTIONS /api/v1/profile responded 204 in 0ms (user: anonymous)
2026-08-23 01:53:50.923 +04:00 [INF] OPTIONS /api/v1/profile responded 204 in 0ms (user: anonymous)
2026-08-23 01:53:50.924 +04:00 [INF] OPTIONS /api/v1/profile responded 204 in 0ms (user: anonymous)
2026-08-23 01:53:50.924 +04:00 [INF] OPTIONS /api/v1/profile responded 204 in 0ms (user: anonymous)
2026-08-23 01:53:50.924 +04:00 [INF] OPTIONS /api/v1/favorites responded 204 in 0ms (user: anonymous)
2026-08-23 01:53:50.924 +04:00 [INF] OPTIONS /api/v1/stories/3feed0f4-142f-4a75-8b22-4aa5da1b55cd responded 204 in 0ms (user: anonymous)
2026-08-23 01:53:50.939 +04:00 [INF] GET /api/v1/favorites responded 200 in 8ms (user: anonymous)
2026-08-23 01:53:50.950 +04:00 [INF] GET /api/v1/favorites responded 200 in 3ms (user: anonymous)
2026-08-23 01:53:50.956 +04:00 [INF] GET /api/v1/stories/3feed0f4-142f-4a75-8b22-4aa5da1b55cd responded 200 in 24ms (user: anonymous)
2026-08-23 01:53:50.957 +04:00 [INF] GET /api/v1/profile responded 200 in 22ms (user: anonymous)
2026-08-23 01:53:50.964 +04:00 [INF] GET /api/v1/stories/3feed0f4-142f-4a75-8b22-4aa5da1b55cd responded 200 in 6ms (user: anonymous)
2026-08-23 01:53:50.964 +04:00 [INF] GET /api/v1/profile responded 200 in 6ms (user: anonymous)
2026-08-23 01:53:50.970 +04:00 [INF] GET /api/v1/profile responded 200 in 3ms (user: anonymous)
2026-08-23 01:53:50.971 +04:00 [INF] OPTIONS /api/v1/progress responded 204 in 0ms (user: anonymous)
2026-08-23 01:53:50.975 +04:00 [INF] GET /api/v1/profile responded 200 in 3ms (user: anonymous)
2026-08-23 01:53:50.991 +04:00 [INF] POST /api/v1/progress responded 200 in 11ms (user: anonymous)
2026-08-23 01:53:51.003 +04:00 [INF] POST /api/v1/progress responded 200 in 3ms (user: anonymous)
2026-08-23 01:53:51.008 +04:00 [INF] POST /api/v1/progress responded 200 in 3ms (user: anonymous)
2026-08-23 01:53:51.016 +04:00 [INF] OPTIONS /api/v1/progress/reading-history responded 204 in 0ms (user: anonymous)
2026-08-23 01:53:51.022 +04:00 [INF] OPTIONS /api/v1/progress/reading-history responded 204 in 0ms (user: anonymous)
2026-08-23 01:53:51.023 +04:00 [INF] POST /api/v1/progress responded 200 in 6ms (user: anonymous)
2026-08-23 01:53:51.037 +04:00 [INF] POST /api/v1/progress/reading-history responded 200 in 15ms (user: anonymous)
2026-08-23 01:53:51.037 +04:00 [INF] POST /api/v1/progress/reading-history responded 200 in 15ms (user: anonymous)
2026-08-23 01:53:51.038 +04:00 [INF] POST /api/v1/progress/reading-history responded 200 in 7ms (user: anonymous)
2026-08-23 01:53:51.038 +04:00 [INF] POST /api/v1/progress/reading-history responded 200 in 2ms (user: anonymous)
2026-08-23 01:53:51.041 +04:00 [INF] OPTIONS /api/v1/progress/streak responded 204 in 0ms (user: anonymous)
2026-08-23 01:53:51.045 +04:00 [INF] OPTIONS /api/v1/progress/streak responded 204 in 0ms (user: anonymous)
2026-08-23 01:53:51.048 +04:00 [INF] OPTIONS /api/v1/progress/streak responded 204 in 0ms (user: anonymous)
2026-08-23 01:53:51.049 +04:00 [INF] OPTIONS /api/v1/progress/streak responded 204 in 0ms (user: anonymous)
2026-08-23 01:53:51.057 +04:00 [INF] GET /api/v1/progress/streak responded 200 in 6ms (user: anonymous)
2026-08-23 01:53:51.066 +04:00 [INF] GET /api/v1/progress/streak responded 200 in 5ms (user: anonymous)
2026-08-23 01:53:51.069 +04:00 [INF] GET /api/v1/progress/streak responded 200 in 3ms (user: anonymous)
2026-08-23 01:53:51.072 +04:00 [INF] GET /api/v1/progress/streak responded 200 in 2ms (user: anonymous)
2026-08-23 01:53:52.432 +04:00 [INF] OPTIONS /api/v1/quizzes/story/3feed0f4-142f-4a75-8b22-4aa5da1b55cd responded 204 in 0ms (user: anonymous)
2026-08-23 01:53:55.752 +04:00 [INF] GET /api/v1/quizzes/story/3feed0f4-142f-4a75-8b22-4aa5da1b55cd responded 200 in 3518ms (user: anonymous)
2026-08-23 01:53:58.839 +04:00 [INF] GET /api/v1/quizzes/story/3feed0f4-142f-4a75-8b22-4aa5da1b55cd responded 200 in 3083ms (user: anonymous)
2026-08-23 01:54:02.746 +04:00 [INF] GET /api/v1/quizzes/story/3feed0f4-142f-4a75-8b22-4aa5da1b55cd responded 200 in 3904ms (user: anonymous)
2026-08-23 01:54:05.238 +04:00 [INF] OPTIONS /api/v1/profile responded 204 in 0ms (user: anonymous)
2026-08-23 01:54:05.238 +04:00 [INF] OPTIONS /api/v1/profile responded 204 in 0ms (user: anonymous)
2026-08-23 01:54:05.265 +04:00 [INF] PUT /api/v1/profile responded 200 in 19ms (user: anonymous)
2026-08-23 01:54:05.272 +04:00 [INF] PUT /api/v1/profile responded 200 in 4ms (user: anonymous)
2026-08-23 01:54:05.287 +04:00 [INF] GET /api/v1/profile responded 200 in 14ms (user: anonymous)
2026-08-23 01:54:05.291 +04:00 [INF] GET /api/v1/profile responded 200 in 2ms (user: anonymous)
2026-08-23 01:54:06.342 +04:00 [INF] GET /api/v1/quizzes/story/3feed0f4-142f-4a75-8b22-4aa5da1b55cd responded 200 in 3594ms (user: anonymous)
2026-08-23 01:54:10.229 +04:00 [INF] GET /api/v1/quizzes/story/3feed0f4-142f-4a75-8b22-4aa5da1b55cd responded 200 in 3885ms (user: anonymous)
2026-08-23 01:54:13.830 +04:00 [INF] GET /api/v1/quizzes/story/3feed0f4-142f-4a75-8b22-4aa5da1b55cd responded 200 in 3598ms (user: anonymous)
2026-08-23 01:54:17.283 +04:00 [INF] GET /api/v1/quizzes/story/3feed0f4-142f-4a75-8b22-4aa5da1b55cd responded 200 in 3452ms (user: anonymous)
2026-08-23 01:54:18.914 +04:00 [INF] GET /api/v1/quizzes/story/3feed0f4-142f-4a75-8b22-4aa5da1b55cd responded 200 in 3805ms (user: anonymous)
2026-08-23 01:54:19.023 +04:00 [INF] GET /api/v1/quizzes/story/3feed0f4-142f-4a75-8b22-4aa5da1b55cd responded 200 in 3696ms (user: anonymous)
2026-08-23 01:54:19.486 +04:00 [INF] GET /api/v1/quizzes/story/3feed0f4-142f-4a75-8b22-4aa5da1b55cd responded 200 in 3942ms (user: anonymous)
2026-08-23 01:54:23.455 +04:00 [INF] OPTIONS /api/v1/profile responded 204 in 0ms (user: anonymous)
2026-08-23 01:54:23.455 +04:00 [INF] OPTIONS /api/v1/profile responded 204 in 0ms (user: anonymous)
2026-08-23 01:54:23.466 +04:00 [INF] PUT /api/v1/profile responded 200 in 3ms (user: anonymous)
2026-08-23 01:54:23.470 +04:00 [INF] PUT /api/v1/profile responded 200 in 2ms (user: anonymous)
2026-08-23 01:54:23.474 +04:00 [INF] GET /api/v1/profile responded 200 in 3ms (user: anonymous)
2026-08-23 01:54:23.481 +04:00 [INF] GET /api/v1/profile responded 200 in 4ms (user: anonymous)
2026-08-23 01:54:35.656 +04:00 [INF] OPTIONS /api/v1/profile responded 204 in 0ms (user: anonymous)
2026-08-23 01:54:35.656 +04:00 [INF] OPTIONS /api/v1/profile responded 204 in 0ms (user: anonymous)
2026-08-23 01:54:35.666 +04:00 [INF] PUT /api/v1/profile responded 200 in 3ms (user: anonymous)
2026-08-23 01:54:35.669 +04:00 [INF] PUT /api/v1/profile responded 200 in 2ms (user: anonymous)
2026-08-23 01:54:35.672 +04:00 [INF] GET /api/v1/profile responded 200 in 2ms (user: anonymous)
2026-08-23 01:54:35.678 +04:00 [INF] GET /api/v1/profile responded 200 in 5ms (user: anonymous)
2026-08-23 01:54:43.418 +04:00 [INF] OPTIONS /api/v1/quizzes/record-result responded 204 in 0ms (user: anonymous)
2026-08-23 01:54:43.466 +04:00 [INF] POST /api/v1/quizzes/record-result responded 200 in 39ms (user: anonymous)
2026-08-23 01:56:01.579 +04:00 [INF] OPTIONS /api/v1/stories/3feed0f4-142f-4a75-8b22-4aa5da1b55cd responded 204 in 0ms (user: anonymous)
2026-08-23 01:56:01.579 +04:00 [INF] OPTIONS /api/v1/profile responded 204 in 0ms (user: anonymous)
2026-08-23 01:56:01.579 +04:00 [INF] OPTIONS /api/v1/progress responded 204 in 0ms (user: anonymous)
2026-08-23 01:56:01.579 +04:00 [INF] OPTIONS /api/v1/favorites responded 204 in 0ms (user: anonymous)
2026-08-23 01:56:01.596 +04:00 [INF] GET /api/v1/stories/3feed0f4-142f-4a75-8b22-4aa5da1b55cd responded 200 in 12ms (user: anonymous)
2026-08-23 01:56:01.596 +04:00 [INF] GET /api/v1/favorites responded 200 in 5ms (user: anonymous)
2026-08-23 01:56:01.600 +04:00 [INF] POST /api/v1/progress responded 200 in 12ms (user: anonymous)
2026-08-23 01:56:01.600 +04:00 [INF] GET /api/v1/profile responded 200 in 14ms (user: anonymous)
2026-08-23 01:56:01.605 +04:00 [INF] OPTIONS /api/v1/progress/reading-history responded 204 in 0ms (user: anonymous)
2026-08-23 01:56:01.611 +04:00 [INF] POST /api/v1/progress responded 200 in 3ms (user: anonymous)
2026-08-23 01:56:01.615 +04:00 [INF] POST /api/v1/progress/reading-history responded 200 in 4ms (user: anonymous)
2026-08-23 01:56:01.617 +04:00 [INF] POST /api/v1/progress/reading-history responded 200 in 1ms (user: anonymous)
2026-08-23 01:56:01.617 +04:00 [INF] POST /api/v1/progress responded 200 in 2ms (user: anonymous)
2026-08-23 01:56:01.619 +04:00 [INF] OPTIONS /api/v1/progress/streak responded 204 in 0ms (user: anonymous)
2026-08-23 01:56:01.621 +04:00 [INF] OPTIONS /api/v1/progress/streak responded 204 in 0ms (user: anonymous)
2026-08-23 01:56:01.626 +04:00 [INF] POST /api/v1/progress/reading-history responded 200 in 1ms (user: anonymous)
2026-08-23 01:56:01.630 +04:00 [INF] GET /api/v1/progress/streak responded 200 in 5ms (user: anonymous)
2026-08-23 01:56:01.633 +04:00 [INF] GET /api/v1/progress/streak responded 200 in 1ms (user: anonymous)
2026-08-23 01:56:01.636 +04:00 [INF] GET /api/v1/progress/streak responded 200 in 1ms (user: anonymous)
2026-08-23 01:56:15.176 +04:00 [INF] OPTIONS /api/v1/stories/3feed0f4-142f-4a75-8b22-4aa5da1b55cd responded 204 in 0ms (user: anonymous)
2026-08-23 01:56:15.176 +04:00 [INF] OPTIONS /api/v1/progress responded 204 in 0ms (user: anonymous)
2026-08-23 01:56:15.176 +04:00 [INF] OPTIONS /api/v1/favorites responded 204 in 0ms (user: anonymous)
2026-08-23 01:56:15.176 +04:00 [INF] OPTIONS /api/v1/profile responded 204 in 0ms (user: anonymous)
2026-08-23 01:56:15.192 +04:00 [INF] GET /api/v1/favorites responded 200 in 4ms (user: anonymous)
2026-08-23 01:56:15.194 +04:00 [INF] GET /api/v1/stories/3feed0f4-142f-4a75-8b22-4aa5da1b55cd responded 200 in 14ms (user: anonymous)
2026-08-23 01:56:15.196 +04:00 [INF] POST /api/v1/progress responded 200 in 13ms (user: anonymous)
2026-08-23 01:56:15.201 +04:00 [INF] GET /api/v1/profile responded 200 in 14ms (user: anonymous)
2026-08-23 01:56:15.202 +04:00 [INF] OPTIONS /api/v1/progress/reading-history responded 204 in 0ms (user: anonymous)
2026-08-23 01:56:15.216 +04:00 [INF] POST /api/v1/progress responded 200 in 10ms (user: anonymous)
2026-08-23 01:56:15.221 +04:00 [INF] POST /api/v1/progress/reading-history responded 200 in 11ms (user: anonymous)
2026-08-23 01:56:15.227 +04:00 [INF] POST /api/v1/progress responded 200 in 7ms (user: anonymous)
2026-08-23 01:56:15.228 +04:00 [INF] OPTIONS /api/v1/progress/streak responded 204 in 0ms (user: anonymous)
2026-08-23 01:56:15.229 +04:00 [INF] POST /api/v1/progress/reading-history responded 200 in 3ms (user: anonymous)
2026-08-23 01:56:15.233 +04:00 [INF] POST /api/v1/progress/reading-history responded 200 in 1ms (user: anonymous)
2026-08-23 01:56:15.241 +04:00 [INF] GET /api/v1/progress/streak responded 200 in 8ms (user: anonymous)
2026-08-23 01:56:15.244 +04:00 [INF] GET /api/v1/progress/streak responded 200 in 2ms (user: anonymous)
2026-08-23 01:56:15.247 +04:00 [INF] GET /api/v1/progress/streak responded 200 in 1ms (user: anonymous)
2026-08-23 01:56:25.736 +04:00 [INF] OPTIONS /api/v1/progress responded 204 in 0ms (user: anonymous)
2026-08-23 01:56:25.736 +04:00 [INF] OPTIONS /api/v1/stories/3feed0f4-142f-4a75-8b22-4aa5da1b55cd responded 204 in 0ms (user: anonymous)
2026-08-23 01:56:25.736 +04:00 [INF] OPTIONS /api/v1/favorites responded 204 in 0ms (user: anonymous)
2026-08-23 01:56:25.736 +04:00 [INF] OPTIONS /api/v1/profile responded 204 in 0ms (user: anonymous)
2026-08-23 01:56:25.742 +04:00 [INF] POST /api/v1/progress responded 200 in 2ms (user: anonymous)
2026-08-23 01:56:25.745 +04:00 [INF] GET /api/v1/stories/3feed0f4-142f-4a75-8b22-4aa5da1b55cd responded 200 in 2ms (user: anonymous)
2026-08-23 01:56:25.745 +04:00 [INF] GET /api/v1/favorites responded 200 in 0ms (user: anonymous)
2026-08-23 01:56:25.749 +04:00 [INF] OPTIONS /api/v1/progress/reading-history responded 204 in 0ms (user: anonymous)
2026-08-23 01:56:25.749 +04:00 [INF] GET /api/v1/profile responded 200 in 2ms (user: anonymous)
2026-08-23 01:56:25.758 +04:00 [INF] POST /api/v1/progress/reading-history responded 200 in 2ms (user: anonymous)
2026-08-23 01:56:25.761 +04:00 [INF] POST /api/v1/progress responded 200 in 2ms (user: anonymous)
2026-08-23 01:56:25.765 +04:00 [INF] OPTIONS /api/v1/progress/streak responded 204 in 0ms (user: anonymous)
2026-08-23 01:56:25.767 +04:00 [INF] POST /api/v1/progress responded 200 in 2ms (user: anonymous)
2026-08-23 01:56:25.767 +04:00 [INF] POST /api/v1/progress/reading-history responded 200 in 1ms (user: anonymous)
2026-08-23 01:56:25.772 +04:00 [INF] GET /api/v1/progress/streak responded 200 in 3ms (user: anonymous)
2026-08-23 01:56:25.775 +04:00 [INF] POST /api/v1/progress/reading-history responded 200 in 2ms (user: anonymous)
2026-08-23 01:56:25.777 +04:00 [INF] GET /api/v1/progress/streak responded 200 in 2ms (user: anonymous)
2026-08-23 01:56:25.781 +04:00 [INF] GET /api/v1/progress/streak responded 200 in 2ms (user: anonymous)
2026-08-23 01:56:49.098 +04:00 [INF] OPTIONS /api/v1/profile responded 204 in 0ms (user: anonymous)
2026-08-23 01:56:49.098 +04:00 [INF] OPTIONS /api/v1/profile responded 204 in 0ms (user: anonymous)
2026-08-23 01:56:49.098 +04:00 [INF] OPTIONS /api/v1/favorites responded 204 in 0ms (user: anonymous)
2026-08-23 01:56:49.098 +04:00 [INF] OPTIONS /api/v1/stories/3feed0f4-142f-4a75-8b22-4aa5da1b55cd responded 204 in 0ms (user: anonymous)
2026-08-23 01:56:49.099 +04:00 [INF] OPTIONS /api/v1/stories/3feed0f4-142f-4a75-8b22-4aa5da1b55cd responded 204 in 0ms (user: anonymous)
2026-08-23 01:56:49.099 +04:00 [INF] OPTIONS /api/v1/favorites responded 204 in 0ms (user: anonymous)
2026-08-23 01:56:49.107 +04:00 [INF] GET /api/v1/profile responded 200 in 5ms (user: anonymous)
2026-08-23 01:56:49.110 +04:00 [INF] GET /api/v1/favorites responded 200 in 2ms (user: anonymous)
2026-08-23 01:56:49.113 +04:00 [INF] GET /api/v1/stories/3feed0f4-142f-4a75-8b22-4aa5da1b55cd responded 200 in 3ms (user: anonymous)
2026-08-23 01:56:49.115 +04:00 [INF] GET /api/v1/profile responded 200 in 5ms (user: anonymous)
2026-08-23 01:56:49.117 +04:00 [INF] GET /api/v1/favorites responded 200 in 2ms (user: anonymous)
2026-08-23 01:56:49.123 +04:00 [INF] GET /api/v1/stories/3feed0f4-142f-4a75-8b22-4aa5da1b55cd responded 200 in 7ms (user: anonymous)
2026-08-23 01:56:50.732 +04:00 [INF] GET /api/v1/favorites responded 200 in 1ms (user: anonymous)
2026-08-23 01:56:50.735 +04:00 [INF] GET /api/v1/stories/3feed0f4-142f-4a75-8b22-4aa5da1b55cd responded 200 in 3ms (user: anonymous)
2026-08-23 01:56:50.735 +04:00 [INF] GET /api/v1/profile responded 200 in 4ms (user: anonymous)
2026-08-23 01:56:50.737 +04:00 [INF] GET /api/v1/favorites responded 200 in 2ms (user: anonymous)
2026-08-23 01:56:50.743 +04:00 [INF] GET /api/v1/stories/3feed0f4-142f-4a75-8b22-4aa5da1b55cd responded 200 in 5ms (user: anonymous)
2026-08-23 01:56:50.750 +04:00 [INF] GET /api/v1/profile responded 200 in 2ms (user: anonymous)
2026-08-23 01:56:50.745 +04:00 [INF] GET /api/v1/profile responded 200 in 6ms (user: anonymous)
2026-08-23 01:56:50.753 +04:00 [INF] GET /api/v1/profile responded 200 in 2ms (user: anonymous)
2026-08-23 01:56:50.760 +04:00 [INF] OPTIONS /api/v1/progress responded 204 in 0ms (user: anonymous)
2026-08-23 01:56:50.760 +04:00 [INF] OPTIONS /api/v1/progress responded 204 in 0ms (user: anonymous)
2026-08-23 01:56:50.766 +04:00 [INF] POST /api/v1/progress responded 200 in 2ms (user: anonymous)
2026-08-23 01:56:50.768 +04:00 [INF] POST /api/v1/progress responded 200 in 2ms (user: anonymous)
2026-08-23 01:56:50.771 +04:00 [INF] OPTIONS /api/v1/progress/reading-history responded 204 in 0ms (user: anonymous)
2026-08-23 01:56:50.775 +04:00 [INF] POST /api/v1/progress responded 200 in 4ms (user: anonymous)
2026-08-23 01:56:50.777 +04:00 [INF] POST /api/v1/progress/reading-history responded 200 in 1ms (user: anonymous)
2026-08-23 01:56:50.783 +04:00 [INF] OPTIONS /api/v1/progress/streak responded 204 in 0ms (user: anonymous)
2026-08-23 01:56:50.786 +04:00 [INF] POST /api/v1/progress/reading-history responded 200 in 2ms (user: anonymous)
2026-08-23 01:56:50.786 +04:00 [INF] POST /api/v1/progress/reading-history responded 200 in 2ms (user: anonymous)
2026-08-23 01:56:50.793 +04:00 [INF] GET /api/v1/progress/streak responded 200 in 3ms (user: anonymous)
2026-08-23 01:56:50.798 +04:00 [INF] GET /api/v1/progress/streak responded 200 in 3ms (user: anonymous)
2026-08-23 01:56:50.803 +04:00 [INF] GET /api/v1/progress/streak responded 200 in 2ms (user: anonymous)
2026-08-23 01:56:54.344 +04:00 [INF] OPTIONS /api/v1/quizzes/story/3feed0f4-142f-4a75-8b22-4aa5da1b55cd responded 204 in 0ms (user: anonymous)
2026-08-23 01:56:57.336 +04:00 [INF] GET /api/v1/quizzes/story/3feed0f4-142f-4a75-8b22-4aa5da1b55cd responded 200 in 2985ms (user: anonymous)
2026-08-23 01:56:59.232 +04:00 [INF] OPTIONS /api/v1/favorites responded 204 in 0ms (user: anonymous)
2026-08-23 01:56:59.232 +04:00 [INF] OPTIONS /api/v1/stories/3feed0f4-142f-4a75-8b22-4aa5da1b55cd responded 204 in 0ms (user: anonymous)
2026-08-23 01:56:59.232 +04:00 [INF] OPTIONS /api/v1/profile responded 204 in 0ms (user: anonymous)
2026-08-23 01:56:59.232 +04:00 [INF] OPTIONS /api/v1/profile responded 204 in 0ms (user: anonymous)
2026-08-23 01:56:59.232 +04:00 [INF] OPTIONS /api/v1/stories/3feed0f4-142f-4a75-8b22-4aa5da1b55cd responded 204 in 0ms (user: anonymous)
2026-08-23 01:56:59.232 +04:00 [INF] OPTIONS /api/v1/favorites responded 204 in 0ms (user: anonymous)
2026-08-23 01:56:59.238 +04:00 [INF] GET /api/v1/favorites responded 200 in 2ms (user: anonymous)
2026-08-23 01:56:59.243 +04:00 [INF] GET /api/v1/stories/3feed0f4-142f-4a75-8b22-4aa5da1b55cd responded 200 in 4ms (user: anonymous)
2026-08-23 01:56:59.246 +04:00 [INF] GET /api/v1/profile responded 200 in 5ms (user: anonymous)
2026-08-23 01:56:59.253 +04:00 [INF] GET /api/v1/favorites responded 200 in 2ms (user: anonymous)
2026-08-23 01:56:59.253 +04:00 [INF] GET /api/v1/stories/3feed0f4-142f-4a75-8b22-4aa5da1b55cd responded 200 in 7ms (user: anonymous)
2026-08-23 01:56:59.257 +04:00 [INF] GET /api/v1/profile responded 200 in 8ms (user: anonymous)
2026-08-23 01:57:16.632 +04:00 [INF] OPTIONS /api/v1/stories/3feed0f4-142f-4a75-8b22-4aa5da1b55cd responded 204 in 0ms (user: anonymous)
2026-08-23 01:57:16.632 +04:00 [INF] OPTIONS /api/v1/favorites responded 204 in 0ms (user: anonymous)
2026-08-23 01:57:16.632 +04:00 [INF] OPTIONS /api/v1/profile responded 204 in 0ms (user: anonymous)
2026-08-23 01:57:16.633 +04:00 [INF] OPTIONS /api/v1/stories/3feed0f4-142f-4a75-8b22-4aa5da1b55cd responded 204 in 0ms (user: anonymous)
2026-08-23 01:57:16.633 +04:00 [INF] OPTIONS /api/v1/profile responded 204 in 0ms (user: anonymous)
2026-08-23 01:57:16.633 +04:00 [INF] OPTIONS /api/v1/profile responded 204 in 0ms (user: anonymous)
2026-08-23 01:57:16.633 +04:00 [INF] OPTIONS /api/v1/favorites responded 204 in 0ms (user: anonymous)
2026-08-23 01:57:16.633 +04:00 [INF] OPTIONS /api/v1/profile responded 204 in 0ms (user: anonymous)
2026-08-23 01:57:16.649 +04:00 [INF] GET /api/v1/favorites responded 200 in 7ms (user: anonymous)
2026-08-23 01:57:16.662 +04:00 [INF] GET /api/v1/favorites responded 200 in 3ms (user: anonymous)
2026-08-23 01:57:16.665 +04:00 [INF] GET /api/v1/stories/3feed0f4-142f-4a75-8b22-4aa5da1b55cd responded 200 in 25ms (user: anonymous)
2026-08-23 01:57:16.671 +04:00 [INF] GET /api/v1/stories/3feed0f4-142f-4a75-8b22-4aa5da1b55cd responded 200 in 4ms (user: anonymous)
2026-08-23 01:57:16.671 +04:00 [INF] GET /api/v1/profile responded 200 in 27ms (user: anonymous)
2026-08-23 01:57:16.677 +04:00 [INF] GET /api/v1/profile responded 200 in 3ms (user: anonymous)
2026-08-23 01:57:16.682 +04:00 [INF] OPTIONS /api/v1/progress responded 204 in 0ms (user: anonymous)
2026-08-23 01:57:16.683 +04:00 [INF] GET /api/v1/profile responded 200 in 4ms (user: anonymous)
2026-08-23 01:57:16.691 +04:00 [INF] GET /api/v1/profile responded 200 in 6ms (user: anonymous)
2026-08-23 01:57:16.701 +04:00 [INF] POST /api/v1/progress responded 200 in 12ms (user: anonymous)
2026-08-23 01:57:16.710 +04:00 [INF] POST /api/v1/progress responded 200 in 4ms (user: anonymous)
2026-08-23 01:57:16.712 +04:00 [INF] POST /api/v1/progress responded 200 in 2ms (user: anonymous)
2026-08-23 01:57:16.718 +04:00 [INF] OPTIONS /api/v1/progress/reading-history responded 204 in 0ms (user: anonymous)
2026-08-23 01:57:16.719 +04:00 [INF] OPTIONS /api/v1/progress/reading-history responded 204 in 0ms (user: anonymous)
2026-08-23 01:57:16.719 +04:00 [INF] OPTIONS /api/v1/progress/reading-history responded 204 in 0ms (user: anonymous)
2026-08-23 01:57:16.725 +04:00 [INF] POST /api/v1/progress responded 200 in 7ms (user: anonymous)
2026-08-23 01:57:16.731 +04:00 [INF] POST /api/v1/progress/reading-history responded 200 in 5ms (user: anonymous)
2026-08-23 01:57:16.731 +04:00 [INF] POST /api/v1/progress/reading-history responded 200 in 4ms (user: anonymous)
2026-08-23 01:57:16.732 +04:00 [INF] POST /api/v1/progress/reading-history responded 200 in 3ms (user: anonymous)
2026-08-23 01:57:16.733 +04:00 [INF] POST /api/v1/progress/reading-history responded 200 in 2ms (user: anonymous)
2026-08-23 01:57:16.735 +04:00 [INF] OPTIONS /api/v1/progress/streak responded 204 in 0ms (user: anonymous)
2026-08-23 01:57:16.737 +04:00 [INF] OPTIONS /api/v1/progress/streak responded 204 in 0ms (user: anonymous)
2026-08-23 01:57:16.740 +04:00 [INF] OPTIONS /api/v1/progress/streak responded 204 in 0ms (user: anonymous)
2026-08-23 01:57:16.742 +04:00 [INF] OPTIONS /api/v1/progress/streak responded 204 in 0ms (user: anonymous)
2026-08-23 01:57:16.749 +04:00 [INF] GET /api/v1/progress/streak responded 200 in 6ms (user: anonymous)
2026-08-23 01:57:16.752 +04:00 [INF] GET /api/v1/progress/streak responded 200 in 1ms (user: anonymous)
2026-08-23 01:57:16.757 +04:00 [INF] GET /api/v1/progress/streak responded 200 in 4ms (user: anonymous)
2026-08-23 01:57:16.761 +04:00 [INF] GET /api/v1/progress/streak responded 200 in 1ms (user: anonymous)
2026-08-23 01:57:18.833 +04:00 [INF] OPTIONS /api/v1/translations/translate responded 204 in 0ms (user: anonymous)
2026-08-23 01:57:21.169 +04:00 [INF] POST /api/v1/translations/translate responded 200 in 2330ms (user: anonymous)
2026-08-23 01:57:24.438 +04:00 [INF] OPTIONS /api/v1/translations/translate responded 204 in 0ms (user: anonymous)
2026-08-23 01:57:25.661 +04:00 [INF] POST /api/v1/translations/translate responded 200 in 1218ms (user: anonymous)
2026-08-23 01:58:01.811 +04:00 [INF] OPTIONS /api/v1/chat/conversations responded 204 in 0ms (user: anonymous)
2026-08-23 01:58:01.811 +04:00 [INF] OPTIONS /api/v1/profile responded 204 in 0ms (user: anonymous)
2026-08-23 01:58:01.811 +04:00 [INF] OPTIONS /api/v1/chat/usage responded 204 in 0ms (user: anonymous)
2026-08-23 01:58:01.811 +04:00 [INF] OPTIONS /api/v1/profile responded 204 in 0ms (user: anonymous)
2026-08-23 01:58:01.813 +04:00 [INF] OPTIONS /api/v1/chat/usage responded 204 in 0ms (user: anonymous)
2026-08-23 01:58:01.813 +04:00 [INF] OPTIONS /api/v1/chat/conversations responded 204 in 0ms (user: anonymous)
2026-08-23 01:58:01.826 +04:00 [INF] GET /api/v1/profile responded 200 in 7ms (user: anonymous)
2026-08-23 01:58:01.832 +04:00 [INF] GET /api/v1/profile responded 200 in 4ms (user: anonymous)
2026-08-23 01:58:01.847 +04:00 [INF] GET /api/v1/chat/usage responded 200 in 24ms (user: anonymous)
2026-08-23 01:58:01.858 +04:00 [INF] GET /api/v1/chat/usage responded 200 in 7ms (user: anonymous)
2026-08-23 01:58:01.861 +04:00 [INF] GET /api/v1/chat/conversations responded 200 in 44ms (user: anonymous)
2026-08-23 01:58:01.866 +04:00 [INF] GET /api/v1/chat/conversations responded 200 in 3ms (user: anonymous)
2026-08-23 01:58:04.756 +04:00 [INF] OPTIONS /api/v1/chat/conversations/2f19e070-3022-44a0-a316-fc1b5dfa5a2e/messages responded 204 in 0ms (user: anonymous)
2026-08-23 01:58:04.795 +04:00 [INF] GET /api/v1/chat/conversations/2f19e070-3022-44a0-a316-fc1b5dfa5a2e/messages responded 200 in 35ms (user: anonymous)
2026-08-23 02:00:03.920 +04:00 [WRN] Entity 'Story' has a global query filter defined and is the required end of a relationship with the entity 'Chapter'. This may lead to unexpected results when the required entity is filtered out. Either configure the navigation as optional, or define matching query filters for both entities in the navigation. See https://go.microsoft.com/fwlink/?linkid=2131316 for more information.
2026-08-23 02:00:03.945 +04:00 [WRN] Entity 'Story' has a global query filter defined and is the required end of a relationship with the entity 'DailyStoryReadLog'. This may lead to unexpected results when the required entity is filtered out. Either configure the navigation as optional, or define matching query filters for both entities in the navigation. See https://go.microsoft.com/fwlink/?linkid=2131316 for more information.
2026-08-23 02:00:03.945 +04:00 [WRN] Entity 'Story' has a global query filter defined and is the required end of a relationship with the entity 'FavoriteStory'. This may lead to unexpected results when the required entity is filtered out. Either configure the navigation as optional, or define matching query filters for both entities in the navigation. See https://go.microsoft.com/fwlink/?linkid=2131316 for more information.
2026-08-23 02:00:03.947 +04:00 [WRN] Entity 'Story' has a global query filter defined and is the required end of a relationship with the entity 'QuizAttempt'. This may lead to unexpected results when the required entity is filtered out. Either configure the navigation as optional, or define matching query filters for both entities in the navigation. See https://go.microsoft.com/fwlink/?linkid=2131316 for more information.
2026-08-23 02:00:03.949 +04:00 [WRN] Entity 'Story' has a global query filter defined and is the required end of a relationship with the entity 'ReadingHistory'. This may lead to unexpected results when the required entity is filtered out. Either configure the navigation as optional, or define matching query filters for both entities in the navigation. See https://go.microsoft.com/fwlink/?linkid=2131316 for more information.
2026-08-23 02:00:03.950 +04:00 [WRN] Entity 'Story' has a global query filter defined and is the required end of a relationship with the entity 'RemainingCorrectCounter'. This may lead to unexpected results when the required entity is filtered out. Either configure the navigation as optional, or define matching query filters for both entities in the navigation. See https://go.microsoft.com/fwlink/?linkid=2131316 for more information.
2026-08-23 02:00:03.952 +04:00 [WRN] Entity 'Story' has a global query filter defined and is the required end of a relationship with the entity 'Review'. This may lead to unexpected results when the required entity is filtered out. Either configure the navigation as optional, or define matching query filters for both entities in the navigation. See https://go.microsoft.com/fwlink/?linkid=2131316 for more information.
2026-08-23 02:00:03.954 +04:00 [WRN] Entity 'Story' has a global query filter defined and is the required end of a relationship with the entity 'UserProgress'. This may lead to unexpected results when the required entity is filtered out. Either configure the navigation as optional, or define matching query filters for both entities in the navigation. See https://go.microsoft.com/fwlink/?linkid=2131316 for more information.
2026-08-23 02:00:04.509 +04:00 [INF] Database seeding completed successfully.
2026-08-23 02:00:29.305 +04:00 [INF] OPTIONS /api/v1/vocabularies responded 204 in 2ms (user: anonymous)
2026-08-23 02:00:29.305 +04:00 [INF] OPTIONS /api/v1/profile responded 204 in 2ms (user: anonymous)
2026-08-23 02:00:29.305 +04:00 [INF] OPTIONS /api/v1/profile responded 204 in 2ms (user: anonymous)
2026-08-23 02:00:29.305 +04:00 [INF] OPTIONS /api/v1/vocabularies responded 204 in 2ms (user: anonymous)
2026-08-23 02:00:29.541 +04:00 [INF] GET /api/v1/vocabularies responded 200 in 218ms (user: anonymous)
2026-08-23 02:00:29.597 +04:00 [INF] GET /api/v1/vocabularies responded 200 in 53ms (user: anonymous)
2026-08-23 02:00:29.636 +04:00 [INF] GET /api/v1/vocabularies responded 200 in 35ms (user: anonymous)
2026-08-23 02:00:29.666 +04:00 [INF] GET /api/v1/vocabularies responded 200 in 24ms (user: anonymous)
2026-08-23 02:00:29.694 +04:00 [INF] GET /api/v1/profile responded 200 in 371ms (user: anonymous)
2026-08-23 02:00:29.714 +04:00 [INF] GET /api/v1/profile responded 200 in 17ms (user: anonymous)
2026-08-23 02:00:33.059 +04:00 [INF] OPTIONS /api/v1/story-categories responded 204 in 0ms (user: anonymous)
2026-08-23 02:00:33.059 +04:00 [INF] OPTIONS /api/v1/story-categories responded 204 in 0ms (user: anonymous)
2026-08-23 02:00:33.059 +04:00 [INF] OPTIONS /api/v1/favorites responded 204 in 0ms (user: anonymous)
2026-08-23 02:00:33.059 +04:00 [INF] OPTIONS /api/v1/stories responded 204 in 0ms (user: anonymous)
2026-08-23 02:00:33.059 +04:00 [INF] OPTIONS /api/v1/stories responded 204 in 0ms (user: anonymous)
2026-08-23 02:00:33.059 +04:00 [INF] OPTIONS /api/v1/favorites responded 204 in 0ms (user: anonymous)
2026-08-23 02:00:33.090 +04:00 [INF] GET /api/v1/profile responded 200 in 31ms (user: anonymous)
2026-08-23 02:00:33.105 +04:00 [INF] GET /api/v1/profile responded 200 in 13ms (user: anonymous)
2026-08-23 02:00:33.118 +04:00 [INF] GET /api/v1/favorites responded 200 in 45ms (user: anonymous)
2026-08-23 02:00:33.124 +04:00 [INF] GET /api/v1/favorites responded 200 in 3ms (user: anonymous)
2026-08-23 02:00:33.134 +04:00 [WRN] Compiling a query which loads related collections for more than one collection navigation, either via 'Include' or through projection, but no 'QuerySplittingBehavior' has been configured. By default, Entity Framework will use 'QuerySplittingBehavior.SingleQuery', which can potentially result in slow query performance. See https://go.microsoft.com/fwlink/?linkid=2134277 for more information. To identify the query that's triggering this warning call 'ConfigureWarnings(w => w.Throw(RelationalEventId.MultipleCollectionIncludeWarning))'.
2026-08-23 02:00:33.140 +04:00 [INF] GET /api/v1/story-categories responded 200 in 73ms (user: anonymous)
2026-08-23 02:00:33.144 +04:00 [INF] GET /api/v1/story-categories responded 200 in 1ms (user: anonymous)
2026-08-23 02:00:33.158 +04:00 [INF] GET /api/v1/stories responded 200 in 82ms (user: anonymous)
2026-08-23 02:00:33.161 +04:00 [INF] GET /api/v1/stories responded 200 in 1ms (user: anonymous)
2026-08-23 02:00:34.915 +04:00 [INF] OPTIONS /api/v1/profile responded 204 in 0ms (user: anonymous)
2026-08-23 02:00:34.915 +04:00 [INF] OPTIONS /api/v1/stories/7f84cf4f-c6b0-4676-a378-53fdb100f1aa responded 204 in 0ms (user: anonymous)
2026-08-23 02:00:34.915 +04:00 [INF] OPTIONS /api/v1/profile responded 204 in 0ms (user: anonymous)
2026-08-23 02:00:34.915 +04:00 [INF] OPTIONS /api/v1/stories/7f84cf4f-c6b0-4676-a378-53fdb100f1aa responded 204 in 0ms (user: anonymous)
2026-08-23 02:00:34.921 +04:00 [INF] GET /api/v1/favorites responded 200 in 5ms (user: anonymous)
2026-08-23 02:00:34.927 +04:00 [INF] GET /api/v1/favorites responded 200 in 3ms (user: anonymous)
2026-08-23 02:00:34.931 +04:00 [INF] GET /api/v1/profile responded 200 in 7ms (user: anonymous)
2026-08-23 02:00:34.940 +04:00 [INF] GET /api/v1/profile responded 200 in 4ms (user: anonymous)
2026-08-23 02:00:35.053 +04:00 [INF] GET /api/v1/stories/7f84cf4f-c6b0-4676-a378-53fdb100f1aa responded 200 in 126ms (user: anonymous)
2026-08-23 02:00:35.059 +04:00 [INF] GET /api/v1/stories/7f84cf4f-c6b0-4676-a378-53fdb100f1aa responded 200 in 3ms (user: anonymous)
2026-08-23 02:00:36.043 +04:00 [INF] GET /api/v1/stories responded 200 in 0ms (user: anonymous)
2026-08-23 02:00:36.044 +04:00 [INF] GET /api/v1/story-categories responded 200 in 1ms (user: anonymous)
2026-08-23 02:00:36.045 +04:00 [INF] GET /api/v1/favorites responded 200 in 2ms (user: anonymous)
2026-08-23 02:00:36.046 +04:00 [INF] GET /api/v1/stories responded 200 in 1ms (user: anonymous)
2026-08-23 02:00:36.047 +04:00 [INF] GET /api/v1/story-categories responded 200 in 1ms (user: anonymous)
2026-08-23 02:00:36.049 +04:00 [INF] GET /api/v1/favorites responded 200 in 2ms (user: anonymous)
2026-08-23 02:00:36.049 +04:00 [INF] GET /api/v1/profile responded 200 in 7ms (user: anonymous)
2026-08-23 02:00:36.056 +04:00 [INF] GET /api/v1/profile responded 200 in 4ms (user: anonymous)
2026-08-23 02:00:36.964 +04:00 [INF] OPTIONS /api/v1/stories/ff71137a-c796-499b-9a8e-5cc111b19174 responded 204 in 0ms (user: anonymous)
2026-08-23 02:00:36.964 +04:00 [INF] OPTIONS /api/v1/stories/ff71137a-c796-499b-9a8e-5cc111b19174 responded 204 in 0ms (user: anonymous)
2026-08-23 02:00:36.968 +04:00 [INF] GET /api/v1/favorites responded 200 in 4ms (user: anonymous)
2026-08-23 02:00:36.973 +04:00 [INF] GET /api/v1/profile responded 200 in 9ms (user: anonymous)
2026-08-23 02:00:36.974 +04:00 [INF] GET /api/v1/favorites responded 200 in 1ms (user: anonymous)
2026-08-23 02:00:36.977 +04:00 [INF] GET /api/v1/stories/ff71137a-c796-499b-9a8e-5cc111b19174 responded 200 in 4ms (user: anonymous)
2026-08-23 02:00:36.978 +04:00 [INF] GET /api/v1/profile responded 200 in 3ms (user: anonymous)
2026-08-23 02:00:36.982 +04:00 [INF] GET /api/v1/stories/ff71137a-c796-499b-9a8e-5cc111b19174 responded 200 in 3ms (user: anonymous)
2026-08-23 02:00:38.061 +04:00 [INF] GET /api/v1/favorites responded 200 in 2ms (user: anonymous)
2026-08-23 02:00:38.063 +04:00 [INF] GET /api/v1/stories/ff71137a-c796-499b-9a8e-5cc111b19174 responded 200 in 4ms (user: anonymous)
2026-08-23 02:00:38.063 +04:00 [INF] GET /api/v1/profile responded 200 in 4ms (user: anonymous)
2026-08-23 02:00:38.069 +04:00 [INF] GET /api/v1/favorites responded 200 in 6ms (user: anonymous)
2026-08-23 02:00:38.074 +04:00 [INF] GET /api/v1/stories/ff71137a-c796-499b-9a8e-5cc111b19174 responded 200 in 7ms (user: anonymous)
2026-08-23 02:00:38.074 +04:00 [INF] GET /api/v1/profile responded 200 in 8ms (user: anonymous)
2026-08-23 02:00:38.080 +04:00 [INF] GET /api/v1/profile responded 200 in 4ms (user: anonymous)
2026-08-23 02:00:38.086 +04:00 [INF] OPTIONS /api/v1/progress responded 204 in 0ms (user: anonymous)
2026-08-23 02:00:38.089 +04:00 [INF] GET /api/v1/profile responded 200 in 6ms (user: anonymous)
2026-08-23 02:00:38.194 +04:00 [INF] POST /api/v1/progress responded 200 in 98ms (user: anonymous)
2026-08-23 02:00:38.194 +04:00 [INF] POST /api/v1/progress responded 200 in 100ms (user: anonymous)
2026-08-23 02:00:38.194 +04:00 [INF] POST /api/v1/progress responded 200 in 91ms (user: anonymous)
2026-08-23 02:00:38.194 +04:00 [INF] POST /api/v1/progress responded 200 in 103ms (user: anonymous)
2026-08-23 02:00:38.199 +04:00 [INF] OPTIONS /api/v1/progress/reading-history responded 204 in 0ms (user: anonymous)
2026-08-23 02:00:38.201 +04:00 [INF] OPTIONS /api/v1/progress/reading-history responded 204 in 0ms (user: anonymous)
2026-08-23 02:00:38.202 +04:00 [INF] OPTIONS /api/v1/progress/reading-history responded 204 in 0ms (user: anonymous)
2026-08-23 02:00:38.204 +04:00 [INF] OPTIONS /api/v1/progress/reading-history responded 204 in 0ms (user: anonymous)
2026-08-23 02:00:38.245 +04:00 [INF] POST /api/v1/progress/reading-history responded 200 in 36ms (user: anonymous)
2026-08-23 02:00:38.245 +04:00 [INF] POST /api/v1/progress/reading-history responded 200 in 39ms (user: anonymous)
2026-08-23 02:00:38.245 +04:00 [INF] POST /api/v1/progress/reading-history responded 200 in 35ms (user: anonymous)
2026-08-23 02:00:38.245 +04:00 [INF] POST /api/v1/progress/reading-history responded 200 in 33ms (user: anonymous)
2026-08-23 02:00:38.251 +04:00 [INF] OPTIONS /api/v1/progress/streak responded 204 in 0ms (user: anonymous)
2026-08-23 02:00:38.254 +04:00 [INF] OPTIONS /api/v1/progress/streak responded 204 in 0ms (user: anonymous)
2026-08-23 02:00:38.255 +04:00 [INF] OPTIONS /api/v1/progress/streak responded 204 in 0ms (user: anonymous)
2026-08-23 02:00:38.257 +04:00 [INF] OPTIONS /api/v1/progress/streak responded 204 in 0ms (user: anonymous)
2026-08-23 02:00:38.290 +04:00 [INF] GET /api/v1/progress/streak responded 200 in 31ms (user: anonymous)
2026-08-23 02:00:38.294 +04:00 [INF] GET /api/v1/progress/streak responded 200 in 2ms (user: anonymous)
2026-08-23 02:00:38.297 +04:00 [INF] GET /api/v1/progress/streak responded 200 in 2ms (user: anonymous)
2026-08-23 02:00:38.302 +04:00 [INF] GET /api/v1/progress/streak responded 200 in 3ms (user: anonymous)
2026-08-23 02:00:39.426 +04:00 [INF] OPTIONS /api/v1/quizzes/story/ff71137a-c796-499b-9a8e-5cc111b19174 responded 204 in 0ms (user: anonymous)
2026-08-23 02:00:43.305 +04:00 [INF] GET /api/v1/quizzes/story/ff71137a-c796-499b-9a8e-5cc111b19174 responded 200 in 3874ms (user: anonymous)
2026-08-23 02:00:45.727 +04:00 [INF] OPTIONS /api/v1/profile responded 204 in 0ms (user: anonymous)
2026-08-23 02:00:45.727 +04:00 [INF] OPTIONS /api/v1/profile responded 204 in 0ms (user: anonymous)
2026-08-23 02:00:45.750 +04:00 [INF] PUT /api/v1/profile responded 200 in 17ms (user: anonymous)
2026-08-23 02:00:45.755 +04:00 [INF] PUT /api/v1/profile responded 200 in 3ms (user: anonymous)
2026-08-23 02:00:45.763 +04:00 [INF] GET /api/v1/profile responded 200 in 3ms (user: anonymous)
2026-08-23 02:00:45.769 +04:00 [INF] GET /api/v1/profile responded 200 in 4ms (user: anonymous)
2026-08-23 02:00:55.721 +04:00 [INF] OPTIONS /api/v1/profile responded 204 in 0ms (user: anonymous)
2026-08-23 02:00:55.721 +04:00 [INF] OPTIONS /api/v1/profile responded 204 in 0ms (user: anonymous)
2026-08-23 02:00:55.734 +04:00 [INF] PUT /api/v1/profile responded 200 in 9ms (user: anonymous)
2026-08-23 02:00:55.741 +04:00 [INF] PUT /api/v1/profile responded 200 in 5ms (user: anonymous)
2026-08-23 02:00:55.744 +04:00 [INF] GET /api/v1/profile responded 200 in 3ms (user: anonymous)
2026-08-23 02:00:55.751 +04:00 [INF] GET /api/v1/profile responded 200 in 6ms (user: anonymous)
2026-08-23 02:00:56.771 +04:00 [INF] OPTIONS /api/v1/quizzes/record-result responded 204 in 0ms (user: anonymous)
2026-08-23 02:00:56.811 +04:00 [INF] POST /api/v1/quizzes/record-result responded 200 in 36ms (user: anonymous)
2026-08-23 02:00:58.276 +04:00 [INF] OPTIONS /api/v1/progress responded 204 in 0ms (user: anonymous)
2026-08-23 02:00:58.295 +04:00 [INF] POST /api/v1/progress responded 200 in 11ms (user: anonymous)
2026-08-23 02:00:58.302 +04:00 [INF] OPTIONS /api/v1/progress/streak responded 204 in 0ms (user: anonymous)
2026-08-23 02:00:58.311 +04:00 [INF] GET /api/v1/progress/streak responded 200 in 3ms (user: anonymous)
2026-08-23 02:00:59.978 +04:00 [INF] OPTIONS /api/v1/stories responded 204 in 0ms (user: anonymous)
2026-08-23 02:00:59.978 +04:00 [INF] OPTIONS /api/v1/stories responded 204 in 0ms (user: anonymous)
2026-08-23 02:00:59.978 +04:00 [INF] OPTIONS /api/v1/favorites responded 204 in 0ms (user: anonymous)
2026-08-23 02:00:59.978 +04:00 [INF] OPTIONS /api/v1/favorites responded 204 in 0ms (user: anonymous)
2026-08-23 02:00:59.984 +04:00 [INF] GET /api/v1/stories responded 200 in 1ms (user: anonymous)
2026-08-23 02:00:59.986 +04:00 [INF] GET /api/v1/profile responded 200 in 7ms (user: anonymous)
2026-08-23 02:00:59.986 +04:00 [INF] GET /api/v1/stories responded 200 in 0ms (user: anonymous)
2026-08-23 02:00:59.991 +04:00 [INF] GET /api/v1/favorites responded 200 in 1ms (user: anonymous)
2026-08-23 02:00:59.995 +04:00 [INF] GET /api/v1/profile responded 200 in 6ms (user: anonymous)
2026-08-23 02:00:59.998 +04:00 [INF] GET /api/v1/favorites responded 200 in 4ms (user: anonymous)
2026-08-23 02:01:00.002 +04:00 [INF] GET /api/v1/profile responded 200 in 5ms (user: anonymous)
2026-08-23 02:01:00.002 +04:00 [INF] GET /api/v1/profile responded 200 in 5ms (user: anonymous)
2026-08-23 02:01:00.928 +04:00 [INF] OPTIONS /api/v1/profile responded 204 in 0ms (user: anonymous)
2026-08-23 02:01:00.928 +04:00 [INF] OPTIONS /api/v1/profile responded 204 in 0ms (user: anonymous)
2026-08-23 02:01:00.928 +04:00 [INF] OPTIONS /api/v1/profile responded 204 in 0ms (user: anonymous)
2026-08-23 02:01:00.928 +04:00 [INF] OPTIONS /api/v1/profile responded 204 in 0ms (user: anonymous)
2026-08-23 02:01:00.928 +04:00 [INF] GET /api/v1/stories responded 200 in 0ms (user: anonymous)
2026-08-23 02:01:00.931 +04:00 [INF] GET /api/v1/favorites responded 200 in 3ms (user: anonymous)
2026-08-23 02:01:00.934 +04:00 [INF] GET /api/v1/stories responded 200 in 3ms (user: anonymous)
2026-08-23 02:01:00.939 +04:00 [INF] GET /api/v1/favorites responded 200 in 2ms (user: anonymous)
2026-08-23 02:01:00.944 +04:00 [INF] GET /api/v1/profile responded 200 in 7ms (user: anonymous)
2026-08-23 02:01:00.953 +04:00 [INF] GET /api/v1/profile responded 200 in 7ms (user: anonymous)
2026-08-23 02:01:00.960 +04:00 [INF] GET /api/v1/profile responded 200 in 5ms (user: anonymous)
2026-08-23 02:01:00.960 +04:00 [INF] GET /api/v1/profile responded 200 in 5ms (user: anonymous)
2026-08-23 02:03:36.707 +04:00 [INF] OPTIONS /api/v1/profile responded 204 in 0ms (user: anonymous)
2026-08-23 02:03:36.707 +04:00 [INF] OPTIONS /api/v1/favorites responded 204 in 0ms (user: anonymous)
2026-08-23 02:03:36.707 +04:00 [INF] OPTIONS /api/v1/stories/7f84cf4f-c6b0-4676-a378-53fdb100f1aa responded 204 in 0ms (user: anonymous)
2026-08-23 02:03:36.708 +04:00 [INF] OPTIONS /api/v1/favorites responded 204 in 0ms (user: anonymous)
2026-08-23 02:03:36.709 +04:00 [INF] OPTIONS /api/v1/stories/7f84cf4f-c6b0-4676-a378-53fdb100f1aa responded 204 in 0ms (user: anonymous)
2026-08-23 02:03:36.709 +04:00 [INF] OPTIONS /api/v1/profile responded 204 in 0ms (user: anonymous)
2026-08-23 02:03:36.723 +04:00 [INF] GET /api/v1/favorites responded 200 in 4ms (user: anonymous)
2026-08-23 02:03:36.725 +04:00 [INF] GET /api/v1/favorites responded 200 in 1ms (user: anonymous)
2026-08-23 02:03:36.729 +04:00 [INF] GET /api/v1/profile responded 200 in 16ms (user: anonymous)
2026-08-23 02:03:36.729 +04:00 [INF] GET /api/v1/stories/7f84cf4f-c6b0-4676-a378-53fdb100f1aa responded 200 in 10ms (user: anonymous)
2026-08-23 02:03:36.733 +04:00 [INF] GET /api/v1/stories/7f84cf4f-c6b0-4676-a378-53fdb100f1aa responded 200 in 2ms (user: anonymous)
2026-08-23 02:03:36.734 +04:00 [INF] GET /api/v1/profile responded 200 in 2ms (user: anonymous)
2026-08-23 02:03:38.071 +04:00 [INF] OPTIONS /api/v1/stories responded 204 in 0ms (user: anonymous)
2026-08-23 02:03:38.071 +04:00 [INF] OPTIONS /api/v1/stories responded 204 in 0ms (user: anonymous)
2026-08-23 02:03:38.072 +04:00 [INF] GET /api/v1/favorites responded 200 in 1ms (user: anonymous)
2026-08-23 02:03:38.074 +04:00 [INF] GET /api/v1/profile responded 200 in 3ms (user: anonymous)
2026-08-23 02:03:38.075 +04:00 [INF] GET /api/v1/favorites responded 200 in 1ms (user: anonymous)
2026-08-23 02:03:38.080 +04:00 [INF] GET /api/v1/profile responded 200 in 5ms (user: anonymous)
2026-08-23 02:03:38.085 +04:00 [INF] GET /api/v1/profile responded 200 in 3ms (user: anonymous)
2026-08-23 02:03:38.086 +04:00 [INF] GET /api/v1/profile responded 200 in 4ms (user: anonymous)
2026-08-23 02:03:38.093 +04:00 [INF] GET /api/v1/stories responded 200 in 18ms (user: anonymous)
2026-08-23 02:03:38.096 +04:00 [INF] GET /api/v1/stories responded 200 in 0ms (user: anonymous)
2026-08-23 02:03:38.728 +04:00 [INF] OPTIONS /api/v1/stories/886d3625-3650-4b0b-8052-a9c5ca89a0be responded 204 in 0ms (user: anonymous)
2026-08-23 02:03:38.729 +04:00 [INF] OPTIONS /api/v1/stories/886d3625-3650-4b0b-8052-a9c5ca89a0be responded 204 in 0ms (user: anonymous)
2026-08-23 02:03:38.731 +04:00 [INF] GET /api/v1/favorites responded 200 in 2ms (user: anonymous)
2026-08-23 02:03:38.733 +04:00 [INF] GET /api/v1/profile responded 200 in 4ms (user: anonymous)
2026-08-23 02:03:38.734 +04:00 [INF] GET /api/v1/favorites responded 200 in 1ms (user: anonymous)
2026-08-23 02:03:38.737 +04:00 [INF] GET /api/v1/profile responded 200 in 2ms (user: anonymous)
2026-08-23 02:03:38.741 +04:00 [INF] GET /api/v1/stories/886d3625-3650-4b0b-8052-a9c5ca89a0be responded 403 in 7ms (user: anonymous)
2026-08-23 02:03:38.752 +04:00 [INF] GET /api/v1/stories/886d3625-3650-4b0b-8052-a9c5ca89a0be responded 403 in 9ms (user: anonymous)
2026-08-23 02:03:40.221 +04:00 [INF] GET /api/v1/stories responded 200 in 0ms (user: anonymous)
2026-08-23 02:03:40.222 +04:00 [INF] GET /api/v1/favorites responded 200 in 1ms (user: anonymous)
2026-08-23 02:03:40.223 +04:00 [INF] GET /api/v1/stories responded 200 in 0ms (user: anonymous)
2026-08-23 02:03:40.225 +04:00 [INF] GET /api/v1/favorites responded 200 in 1ms (user: anonymous)
2026-08-23 02:03:40.225 +04:00 [INF] GET /api/v1/profile responded 200 in 4ms (user: anonymous)
2026-08-23 02:03:40.231 +04:00 [INF] GET /api/v1/profile responded 200 in 4ms (user: anonymous)
2026-08-23 02:03:40.235 +04:00 [INF] GET /api/v1/profile responded 200 in 3ms (user: anonymous)
2026-08-23 02:03:40.235 +04:00 [INF] GET /api/v1/profile responded 200 in 3ms (user: anonymous)
2026-08-23 02:03:41.392 +04:00 [INF] OPTIONS /api/v1/stories/ff71137a-c796-499b-9a8e-5cc111b19174 responded 204 in 0ms (user: anonymous)
2026-08-23 02:03:41.392 +04:00 [INF] OPTIONS /api/v1/stories/ff71137a-c796-499b-9a8e-5cc111b19174 responded 204 in 0ms (user: anonymous)
2026-08-23 02:03:41.395 +04:00 [INF] GET /api/v1/favorites responded 200 in 2ms (user: anonymous)
2026-08-23 02:03:41.398 +04:00 [INF] GET /api/v1/profile responded 200 in 5ms (user: anonymous)
2026-08-23 02:03:41.399 +04:00 [INF] GET /api/v1/favorites responded 200 in 2ms (user: anonymous)
2026-08-23 02:03:41.404 +04:00 [INF] GET /api/v1/stories/ff71137a-c796-499b-9a8e-5cc111b19174 responded 200 in 5ms (user: anonymous)
2026-08-23 02:03:41.404 +04:00 [INF] GET /api/v1/profile responded 200 in 5ms (user: anonymous)
2026-08-23 02:03:41.407 +04:00 [INF] GET /api/v1/stories/ff71137a-c796-499b-9a8e-5cc111b19174 responded 200 in 2ms (user: anonymous)
2026-08-23 02:03:43.073 +04:00 [INF] OPTIONS /api/v1/favorites responded 204 in 0ms (user: anonymous)
2026-08-23 02:03:43.073 +04:00 [INF] OPTIONS /api/v1/profile responded 204 in 0ms (user: anonymous)
2026-08-23 02:03:43.073 +04:00 [INF] OPTIONS /api/v1/profile responded 204 in 0ms (user: anonymous)
2026-08-23 02:03:43.073 +04:00 [INF] OPTIONS /api/v1/favorites responded 204 in 0ms (user: anonymous)
2026-08-23 02:03:43.073 +04:00 [INF] OPTIONS /api/v1/profile responded 204 in 0ms (user: anonymous)
2026-08-23 02:03:43.073 +04:00 [INF] OPTIONS /api/v1/profile responded 204 in 0ms (user: anonymous)
2026-08-23 02:03:43.080 +04:00 [INF] GET /api/v1/stories/ff71137a-c796-499b-9a8e-5cc111b19174 responded 200 in 6ms (user: anonymous)
2026-08-23 02:03:43.080 +04:00 [INF] GET /api/v1/favorites responded 200 in 2ms (user: anonymous)
2026-08-23 02:03:43.088 +04:00 [INF] GET /api/v1/profile responded 200 in 6ms (user: anonymous)
2026-08-23 02:03:43.088 +04:00 [INF] GET /api/v1/stories/ff71137a-c796-499b-9a8e-5cc111b19174 responded 200 in 2ms (user: anonymous)
2026-08-23 02:03:43.090 +04:00 [INF] GET /api/v1/favorites responded 200 in 1ms (user: anonymous)
2026-08-23 02:03:43.092 +04:00 [INF] GET /api/v1/profile responded 200 in 2ms (user: anonymous)
2026-08-23 02:03:43.098 +04:00 [INF] GET /api/v1/profile responded 200 in 5ms (user: anonymous)
2026-08-23 02:03:43.098 +04:00 [INF] GET /api/v1/profile responded 200 in 5ms (user: anonymous)
2026-08-23 02:03:43.107 +04:00 [INF] OPTIONS /api/v1/progress responded 204 in 0ms (user: anonymous)
2026-08-23 02:03:43.131 +04:00 [INF] POST /api/v1/progress responded 200 in 16ms (user: anonymous)
2026-08-23 02:03:43.131 +04:00 [INF] POST /api/v1/progress responded 200 in 7ms (user: anonymous)
2026-08-23 02:03:43.131 +04:00 [INF] POST /api/v1/progress responded 200 in 7ms (user: anonymous)
2026-08-23 02:03:43.142 +04:00 [INF] OPTIONS /api/v1/progress/reading-history responded 204 in 0ms (user: anonymous)
2026-08-23 02:03:43.143 +04:00 [INF] POST /api/v1/progress responded 200 in 6ms (user: anonymous)
2026-08-23 02:03:43.145 +04:00 [INF] OPTIONS /api/v1/progress/reading-history responded 204 in 0ms (user: anonymous)
2026-08-23 02:03:43.146 +04:00 [INF] OPTIONS /api/v1/progress/reading-history responded 204 in 0ms (user: anonymous)
2026-08-23 02:03:43.156 +04:00 [INF] POST /api/v1/progress/reading-history responded 200 in 4ms (user: anonymous)
2026-08-23 02:03:43.156 +04:00 [INF] POST /api/v1/progress/reading-history responded 200 in 8ms (user: anonymous)
2026-08-23 02:03:43.156 +04:00 [INF] POST /api/v1/progress/reading-history responded 200 in 4ms (user: anonymous)
2026-08-23 02:03:43.157 +04:00 [INF] POST /api/v1/progress/reading-history responded 200 in 2ms (user: anonymous)
2026-08-23 02:03:43.163 +04:00 [INF] OPTIONS /api/v1/progress/streak responded 204 in 0ms (user: anonymous)
2026-08-23 02:03:43.163 +04:00 [INF] OPTIONS /api/v1/progress/streak responded 204 in 0ms (user: anonymous)
2026-08-23 02:03:43.166 +04:00 [INF] OPTIONS /api/v1/progress/streak responded 204 in 0ms (user: anonymous)
2026-08-23 02:03:43.168 +04:00 [INF] OPTIONS /api/v1/progress/streak responded 204 in 0ms (user: anonymous)
2026-08-23 02:03:43.179 +04:00 [INF] GET /api/v1/progress/streak responded 200 in 8ms (user: anonymous)
2026-08-23 02:03:43.183 +04:00 [INF] GET /api/v1/progress/streak responded 200 in 2ms (user: anonymous)
2026-08-23 02:03:43.185 +04:00 [INF] GET /api/v1/progress/streak responded 200 in 1ms (user: anonymous)
2026-08-23 02:03:43.188 +04:00 [INF] GET /api/v1/progress/streak responded 200 in 1ms (user: anonymous)
2026-08-23 02:03:44.483 +04:00 [INF] OPTIONS /api/v1/quizzes/story/ff71137a-c796-499b-9a8e-5cc111b19174 responded 204 in 0ms (user: anonymous)
2026-08-23 02:03:47.510 +04:00 [INF] GET /api/v1/quizzes/story/ff71137a-c796-499b-9a8e-5cc111b19174 responded 200 in 3023ms (user: anonymous)
2026-08-23 02:03:51.207 +04:00 [INF] OPTIONS /api/v1/profile responded 204 in 0ms (user: anonymous)
2026-08-23 02:03:51.207 +04:00 [INF] OPTIONS /api/v1/profile responded 204 in 0ms (user: anonymous)
2026-08-23 02:03:51.224 +04:00 [INF] PUT /api/v1/profile responded 200 in 11ms (user: anonymous)
2026-08-23 02:03:51.231 +04:00 [INF] PUT /api/v1/profile responded 200 in 5ms (user: anonymous)
2026-08-23 02:03:51.246 +04:00 [INF] GET /api/v1/profile responded 200 in 14ms (user: anonymous)
2026-08-23 02:03:51.253 +04:00 [INF] GET /api/v1/profile responded 200 in 4ms (user: anonymous)
2026-08-23 02:03:51.256 +04:00 [INF] GET /api/v1/profile responded 200 in 2ms (user: anonymous)
2026-08-23 02:03:51.261 +04:00 [INF] GET /api/v1/profile responded 200 in 3ms (user: anonymous)
2026-08-23 02:03:53.772 +04:00 [INF] PUT /api/v1/profile responded 200 in 3ms (user: anonymous)
2026-08-23 02:03:53.776 +04:00 [INF] PUT /api/v1/profile responded 200 in 3ms (user: anonymous)
2026-08-23 02:03:53.785 +04:00 [INF] GET /api/v1/profile responded 200 in 3ms (user: anonymous)
2026-08-23 02:03:53.788 +04:00 [INF] GET /api/v1/profile responded 200 in 2ms (user: anonymous)
2026-08-23 02:03:53.792 +04:00 [INF] GET /api/v1/profile responded 200 in 2ms (user: anonymous)
2026-08-23 02:03:53.798 +04:00 [INF] GET /api/v1/profile responded 200 in 5ms (user: anonymous)
2026-08-23 02:03:56.784 +04:00 [INF] OPTIONS /api/v1/profile responded 204 in 0ms (user: anonymous)
2026-08-23 02:03:56.784 +04:00 [INF] OPTIONS /api/v1/profile responded 204 in 0ms (user: anonymous)
2026-08-23 02:03:56.793 +04:00 [INF] PUT /api/v1/profile responded 200 in 4ms (user: anonymous)
2026-08-23 02:03:56.798 +04:00 [INF] PUT /api/v1/profile responded 200 in 3ms (user: anonymous)
2026-08-23 02:03:56.800 +04:00 [INF] GET /api/v1/profile responded 200 in 2ms (user: anonymous)
2026-08-23 02:03:56.804 +04:00 [INF] GET /api/v1/profile responded 200 in 2ms (user: anonymous)
2026-08-23 02:03:56.807 +04:00 [INF] GET /api/v1/profile responded 200 in 2ms (user: anonymous)
2026-08-23 02:03:56.813 +04:00 [INF] GET /api/v1/profile responded 200 in 5ms (user: anonymous)
2026-08-23 02:03:59.831 +04:00 [INF] PUT /api/v1/profile responded 200 in 5ms (user: anonymous)
2026-08-23 02:03:59.836 +04:00 [INF] PUT /api/v1/profile responded 200 in 3ms (user: anonymous)
2026-08-23 02:03:59.839 +04:00 [INF] GET /api/v1/profile responded 200 in 3ms (user: anonymous)
2026-08-23 02:03:59.847 +04:00 [INF] GET /api/v1/profile responded 200 in 5ms (user: anonymous)
2026-08-23 02:03:59.854 +04:00 [INF] GET /api/v1/profile responded 200 in 5ms (user: anonymous)
2026-08-23 02:03:59.858 +04:00 [INF] GET /api/v1/profile responded 200 in 3ms (user: anonymous)
2026-08-23 02:04:01.744 +04:00 [INF] OPTIONS /api/v1/quizzes/record-result responded 204 in 0ms (user: anonymous)
2026-08-23 02:04:01.773 +04:00 [INF] POST /api/v1/quizzes/record-result responded 200 in 23ms (user: anonymous)
2026-08-23 02:04:02.912 +04:00 [INF] OPTIONS /api/v1/progress responded 204 in 0ms (user: anonymous)
2026-08-23 02:04:02.935 +04:00 [INF] POST /api/v1/progress responded 200 in 15ms (user: anonymous)
2026-08-23 02:04:02.943 +04:00 [INF] OPTIONS /api/v1/progress/streak responded 204 in 0ms (user: anonymous)
2026-08-23 02:04:02.953 +04:00 [INF] GET /api/v1/progress/streak responded 200 in 2ms (user: anonymous)
2026-08-23 02:04:05.290 +04:00 [INF] OPTIONS /api/v1/profile responded 204 in 0ms (user: anonymous)
2026-08-23 02:04:05.290 +04:00 [INF] OPTIONS /api/v1/favorites responded 204 in 0ms (user: anonymous)
2026-08-23 02:04:05.290 +04:00 [INF] OPTIONS /api/v1/stories responded 204 in 0ms (user: anonymous)
2026-08-23 02:04:05.290 +04:00 [INF] OPTIONS /api/v1/profile responded 204 in 0ms (user: anonymous)
2026-08-23 02:04:05.292 +04:00 [INF] OPTIONS /api/v1/profile responded 204 in 0ms (user: anonymous)
2026-08-23 02:04:05.292 +04:00 [INF] OPTIONS /api/v1/profile responded 204 in 0ms (user: anonymous)
2026-08-23 02:04:05.293 +04:00 [INF] OPTIONS /api/v1/stories responded 204 in 0ms (user: anonymous)
2026-08-23 02:04:05.293 +04:00 [INF] OPTIONS /api/v1/favorites responded 204 in 0ms (user: anonymous)
2026-08-23 02:04:05.303 +04:00 [INF] GET /api/v1/profile responded 200 in 6ms (user: anonymous)
2026-08-23 02:04:05.304 +04:00 [INF] GET /api/v1/stories responded 200 in 0ms (user: anonymous)
2026-08-23 02:04:05.309 +04:00 [INF] GET /api/v1/favorites responded 200 in 8ms (user: anonymous)
2026-08-23 02:04:05.313 +04:00 [INF] GET /api/v1/stories responded 200 in 0ms (user: anonymous)
2026-08-23 02:04:05.314 +04:00 [INF] GET /api/v1/profile responded 200 in 7ms (user: anonymous)
2026-08-23 02:04:05.316 +04:00 [INF] GET /api/v1/favorites responded 200 in 1ms (user: anonymous)
2026-08-23 02:04:05.318 +04:00 [INF] GET /api/v1/profile responded 200 in 3ms (user: anonymous)
2026-08-23 02:04:05.318 +04:00 [INF] GET /api/v1/profile responded 200 in 3ms (user: anonymous)
2026-08-23 02:04:07.505 +04:00 [INF] OPTIONS /api/v1/stories/7f84cf4f-c6b0-4676-a378-53fdb100f1aa responded 204 in 0ms (user: anonymous)
2026-08-23 02:04:07.505 +04:00 [INF] OPTIONS /api/v1/stories/7f84cf4f-c6b0-4676-a378-53fdb100f1aa responded 204 in 0ms (user: anonymous)
2026-08-23 02:04:07.507 +04:00 [INF] GET /api/v1/favorites responded 200 in 1ms (user: anonymous)
2026-08-23 02:04:07.510 +04:00 [INF] GET /api/v1/profile responded 200 in 4ms (user: anonymous)
2026-08-23 02:04:07.519 +04:00 [INF] GET /api/v1/favorites responded 200 in 11ms (user: anonymous)
2026-08-23 02:04:07.521 +04:00 [INF] GET /api/v1/stories/7f84cf4f-c6b0-4676-a378-53fdb100f1aa responded 200 in 11ms (user: anonymous)
2026-08-23 02:04:07.522 +04:00 [INF] GET /api/v1/profile responded 200 in 10ms (user: anonymous)
2026-08-23 02:04:07.524 +04:00 [INF] GET /api/v1/stories/7f84cf4f-c6b0-4676-a378-53fdb100f1aa responded 200 in 2ms (user: anonymous)
2026-08-23 02:04:08.701 +04:00 [INF] GET /api/v1/stories responded 200 in 0ms (user: anonymous)
2026-08-23 02:04:08.702 +04:00 [INF] GET /api/v1/favorites responded 200 in 1ms (user: anonymous)
2026-08-23 02:04:08.702 +04:00 [INF] GET /api/v1/stories responded 200 in 0ms (user: anonymous)
2026-08-23 02:04:08.704 +04:00 [INF] GET /api/v1/favorites responded 429 in 0ms (user: anonymous)
2026-08-23 02:04:08.704 +04:00 [INF] GET /api/v1/profile responded 200 in 4ms (user: anonymous)
2026-08-23 02:04:08.705 +04:00 [INF] GET /api/v1/profile responded 429 in 0ms (user: anonymous)
2026-08-23 02:04:08.715 +04:00 [INF] GET /api/v1/profile responded 429 in 0ms (user: anonymous)
2026-08-23 02:04:08.719 +04:00 [INF] GET /api/v1/profile responded 429 in 0ms (user: anonymous)
2026-08-23 02:04:11.237 +04:00 [INF] OPTIONS /api/v1/favorites responded 204 in 0ms (user: anonymous)
2026-08-23 02:04:11.237 +04:00 [INF] OPTIONS /api/v1/stories responded 204 in 0ms (user: anonymous)
2026-08-23 02:04:11.237 +04:00 [INF] OPTIONS /api/v1/profile responded 204 in 0ms (user: anonymous)
2026-08-23 02:04:11.237 +04:00 [INF] OPTIONS /api/v1/profile responded 204 in 0ms (user: anonymous)
2026-08-23 02:04:11.237 +04:00 [INF] OPTIONS /api/v1/profile responded 204 in 0ms (user: anonymous)
2026-08-23 02:04:11.237 +04:00 [INF] OPTIONS /api/v1/profile responded 204 in 0ms (user: anonymous)
2026-08-23 02:04:11.237 +04:00 [INF] OPTIONS /api/v1/stories responded 204 in 0ms (user: anonymous)
2026-08-23 02:04:11.237 +04:00 [INF] OPTIONS /api/v1/favorites responded 204 in 0ms (user: anonymous)
2026-08-23 02:04:11.241 +04:00 [INF] GET /api/v1/favorites responded 429 in 0ms (user: anonymous)
2026-08-23 02:04:11.248 +04:00 [INF] GET /api/v1/stories responded 429 in 0ms (user: anonymous)
2026-08-23 02:04:11.248 +04:00 [INF] GET /api/v1/profile responded 429 in 0ms (user: anonymous)
2026-08-23 02:04:11.263 +04:00 [INF] GET /api/v1/favorites responded 429 in 0ms (user: anonymous)
2026-08-23 02:04:11.265 +04:00 [INF] GET /api/v1/stories responded 429 in 0ms (user: anonymous)
2026-08-23 02:04:11.268 +04:00 [INF] GET /api/v1/profile responded 429 in 0ms (user: anonymous)
2026-08-23 02:04:11.274 +04:00 [INF] GET /api/v1/profile responded 429 in 0ms (user: anonymous)
2026-08-23 02:04:11.279 +04:00 [INF] GET /api/v1/profile responded 429 in 0ms (user: anonymous)
2026-08-23 02:04:13.685 +04:00 [INF] OPTIONS /api/v1/story-categories responded 204 in 0ms (user: anonymous)
2026-08-23 02:04:13.685 +04:00 [INF] OPTIONS /api/v1/story-categories responded 204 in 0ms (user: anonymous)
2026-08-23 02:04:13.685 +04:00 [INF] GET /api/v1/profile responded 429 in 0ms (user: anonymous)
2026-08-23 02:04:13.685 +04:00 [INF] GET /api/v1/stories responded 429 in 0ms (user: anonymous)
2026-08-23 02:04:13.685 +04:00 [INF] GET /api/v1/favorites responded 429 in 0ms (user: anonymous)
2026-08-23 02:04:13.688 +04:00 [INF] GET /api/v1/story-categories responded 429 in 0ms (user: anonymous)
2026-08-23 02:04:13.695 +04:00 [INF] GET /api/v1/profile responded 429 in 0ms (user: anonymous)
2026-08-23 02:04:13.697 +04:00 [INF] GET /api/v1/stories responded 429 in 0ms (user: anonymous)
2026-08-23 02:04:13.699 +04:00 [INF] GET /api/v1/favorites responded 429 in 0ms (user: anonymous)
2026-08-23 02:04:13.701 +04:00 [INF] GET /api/v1/story-categories responded 429 in 0ms (user: anonymous)
2026-08-23 02:04:14.644 +04:00 [INF] GET /api/v1/profile responded 429 in 0ms (user: anonymous)
2026-08-23 02:04:14.644 +04:00 [INF] GET /api/v1/stories responded 429 in 0ms (user: anonymous)
2026-08-23 02:04:14.644 +04:00 [INF] GET /api/v1/favorites responded 429 in 0ms (user: anonymous)
2026-08-23 02:04:14.649 +04:00 [INF] GET /api/v1/profile responded 429 in 0ms (user: anonymous)
2026-08-23 02:04:14.652 +04:00 [INF] GET /api/v1/stories responded 429 in 0ms (user: anonymous)
2026-08-23 02:04:14.655 +04:00 [INF] GET /api/v1/favorites responded 429 in 0ms (user: anonymous)
2026-08-23 02:04:14.657 +04:00 [INF] GET /api/v1/profile responded 429 in 0ms (user: anonymous)
2026-08-23 02:04:14.663 +04:00 [INF] GET /api/v1/profile responded 429 in 0ms (user: anonymous)
2026-08-23 02:04:15.647 +04:00 [INF] GET /api/v1/stories responded 429 in 0ms (user: anonymous)
2026-08-23 02:04:15.647 +04:00 [INF] GET /api/v1/favorites responded 429 in 0ms (user: anonymous)
2026-08-23 02:04:15.647 +04:00 [INF] GET /api/v1/profile responded 429 in 0ms (user: anonymous)
2026-08-23 02:04:15.656 +04:00 [INF] GET /api/v1/stories responded 429 in 0ms (user: anonymous)
2026-08-23 02:04:15.657 +04:00 [INF] GET /api/v1/favorites responded 429 in 0ms (user: anonymous)
2026-08-23 02:04:15.660 +04:00 [INF] GET /api/v1/profile responded 429 in 0ms (user: anonymous)
2026-08-23 02:04:15.668 +04:00 [INF] GET /api/v1/profile responded 429 in 0ms (user: anonymous)
2026-08-23 02:04:15.671 +04:00 [INF] GET /api/v1/profile responded 429 in 0ms (user: anonymous)
2026-08-23 02:04:20.093 +04:00 [INF] OPTIONS /api/v1/auth/logout responded 204 in 0ms (user: anonymous)
2026-08-23 02:04:20.099 +04:00 [INF] POST /api/v1/auth/logout responded 429 in 0ms (user: anonymous)
2026-08-23 02:04:21.623 +04:00 [INF] OPTIONS /api/v1/auth/login responded 204 in 0ms (user: anonymous)
2026-08-23 02:04:21.628 +04:00 [INF] POST /api/v1/auth/login responded 429 in 0ms (user: anonymous)
2026-08-23 02:04:29.888 +04:00 [INF] GET /swagger/index.html responded 200 in 30ms (user: anonymous)
2026-08-23 02:04:30.168 +04:00 [INF] GET /swagger/v1/swagger.json responded 200 in 22ms (user: anonymous)
2026-08-23 02:04:32.688 +04:00 [INF] OPTIONS /api/v1/auth/login responded 204 in 0ms (user: anonymous)
2026-08-23 02:04:32.695 +04:00 [INF] POST /api/v1/auth/login responded 429 in 0ms (user: anonymous)
2026-08-23 02:04:33.182 +04:00 [INF] POST /api/v1/auth/login responded 429 in 0ms (user: anonymous)
2026-08-23 02:04:33.346 +04:00 [INF] POST /api/v1/auth/login responded 429 in 0ms (user: anonymous)
2026-08-23 02:04:33.476 +04:00 [INF] POST /api/v1/auth/login responded 429 in 0ms (user: anonymous)
2026-08-23 02:04:33.967 +04:00 [INF] POST /api/v1/auth/login responded 429 in 0ms (user: anonymous)
2026-08-23 02:04:39.647 +04:00 [INF] OPTIONS /api/v1/auth/login responded 204 in 0ms (user: anonymous)
2026-08-23 02:04:39.749 +04:00 [INF] POST /api/v1/auth/login responded 200 in 97ms (user: anonymous)
2026-08-23 02:04:39.769 +04:00 [INF] OPTIONS /api/v1/favorites responded 204 in 0ms (user: anonymous)
2026-08-23 02:04:39.769 +04:00 [INF] OPTIONS /api/v1/profile responded 204 in 0ms (user: anonymous)
2026-08-23 02:04:39.769 +04:00 [INF] OPTIONS /api/v1/profile responded 204 in 0ms (user: anonymous)
2026-08-23 02:04:39.769 +04:00 [INF] OPTIONS /api/v1/stories responded 204 in 0ms (user: anonymous)
2026-08-23 02:04:39.770 +04:00 [INF] OPTIONS /api/v1/profile responded 204 in 0ms (user: anonymous)
2026-08-23 02:04:39.770 +04:00 [INF] OPTIONS /api/v1/stories responded 204 in 0ms (user: anonymous)
2026-08-23 02:04:39.770 +04:00 [INF] OPTIONS /api/v1/profile responded 204 in 0ms (user: anonymous)
2026-08-23 02:04:39.770 +04:00 [INF] OPTIONS /api/v1/favorites responded 204 in 0ms (user: anonymous)
2026-08-23 02:04:39.780 +04:00 [INF] GET /api/v1/favorites responded 200 in 3ms (user: anonymous)
2026-08-23 02:04:39.783 +04:00 [INF] GET /api/v1/stories responded 200 in 0ms (user: anonymous)
2026-08-23 02:04:39.784 +04:00 [INF] GET /api/v1/profile responded 200 in 4ms (user: anonymous)
2026-08-23 02:04:39.788 +04:00 [INF] GET /api/v1/profile responded 200 in 2ms (user: anonymous)
2026-08-23 02:04:39.789 +04:00 [INF] GET /api/v1/stories responded 200 in 0ms (user: anonymous)
2026-08-23 02:04:39.793 +04:00 [INF] GET /api/v1/profile responded 200 in 4ms (user: anonymous)
2026-08-23 02:04:39.795 +04:00 [INF] GET /api/v1/profile responded 200 in 4ms (user: anonymous)
2026-08-23 02:04:39.795 +04:00 [INF] GET /api/v1/favorites responded 200 in 1ms (user: anonymous)
2026-08-23 02:04:41.863 +04:00 [INF] OPTIONS /api/v1/stories/3feed0f4-142f-4a75-8b22-4aa5da1b55cd responded 204 in 0ms (user: anonymous)
2026-08-23 02:04:41.863 +04:00 [INF] OPTIONS /api/v1/stories/3feed0f4-142f-4a75-8b22-4aa5da1b55cd responded 204 in 0ms (user: anonymous)
2026-08-23 02:04:41.865 +04:00 [INF] GET /api/v1/favorites responded 200 in 2ms (user: anonymous)
2026-08-23 02:04:41.868 +04:00 [INF] GET /api/v1/favorites responded 200 in 1ms (user: anonymous)
2026-08-23 02:04:41.868 +04:00 [INF] GET /api/v1/profile responded 200 in 5ms (user: anonymous)
2026-08-23 02:04:41.875 +04:00 [INF] GET /api/v1/stories/3feed0f4-142f-4a75-8b22-4aa5da1b55cd responded 200 in 8ms (user: anonymous)
2026-08-23 02:04:41.881 +04:00 [INF] GET /api/v1/profile responded 200 in 11ms (user: anonymous)
2026-08-23 02:04:41.883 +04:00 [INF] GET /api/v1/stories/3feed0f4-142f-4a75-8b22-4aa5da1b55cd responded 200 in 4ms (user: anonymous)
2026-08-23 02:04:43.273 +04:00 [INF] GET /api/v1/favorites responded 200 in 2ms (user: anonymous)
2026-08-23 02:04:43.275 +04:00 [INF] GET /api/v1/stories/3feed0f4-142f-4a75-8b22-4aa5da1b55cd responded 200 in 4ms (user: anonymous)
2026-08-23 02:04:43.277 +04:00 [INF] GET /api/v1/profile responded 200 in 6ms (user: anonymous)
2026-08-23 02:04:43.278 +04:00 [INF] GET /api/v1/favorites responded 200 in 2ms (user: anonymous)
2026-08-23 02:04:43.284 +04:00 [INF] GET /api/v1/stories/3feed0f4-142f-4a75-8b22-4aa5da1b55cd responded 200 in 7ms (user: anonymous)
2026-08-23 02:04:43.286 +04:00 [INF] GET /api/v1/profile responded 200 in 7ms (user: anonymous)
2026-08-23 02:04:43.290 +04:00 [INF] GET /api/v1/profile responded 200 in 2ms (user: anonymous)
2026-08-23 02:04:43.296 +04:00 [INF] OPTIONS /api/v1/progress responded 204 in 0ms (user: anonymous)
2026-08-23 02:04:43.297 +04:00 [INF] GET /api/v1/profile responded 200 in 6ms (user: anonymous)
2026-08-23 02:04:43.302 +04:00 [INF] POST /api/v1/progress responded 200 in 3ms (user: anonymous)
2026-08-23 02:04:43.313 +04:00 [INF] POST /api/v1/progress responded 200 in 6ms (user: anonymous)
2026-08-23 02:04:43.314 +04:00 [INF] POST /api/v1/progress responded 200 in 4ms (user: anonymous)
2026-08-23 02:04:43.327 +04:00 [INF] OPTIONS /api/v1/progress/reading-history responded 204 in 0ms (user: anonymous)
2026-08-23 02:04:43.337 +04:00 [INF] POST /api/v1/progress responded 200 in 4ms (user: anonymous)
2026-08-23 02:04:43.344 +04:00 [INF] POST /api/v1/progress/reading-history responded 200 in 10ms (user: anonymous)
2026-08-23 02:04:43.344 +04:00 [INF] POST /api/v1/progress/reading-history responded 200 in 11ms (user: anonymous)
2026-08-23 02:04:43.344 +04:00 [INF] POST /api/v1/progress/reading-history responded 200 in 11ms (user: anonymous)
2026-08-23 02:04:43.348 +04:00 [INF] POST /api/v1/progress/reading-history responded 200 in 2ms (user: anonymous)
2026-08-23 02:04:43.349 +04:00 [INF] OPTIONS /api/v1/progress/streak responded 204 in 0ms (user: anonymous)
2026-08-23 02:04:43.351 +04:00 [INF] OPTIONS /api/v1/progress/streak responded 204 in 0ms (user: anonymous)
2026-08-23 02:04:43.353 +04:00 [INF] OPTIONS /api/v1/progress/streak responded 204 in 0ms (user: anonymous)
2026-08-23 02:04:43.355 +04:00 [INF] OPTIONS /api/v1/progress/streak responded 204 in 0ms (user: anonymous)
2026-08-23 02:04:43.361 +04:00 [INF] GET /api/v1/progress/streak responded 200 in 3ms (user: anonymous)
2026-08-23 02:04:43.366 +04:00 [INF] GET /api/v1/progress/streak responded 200 in 3ms (user: anonymous)
2026-08-23 02:04:43.369 +04:00 [INF] GET /api/v1/progress/streak responded 200 in 2ms (user: anonymous)
2026-08-23 02:04:43.371 +04:00 [INF] GET /api/v1/progress/streak responded 200 in 1ms (user: anonymous)
2026-08-23 02:04:44.609 +04:00 [INF] OPTIONS /api/v1/quizzes/story/3feed0f4-142f-4a75-8b22-4aa5da1b55cd responded 204 in 0ms (user: anonymous)
2026-08-23 02:04:47.999 +04:00 [INF] GET /api/v1/quizzes/story/3feed0f4-142f-4a75-8b22-4aa5da1b55cd responded 200 in 3385ms (user: anonymous)
2026-08-23 02:04:49.682 +04:00 [INF] OPTIONS /api/v1/profile responded 204 in 0ms (user: anonymous)
2026-08-23 02:04:49.682 +04:00 [INF] OPTIONS /api/v1/profile responded 204 in 0ms (user: anonymous)
2026-08-23 02:04:49.693 +04:00 [INF] PUT /api/v1/profile responded 200 in 4ms (user: anonymous)
2026-08-23 02:04:49.697 +04:00 [INF] PUT /api/v1/profile responded 200 in 2ms (user: anonymous)
2026-08-23 02:04:49.703 +04:00 [INF] GET /api/v1/profile responded 200 in 5ms (user: anonymous)
2026-08-23 02:04:49.706 +04:00 [INF] GET /api/v1/profile responded 200 in 2ms (user: anonymous)
2026-08-23 02:04:49.712 +04:00 [INF] GET /api/v1/profile responded 200 in 4ms (user: anonymous)
2026-08-23 02:04:49.718 +04:00 [INF] GET /api/v1/profile responded 200 in 2ms (user: anonymous)
2026-08-23 02:04:53.422 +04:00 [INF] PUT /api/v1/profile responded 200 in 11ms (user: anonymous)
2026-08-23 02:04:53.428 +04:00 [INF] PUT /api/v1/profile responded 200 in 4ms (user: anonymous)
2026-08-23 02:04:53.448 +04:00 [INF] GET /api/v1/profile responded 200 in 17ms (user: anonymous)
2026-08-23 02:04:53.452 +04:00 [INF] GET /api/v1/profile responded 200 in 2ms (user: anonymous)
2026-08-23 02:04:53.456 +04:00 [INF] GET /api/v1/profile responded 200 in 2ms (user: anonymous)
2026-08-23 02:04:53.465 +04:00 [INF] GET /api/v1/profile responded 200 in 6ms (user: anonymous)
2026-08-23 02:04:56.046 +04:00 [INF] OPTIONS /api/v1/profile responded 204 in 0ms (user: anonymous)
2026-08-23 02:04:56.046 +04:00 [INF] OPTIONS /api/v1/profile responded 204 in 0ms (user: anonymous)
2026-08-23 02:04:56.068 +04:00 [INF] PUT /api/v1/profile responded 200 in 16ms (user: anonymous)
2026-08-23 02:04:56.072 +04:00 [INF] PUT /api/v1/profile responded 200 in 2ms (user: anonymous)
2026-08-23 02:04:56.088 +04:00 [INF] GET /api/v1/profile responded 200 in 12ms (user: anonymous)
2026-08-23 02:04:56.094 +04:00 [INF] GET /api/v1/profile responded 200 in 4ms (user: anonymous)
2026-08-23 02:04:56.102 +04:00 [INF] GET /api/v1/profile responded 200 in 5ms (user: anonymous)
2026-08-23 02:04:56.105 +04:00 [INF] GET /api/v1/profile responded 200 in 2ms (user: anonymous)
2026-08-23 02:04:59.649 +04:00 [INF] OPTIONS /api/v1/quizzes/record-result responded 204 in 0ms (user: anonymous)
2026-08-23 02:04:59.668 +04:00 [INF] POST /api/v1/quizzes/record-result responded 200 in 13ms (user: anonymous)
2026-08-23 02:05:01.219 +04:00 [INF] OPTIONS /api/v1/progress responded 204 in 0ms (user: anonymous)
2026-08-23 02:05:01.238 +04:00 [INF] POST /api/v1/progress responded 200 in 13ms (user: anonymous)
2026-08-23 02:05:01.243 +04:00 [INF] OPTIONS /api/v1/progress/streak responded 204 in 0ms (user: anonymous)
2026-08-23 02:05:01.252 +04:00 [INF] GET /api/v1/progress/streak responded 200 in 3ms (user: anonymous)
2026-08-23 02:05:03.007 +04:00 [INF] OPTIONS /api/v1/favorites responded 204 in 0ms (user: anonymous)
2026-08-23 02:05:03.007 +04:00 [INF] OPTIONS /api/v1/stories responded 204 in 0ms (user: anonymous)
2026-08-23 02:05:03.007 +04:00 [INF] OPTIONS /api/v1/profile responded 204 in 0ms (user: anonymous)
2026-08-23 02:05:03.007 +04:00 [INF] OPTIONS /api/v1/story-categories responded 204 in 0ms (user: anonymous)
2026-08-23 02:05:03.007 +04:00 [INF] OPTIONS /api/v1/profile responded 204 in 0ms (user: anonymous)
2026-08-23 02:05:03.007 +04:00 [INF] OPTIONS /api/v1/stories responded 204 in 0ms (user: anonymous)
2026-08-23 02:05:03.007 +04:00 [INF] OPTIONS /api/v1/favorites responded 204 in 0ms (user: anonymous)
2026-08-23 02:05:03.007 +04:00 [INF] OPTIONS /api/v1/story-categories responded 204 in 0ms (user: anonymous)
2026-08-23 02:05:03.014 +04:00 [INF] GET /api/v1/stories responded 200 in 0ms (user: anonymous)
2026-08-23 02:05:03.020 +04:00 [INF] GET /api/v1/favorites responded 200 in 7ms (user: anonymous)
2026-08-23 02:05:03.022 +04:00 [INF] GET /api/v1/story-categories responded 200 in 0ms (user: anonymous)
2026-08-23 02:05:03.024 +04:00 [INF] GET /api/v1/profile responded 200 in 4ms (user: anonymous)
2026-08-23 02:05:03.028 +04:00 [INF] GET /api/v1/stories responded 200 in 0ms (user: anonymous)
2026-08-23 02:05:03.029 +04:00 [INF] GET /api/v1/favorites responded 200 in 0ms (user: anonymous)
2026-08-23 02:05:03.030 +04:00 [INF] GET /api/v1/story-categories responded 200 in 0ms (user: anonymous)
2026-08-23 02:05:03.031 +04:00 [INF] GET /api/v1/profile responded 200 in 4ms (user: anonymous)
2026-08-23 02:07:59.766 +04:00 [INF] OPTIONS /api/v1/profile responded 204 in 0ms (user: anonymous)
2026-08-23 02:07:59.766 +04:00 [INF] OPTIONS /api/v1/profile responded 204 in 0ms (user: anonymous)
2026-08-23 02:07:59.766 +04:00 [INF] OPTIONS /api/v1/favorites responded 204 in 0ms (user: anonymous)
2026-08-23 02:07:59.766 +04:00 [INF] OPTIONS /api/v1/favorites responded 204 in 0ms (user: anonymous)
2026-08-23 02:07:59.766 +04:00 [INF] OPTIONS /api/v1/stories/886d3625-3650-4b0b-8052-a9c5ca89a0be responded 204 in 0ms (user: anonymous)
2026-08-23 02:07:59.767 +04:00 [INF] OPTIONS /api/v1/stories/886d3625-3650-4b0b-8052-a9c5ca89a0be responded 204 in 0ms (user: anonymous)
2026-08-23 02:07:59.780 +04:00 [INF] GET /api/v1/favorites responded 200 in 2ms (user: anonymous)
2026-08-23 02:07:59.782 +04:00 [INF] GET /api/v1/favorites responded 200 in 1ms (user: anonymous)
2026-08-23 02:07:59.785 +04:00 [INF] GET /api/v1/profile responded 200 in 14ms (user: anonymous)
2026-08-23 02:07:59.793 +04:00 [INF] GET /api/v1/profile responded 200 in 5ms (user: anonymous)
2026-08-23 02:07:59.796 +04:00 [INF] GET /api/v1/stories/886d3625-3650-4b0b-8052-a9c5ca89a0be responded 403 in 12ms (user: anonymous)
2026-08-23 02:07:59.799 +04:00 [INF] GET /api/v1/stories/886d3625-3650-4b0b-8052-a9c5ca89a0be responded 403 in 2ms (user: anonymous)
2026-08-23 02:08:01.081 +04:00 [INF] OPTIONS /api/v1/story-categories responded 204 in 0ms (user: anonymous)
2026-08-23 02:08:01.081 +04:00 [INF] OPTIONS /api/v1/stories responded 204 in 0ms (user: anonymous)
2026-08-23 02:08:01.081 +04:00 [INF] OPTIONS /api/v1/story-categories responded 204 in 0ms (user: anonymous)
2026-08-23 02:08:01.081 +04:00 [INF] OPTIONS /api/v1/stories responded 204 in 0ms (user: anonymous)
2026-08-23 02:08:01.083 +04:00 [INF] GET /api/v1/favorites responded 200 in 1ms (user: anonymous)
2026-08-23 02:08:01.085 +04:00 [INF] GET /api/v1/profile responded 200 in 3ms (user: anonymous)
2026-08-23 02:08:01.085 +04:00 [INF] GET /api/v1/story-categories responded 200 in 0ms (user: anonymous)
2026-08-23 02:08:01.087 +04:00 [INF] GET /api/v1/favorites responded 200 in 2ms (user: anonymous)
2026-08-23 02:08:01.091 +04:00 [INF] GET /api/v1/profile responded 200 in 5ms (user: anonymous)
2026-08-23 02:08:01.092 +04:00 [INF] GET /api/v1/story-categories responded 200 in 0ms (user: anonymous)
2026-08-23 02:08:01.102 +04:00 [INF] GET /api/v1/stories responded 200 in 12ms (user: anonymous)
2026-08-23 02:08:01.104 +04:00 [INF] GET /api/v1/stories responded 200 in 0ms (user: anonymous)
2026-08-23 02:08:01.546 +04:00 [INF] OPTIONS /api/v1/stories/7f84cf4f-c6b0-4676-a378-53fdb100f1aa responded 204 in 0ms (user: anonymous)
2026-08-23 02:08:01.549 +04:00 [INF] GET /api/v1/profile responded 200 in 2ms (user: anonymous)
2026-08-23 02:08:01.546 +04:00 [INF] OPTIONS /api/v1/stories/7f84cf4f-c6b0-4676-a378-53fdb100f1aa responded 204 in 0ms (user: anonymous)
2026-08-23 02:08:01.547 +04:00 [INF] GET /api/v1/favorites responded 200 in 1ms (user: anonymous)
2026-08-23 02:08:01.550 +04:00 [INF] GET /api/v1/favorites responded 200 in 1ms (user: anonymous)
2026-08-23 02:08:01.555 +04:00 [INF] GET /api/v1/profile responded 200 in 5ms (user: anonymous)
2026-08-23 02:08:01.562 +04:00 [INF] GET /api/v1/stories/7f84cf4f-c6b0-4676-a378-53fdb100f1aa responded 200 in 12ms (user: anonymous)
2026-08-23 02:08:01.566 +04:00 [INF] GET /api/v1/stories/7f84cf4f-c6b0-4676-a378-53fdb100f1aa responded 200 in 2ms (user: anonymous)
2026-08-23 02:08:02.579 +04:00 [INF] GET /api/v1/stories responded 200 in 0ms (user: anonymous)
2026-08-23 02:08:02.579 +04:00 [INF] GET /api/v1/story-categories responded 200 in 0ms (user: anonymous)
2026-08-23 02:08:02.580 +04:00 [INF] GET /api/v1/favorites responded 200 in 1ms (user: anonymous)
2026-08-23 02:08:02.581 +04:00 [INF] GET /api/v1/story-categories responded 200 in 0ms (user: anonymous)
2026-08-23 02:08:02.581 +04:00 [INF] GET /api/v1/stories responded 200 in 0ms (user: anonymous)
2026-08-23 02:08:02.582 +04:00 [INF] GET /api/v1/favorites responded 200 in 1ms (user: anonymous)
2026-08-23 02:08:02.583 +04:00 [INF] GET /api/v1/profile responded 200 in 4ms (user: anonymous)
2026-08-23 02:08:02.589 +04:00 [INF] GET /api/v1/profile responded 200 in 5ms (user: anonymous)
2026-08-23 02:08:03.066 +04:00 [INF] OPTIONS /api/v1/stories/3feed0f4-142f-4a75-8b22-4aa5da1b55cd responded 204 in 0ms (user: anonymous)
2026-08-23 02:08:03.066 +04:00 [INF] OPTIONS /api/v1/stories/3feed0f4-142f-4a75-8b22-4aa5da1b55cd responded 204 in 0ms (user: anonymous)
2026-08-23 02:08:03.068 +04:00 [INF] GET /api/v1/favorites responded 200 in 1ms (user: anonymous)
2026-08-23 02:08:03.070 +04:00 [INF] GET /api/v1/profile responded 200 in 4ms (user: anonymous)
2026-08-23 02:08:03.073 +04:00 [INF] GET /api/v1/favorites responded 200 in 2ms (user: anonymous)
2026-08-23 02:08:03.075 +04:00 [INF] GET /api/v1/profile responded 200 in 2ms (user: anonymous)
2026-08-23 02:08:03.075 +04:00 [INF] GET /api/v1/stories/3feed0f4-142f-4a75-8b22-4aa5da1b55cd responded 200 in 3ms (user: anonymous)
2026-08-23 02:08:03.081 +04:00 [INF] GET /api/v1/stories/3feed0f4-142f-4a75-8b22-4aa5da1b55cd responded 200 in 2ms (user: anonymous)
2026-08-23 02:08:04.305 +04:00 [INF] GET /api/v1/favorites responded 200 in 1ms (user: anonymous)
2026-08-23 02:08:04.308 +04:00 [INF] GET /api/v1/stories/3feed0f4-142f-4a75-8b22-4aa5da1b55cd responded 200 in 4ms (user: anonymous)
2026-08-23 02:08:04.308 +04:00 [INF] GET /api/v1/profile responded 200 in 5ms (user: anonymous)
2026-08-23 02:08:04.309 +04:00 [INF] GET /api/v1/favorites responded 200 in 2ms (user: anonymous)
2026-08-23 02:08:04.315 +04:00 [INF] GET /api/v1/stories/3feed0f4-142f-4a75-8b22-4aa5da1b55cd responded 200 in 4ms (user: anonymous)
2026-08-23 02:08:04.316 +04:00 [INF] GET /api/v1/profile responded 200 in 5ms (user: anonymous)
2026-08-23 02:08:04.323 +04:00 [INF] OPTIONS /api/v1/progress responded 204 in 0ms (user: anonymous)
2026-08-23 02:08:04.324 +04:00 [INF] GET /api/v1/profile responded 200 in 6ms (user: anonymous)
2026-08-23 02:08:04.331 +04:00 [INF] GET /api/v1/profile responded 200 in 5ms (user: anonymous)
2026-08-23 02:08:04.340 +04:00 [INF] POST /api/v1/progress responded 200 in 13ms (user: anonymous)
2026-08-23 02:08:04.343 +04:00 [INF] POST /api/v1/progress responded 200 in 4ms (user: anonymous)
2026-08-23 02:08:04.356 +04:00 [INF] POST /api/v1/progress responded 200 in 4ms (user: anonymous)
2026-08-23 02:08:04.366 +04:00 [INF] OPTIONS /api/v1/progress/reading-history responded 204 in 0ms (user: anonymous)
2026-08-23 02:08:04.366 +04:00 [INF] OPTIONS /api/v1/progress/reading-history responded 204 in 0ms (user: anonymous)
2026-08-23 02:08:04.366 +04:00 [INF] OPTIONS /api/v1/progress/reading-history responded 204 in 0ms (user: anonymous)
2026-08-23 02:08:04.370 +04:00 [INF] POST /api/v1/progress responded 200 in 4ms (user: anonymous)
2026-08-23 02:08:04.378 +04:00 [INF] POST /api/v1/progress/reading-history responded 200 in 5ms (user: anonymous)
2026-08-23 02:08:04.378 +04:00 [INF] POST /api/v1/progress/reading-history responded 200 in 6ms (user: anonymous)
2026-08-23 02:08:04.378 +04:00 [INF] POST /api/v1/progress/reading-history responded 200 in 4ms (user: anonymous)
2026-08-23 02:08:04.380 +04:00 [INF] POST /api/v1/progress/reading-history responded 200 in 2ms (user: anonymous)
2026-08-23 02:08:04.383 +04:00 [INF] OPTIONS /api/v1/progress/streak responded 204 in 0ms (user: anonymous)
2026-08-23 02:08:04.386 +04:00 [INF] OPTIONS /api/v1/progress/streak responded 204 in 0ms (user: anonymous)
2026-08-23 02:08:04.389 +04:00 [INF] OPTIONS /api/v1/progress/streak responded 204 in 0ms (user: anonymous)
2026-08-23 02:08:04.392 +04:00 [INF] OPTIONS /api/v1/progress/streak responded 204 in 0ms (user: anonymous)
2026-08-23 02:08:04.401 +04:00 [INF] GET /api/v1/progress/streak responded 200 in 7ms (user: anonymous)
2026-08-23 02:08:04.405 +04:00 [INF] GET /api/v1/progress/streak responded 200 in 3ms (user: anonymous)
2026-08-23 02:08:04.408 +04:00 [INF] GET /api/v1/progress/streak responded 200 in 1ms (user: anonymous)
2026-08-23 02:08:04.411 +04:00 [INF] GET /api/v1/progress/streak responded 200 in 2ms (user: anonymous)
2026-08-23 02:08:05.834 +04:00 [INF] OPTIONS /api/v1/quizzes/story/3feed0f4-142f-4a75-8b22-4aa5da1b55cd responded 204 in 0ms (user: anonymous)
2026-08-23 02:08:09.703 +04:00 [INF] GET /api/v1/quizzes/story/3feed0f4-142f-4a75-8b22-4aa5da1b55cd responded 200 in 3864ms (user: anonymous)
2026-08-23 02:08:09.708 +04:00 [INF] OPTIONS /api/v1/profile responded 204 in 0ms (user: anonymous)
2026-08-23 02:08:09.725 +04:00 [INF] GET /api/v1/profile responded 200 in 13ms (user: anonymous)
2026-08-23 02:08:11.930 +04:00 [INF] OPTIONS /api/v1/profile responded 204 in 0ms (user: anonymous)
2026-08-23 02:08:11.930 +04:00 [INF] OPTIONS /api/v1/profile responded 204 in 0ms (user: anonymous)
2026-08-23 02:08:11.953 +04:00 [INF] PUT /api/v1/profile responded 200 in 14ms (user: anonymous)
2026-08-23 02:08:11.957 +04:00 [INF] PUT /api/v1/profile responded 200 in 3ms (user: anonymous)
2026-08-23 02:08:11.974 +04:00 [INF] GET /api/v1/profile responded 200 in 14ms (user: anonymous)
2026-08-23 02:08:11.981 +04:00 [INF] GET /api/v1/profile responded 200 in 4ms (user: anonymous)
2026-08-23 02:08:11.985 +04:00 [INF] GET /api/v1/profile responded 200 in 2ms (user: anonymous)
2026-08-23 02:08:11.994 +04:00 [INF] GET /api/v1/profile responded 200 in 7ms (user: anonymous)
2026-08-23 02:08:14.579 +04:00 [INF] PUT /api/v1/profile responded 200 in 10ms (user: anonymous)
2026-08-23 02:08:14.583 +04:00 [INF] PUT /api/v1/profile responded 200 in 3ms (user: anonymous)
2026-08-23 02:08:14.601 +04:00 [INF] GET /api/v1/profile responded 200 in 16ms (user: anonymous)
2026-08-23 02:08:14.607 +04:00 [INF] GET /api/v1/profile responded 200 in 4ms (user: anonymous)
2026-08-23 02:08:14.614 +04:00 [INF] GET /api/v1/profile responded 200 in 5ms (user: anonymous)
2026-08-23 02:08:14.618 +04:00 [INF] GET /api/v1/profile responded 200 in 3ms (user: anonymous)
2026-08-23 02:08:20.594 +04:00 [INF] OPTIONS /api/v1/profile responded 204 in 0ms (user: anonymous)
2026-08-23 02:08:20.594 +04:00 [INF] OPTIONS /api/v1/favorites responded 204 in 0ms (user: anonymous)
2026-08-23 02:08:20.594 +04:00 [INF] OPTIONS /api/v1/profile responded 204 in 0ms (user: anonymous)
2026-08-23 02:08:20.594 +04:00 [INF] OPTIONS /api/v1/stories/3feed0f4-142f-4a75-8b22-4aa5da1b55cd responded 204 in 0ms (user: anonymous)
2026-08-23 02:08:20.595 +04:00 [INF] OPTIONS /api/v1/stories/3feed0f4-142f-4a75-8b22-4aa5da1b55cd responded 204 in 0ms (user: anonymous)
2026-08-23 02:08:20.595 +04:00 [INF] OPTIONS /api/v1/favorites responded 204 in 0ms (user: anonymous)
2026-08-23 02:08:20.603 +04:00 [INF] GET /api/v1/profile responded 200 in 4ms (user: anonymous)
2026-08-23 02:08:20.606 +04:00 [INF] GET /api/v1/favorites responded 200 in 5ms (user: anonymous)
2026-08-23 02:08:20.610 +04:00 [INF] GET /api/v1/profile responded 200 in 5ms (user: anonymous)
2026-08-23 02:08:20.613 +04:00 [INF] GET /api/v1/favorites responded 200 in 2ms (user: anonymous)
2026-08-23 02:08:20.621 +04:00 [INF] GET /api/v1/stories/3feed0f4-142f-4a75-8b22-4aa5da1b55cd responded 200 in 15ms (user: anonymous)
2026-08-23 02:08:20.625 +04:00 [INF] GET /api/v1/stories/3feed0f4-142f-4a75-8b22-4aa5da1b55cd responded 200 in 2ms (user: anonymous)
2026-08-23 02:08:21.911 +04:00 [INF] OPTIONS /api/v1/story-categories responded 204 in 0ms (user: anonymous)
2026-08-23 02:08:21.911 +04:00 [INF] OPTIONS /api/v1/stories responded 204 in 0ms (user: anonymous)
2026-08-23 02:08:21.911 +04:00 [INF] OPTIONS /api/v1/stories responded 204 in 0ms (user: anonymous)
2026-08-23 02:08:21.911 +04:00 [INF] OPTIONS /api/v1/story-categories responded 204 in 0ms (user: anonymous)
2026-08-23 02:08:21.913 +04:00 [INF] GET /api/v1/favorites responded 200 in 1ms (user: anonymous)
2026-08-23 02:08:21.915 +04:00 [INF] GET /api/v1/profile responded 200 in 3ms (user: anonymous)
2026-08-23 02:08:21.916 +04:00 [INF] GET /api/v1/favorites responded 200 in 1ms (user: anonymous)
2026-08-23 02:08:21.916 +04:00 [INF] GET /api/v1/story-categories responded 200 in 0ms (user: anonymous)
2026-08-23 02:08:21.918 +04:00 [INF] GET /api/v1/stories responded 200 in 0ms (user: anonymous)
2026-08-23 02:08:21.922 +04:00 [INF] GET /api/v1/stories responded 200 in 0ms (user: anonymous)
2026-08-23 02:08:21.922 +04:00 [INF] GET /api/v1/profile responded 200 in 5ms (user: anonymous)
2026-08-23 02:08:21.924 +04:00 [INF] GET /api/v1/story-categories responded 200 in 0ms (user: anonymous)
2026-08-23 02:08:22.808 +04:00 [INF] GET /api/v1/stories responded 200 in 0ms (user: anonymous)
2026-08-23 02:08:22.808 +04:00 [INF] GET /api/v1/story-categories responded 200 in 0ms (user: anonymous)
2026-08-23 02:08:22.811 +04:00 [INF] GET /api/v1/favorites responded 200 in 3ms (user: anonymous)
2026-08-23 02:08:22.812 +04:00 [INF] GET /api/v1/story-categories responded 200 in 0ms (user: anonymous)
2026-08-23 02:08:22.812 +04:00 [INF] GET /api/v1/stories responded 200 in 0ms (user: anonymous)
2026-08-23 02:08:22.815 +04:00 [INF] GET /api/v1/profile responded 200 in 7ms (user: anonymous)
2026-08-23 02:08:22.815 +04:00 [INF] GET /api/v1/favorites responded 200 in 1ms (user: anonymous)
2026-08-23 02:08:22.821 +04:00 [INF] GET /api/v1/profile responded 200 in 5ms (user: anonymous)
2026-08-23 02:09:36.360 +04:00 [INF] OPTIONS /api/v1/stories responded 204 in 0ms (user: anonymous)
2026-08-23 02:09:36.360 +04:00 [INF] OPTIONS /api/v1/profile responded 204 in 0ms (user: anonymous)
2026-08-23 02:09:36.360 +04:00 [INF] OPTIONS /api/v1/favorites responded 204 in 0ms (user: anonymous)
2026-08-23 02:09:36.360 +04:00 [INF] OPTIONS /api/v1/story-categories responded 204 in 0ms (user: anonymous)
2026-08-23 02:09:36.366 +04:00 [INF] GET /api/v1/stories responded 200 in 0ms (user: anonymous)
2026-08-23 02:09:36.377 +04:00 [INF] GET /api/v1/story-categories responded 200 in 0ms (user: anonymous)
2026-08-23 02:09:36.380 +04:00 [INF] GET /api/v1/favorites responded 200 in 5ms (user: anonymous)
2026-08-23 02:09:36.388 +04:00 [INF] GET /api/v1/profile responded 200 in 18ms (user: anonymous)
2026-08-23 02:10:27.525 +04:00 [INF] OPTIONS /api/v1/favorites responded 204 in 0ms (user: anonymous)
2026-08-23 02:10:27.525 +04:00 [INF] OPTIONS /api/v1/profile responded 204 in 0ms (user: anonymous)
2026-08-23 02:10:27.525 +04:00 [INF] OPTIONS /api/v1/stories responded 204 in 0ms (user: anonymous)
2026-08-23 02:10:27.526 +04:00 [INF] OPTIONS /api/v1/story-categories responded 204 in 0ms (user: anonymous)
2026-08-23 02:10:27.526 +04:00 [INF] OPTIONS /api/v1/profile responded 204 in 0ms (user: anonymous)
2026-08-23 02:10:27.526 +04:00 [INF] OPTIONS /api/v1/stories responded 204 in 0ms (user: anonymous)
2026-08-23 02:10:27.527 +04:00 [INF] OPTIONS /api/v1/favorites responded 204 in 0ms (user: anonymous)
2026-08-23 02:10:27.528 +04:00 [INF] OPTIONS /api/v1/story-categories responded 204 in 0ms (user: anonymous)
2026-08-23 02:10:27.540 +04:00 [INF] GET /api/v1/favorites responded 200 in 10ms (user: anonymous)
2026-08-23 02:10:27.540 +04:00 [INF] GET /api/v1/story-categories responded 200 in 0ms (user: anonymous)
2026-08-23 02:10:27.548 +04:00 [INF] GET /api/v1/story-categories responded 200 in 0ms (user: anonymous)
2026-08-23 02:10:27.548 +04:00 [INF] GET /api/v1/favorites responded 200 in 3ms (user: anonymous)
2026-08-23 02:10:27.549 +04:00 [INF] GET /api/v1/stories responded 200 in 10ms (user: anonymous)
2026-08-23 02:10:27.554 +04:00 [INF] GET /api/v1/stories responded 200 in 0ms (user: anonymous)
2026-08-23 02:10:27.556 +04:00 [INF] GET /api/v1/profile responded 200 in 20ms (user: anonymous)
2026-08-23 02:10:27.560 +04:00 [INF] GET /api/v1/profile responded 200 in 2ms (user: anonymous)
2026-08-23 02:10:28.552 +04:00 [INF] GET /api/v1/story-categories responded 200 in 1ms (user: anonymous)
2026-08-23 02:10:28.552 +04:00 [INF] GET /api/v1/stories responded 200 in 1ms (user: anonymous)
2026-08-23 02:10:28.554 +04:00 [INF] GET /api/v1/favorites responded 200 in 3ms (user: anonymous)
2026-08-23 02:10:28.555 +04:00 [INF] GET /api/v1/stories responded 200 in 0ms (user: anonymous)
2026-08-23 02:10:28.555 +04:00 [INF] GET /api/v1/story-categories responded 200 in 0ms (user: anonymous)
2026-08-23 02:10:28.557 +04:00 [INF] GET /api/v1/profile responded 200 in 7ms (user: anonymous)
2026-08-23 02:10:28.558 +04:00 [INF] GET /api/v1/favorites responded 200 in 2ms (user: anonymous)
2026-08-23 02:10:28.562 +04:00 [INF] GET /api/v1/profile responded 200 in 2ms (user: anonymous)
2026-08-23 02:10:28.786 +04:00 [INF] GET /api/v1/story-categories responded 200 in 0ms (user: anonymous)
2026-08-23 02:10:28.786 +04:00 [INF] GET /api/v1/stories responded 200 in 0ms (user: anonymous)
2026-08-23 02:10:28.788 +04:00 [INF] GET /api/v1/favorites responded 200 in 1ms (user: anonymous)
2026-08-23 02:10:28.789 +04:00 [INF] GET /api/v1/stories responded 200 in 0ms (user: anonymous)
2026-08-23 02:10:28.789 +04:00 [INF] GET /api/v1/story-categories responded 200 in 0ms (user: anonymous)
2026-08-23 02:10:28.792 +04:00 [INF] GET /api/v1/favorites responded 200 in 2ms (user: anonymous)
2026-08-23 02:10:28.792 +04:00 [INF] GET /api/v1/profile responded 200 in 7ms (user: anonymous)
2026-08-23 02:10:28.797 +04:00 [INF] GET /api/v1/profile responded 200 in 3ms (user: anonymous)
2026-08-23 02:10:28.990 +04:00 [INF] GET /api/v1/stories responded 200 in 0ms (user: anonymous)
2026-08-23 02:10:28.990 +04:00 [INF] GET /api/v1/story-categories responded 200 in 0ms (user: anonymous)
2026-08-23 02:10:28.991 +04:00 [INF] GET /api/v1/favorites responded 200 in 1ms (user: anonymous)
2026-08-23 02:10:28.992 +04:00 [INF] GET /api/v1/stories responded 200 in 0ms (user: anonymous)
2026-08-23 02:10:28.992 +04:00 [INF] GET /api/v1/story-categories responded 200 in 0ms (user: anonymous)
2026-08-23 02:10:28.994 +04:00 [INF] GET /api/v1/favorites responded 200 in 1ms (user: anonymous)
2026-08-23 02:10:28.995 +04:00 [INF] GET /api/v1/profile responded 200 in 5ms (user: anonymous)
2026-08-23 02:10:29.001 +04:00 [INF] GET /api/v1/profile responded 200 in 5ms (user: anonymous)
2026-08-23 02:10:42.162 +04:00 [INF] OPTIONS /api/v1/profile responded 204 in 0ms (user: anonymous)
2026-08-23 02:10:42.162 +04:00 [INF] OPTIONS /api/v1/stories/ff71137a-c796-499b-9a8e-5cc111b19174 responded 204 in 0ms (user: anonymous)
2026-08-23 02:10:42.162 +04:00 [INF] OPTIONS /api/v1/favorites responded 204 in 0ms (user: anonymous)
2026-08-23 02:10:42.162 +04:00 [INF] OPTIONS /api/v1/profile responded 204 in 0ms (user: anonymous)
2026-08-23 02:10:42.163 +04:00 [INF] OPTIONS /api/v1/stories/ff71137a-c796-499b-9a8e-5cc111b19174 responded 204 in 0ms (user: anonymous)
2026-08-23 02:10:42.163 +04:00 [INF] OPTIONS /api/v1/favorites responded 204 in 0ms (user: anonymous)
2026-08-23 02:10:42.173 +04:00 [INF] GET /api/v1/profile responded 200 in 5ms (user: anonymous)
2026-08-23 02:10:42.178 +04:00 [INF] GET /api/v1/favorites responded 200 in 4ms (user: anonymous)
2026-08-23 02:10:42.182 +04:00 [INF] GET /api/v1/profile responded 200 in 3ms (user: anonymous)
2026-08-23 02:10:42.183 +04:00 [INF] GET /api/v1/favorites responded 200 in 2ms (user: anonymous)
2026-08-23 02:10:42.192 +04:00 [INF] GET /api/v1/stories/ff71137a-c796-499b-9a8e-5cc111b19174 responded 200 in 21ms (user: anonymous)
2026-08-23 02:10:42.195 +04:00 [INF] GET /api/v1/stories/ff71137a-c796-499b-9a8e-5cc111b19174 responded 200 in 2ms (user: anonymous)
2026-08-23 02:11:44.364 +04:00 [INF] OPTIONS /api/v1/profile responded 204 in 0ms (user: anonymous)
2026-08-23 02:11:44.364 +04:00 [INF] OPTIONS /api/v1/vocabularies responded 204 in 0ms (user: anonymous)
2026-08-23 02:11:44.364 +04:00 [INF] OPTIONS /api/v1/vocabularies responded 204 in 0ms (user: anonymous)
2026-08-23 02:11:44.364 +04:00 [INF] OPTIONS /api/v1/profile responded 204 in 0ms (user: anonymous)
2026-08-23 02:11:44.382 +04:00 [INF] GET /api/v1/vocabularies responded 200 in 11ms (user: anonymous)
2026-08-23 02:11:44.388 +04:00 [INF] GET /api/v1/profile responded 200 in 19ms (user: anonymous)
2026-08-23 02:11:44.389 +04:00 [INF] GET /api/v1/vocabularies responded 200 in 4ms (user: anonymous)
2026-08-23 02:11:44.393 +04:00 [INF] GET /api/v1/profile responded 200 in 3ms (user: anonymous)
2026-08-23 02:11:44.402 +04:00 [INF] GET /api/v1/vocabularies responded 200 in 3ms (user: anonymous)
2026-08-23 02:11:44.407 +04:00 [INF] GET /api/v1/vocabularies responded 200 in 3ms (user: anonymous)
2026-08-23 02:12:38.396 +04:00 [INF] OPTIONS /api/v1/stories responded 204 in 0ms (user: anonymous)
2026-08-23 02:12:38.396 +04:00 [INF] OPTIONS /api/v1/favorites responded 204 in 0ms (user: anonymous)
2026-08-23 02:12:38.396 +04:00 [INF] OPTIONS /api/v1/profile responded 204 in 0ms (user: anonymous)
2026-08-23 02:12:38.396 +04:00 [INF] OPTIONS /api/v1/story-categories responded 204 in 0ms (user: anonymous)
2026-08-23 02:12:38.397 +04:00 [INF] OPTIONS /api/v1/profile responded 204 in 0ms (user: anonymous)
2026-08-23 02:12:38.397 +04:00 [INF] OPTIONS /api/v1/stories responded 204 in 0ms (user: anonymous)
2026-08-23 02:12:38.397 +04:00 [INF] OPTIONS /api/v1/favorites responded 204 in 0ms (user: anonymous)
2026-08-23 02:12:38.397 +04:00 [INF] OPTIONS /api/v1/story-categories responded 204 in 0ms (user: anonymous)
2026-08-23 02:12:38.408 +04:00 [INF] GET /api/v1/favorites responded 200 in 6ms (user: anonymous)
2026-08-23 02:12:38.418 +04:00 [INF] GET /api/v1/story-categories responded 200 in 11ms (user: anonymous)
2026-08-23 02:12:38.420 +04:00 [INF] GET /api/v1/story-categories responded 200 in 0ms (user: anonymous)
2026-08-23 02:12:38.421 +04:00 [INF] GET /api/v1/favorites responded 200 in 6ms (user: anonymous)
2026-08-23 02:12:38.424 +04:00 [INF] GET /api/v1/stories responded 200 in 23ms (user: anonymous)
2026-08-23 02:12:38.425 +04:00 [INF] GET /api/v1/profile responded 200 in 20ms (user: anonymous)
2026-08-23 02:12:38.426 +04:00 [INF] GET /api/v1/stories responded 200 in 0ms (user: anonymous)
2026-08-23 02:12:38.431 +04:00 [INF] GET /api/v1/profile responded 200 in 4ms (user: anonymous)
2026-08-23 02:12:40.022 +04:00 [INF] OPTIONS /api/v1/stories/7f84cf4f-c6b0-4676-a378-53fdb100f1aa responded 204 in 0ms (user: anonymous)
2026-08-23 02:12:40.022 +04:00 [INF] OPTIONS /api/v1/stories/7f84cf4f-c6b0-4676-a378-53fdb100f1aa responded 204 in 0ms (user: anonymous)
2026-08-23 02:12:40.023 +04:00 [INF] GET /api/v1/favorites responded 200 in 1ms (user: anonymous)
2026-08-23 02:12:40.026 +04:00 [INF] GET /api/v1/profile responded 200 in 3ms (user: anonymous)
2026-08-23 02:12:40.032 +04:00 [INF] GET /api/v1/profile responded 200 in 5ms (user: anonymous)
2026-08-23 02:12:40.026 +04:00 [INF] GET /api/v1/favorites responded 200 in 1ms (user: anonymous)
2026-08-23 02:12:40.041 +04:00 [INF] GET /api/v1/stories/7f84cf4f-c6b0-4676-a378-53fdb100f1aa responded 200 in 16ms (user: anonymous)
2026-08-23 02:12:40.044 +04:00 [INF] GET /api/v1/stories/7f84cf4f-c6b0-4676-a378-53fdb100f1aa responded 200 in 2ms (user: anonymous)
2026-08-23 02:12:50.024 +04:00 [INF] OPTIONS /api/v1/profile responded 204 in 0ms (user: anonymous)
2026-08-23 02:12:50.024 +04:00 [INF] OPTIONS /api/v1/stories/7f84cf4f-c6b0-4676-a378-53fdb100f1aa responded 204 in 0ms (user: anonymous)
2026-08-23 02:12:50.024 +04:00 [INF] OPTIONS /api/v1/favorites responded 204 in 0ms (user: anonymous)
2026-08-23 02:12:50.034 +04:00 [INF] GET /api/v1/stories/7f84cf4f-c6b0-4676-a378-53fdb100f1aa responded 200 in 2ms (user: anonymous)
2026-08-23 02:12:50.034 +04:00 [INF] GET /api/v1/profile responded 200 in 5ms (user: anonymous)
2026-08-23 02:12:50.034 +04:00 [INF] GET /api/v1/favorites responded 200 in 0ms (user: anonymous)
2026-08-23 02:12:56.183 +04:00 [INF] OPTIONS /api/v1/profile responded 204 in 0ms (user: anonymous)
2026-08-23 02:12:56.183 +04:00 [INF] OPTIONS /api/v1/profile responded 204 in 0ms (user: anonymous)
2026-08-23 02:12:56.183 +04:00 [INF] OPTIONS /api/v1/vocabularies responded 204 in 0ms (user: anonymous)
2026-08-23 02:12:56.183 +04:00 [INF] OPTIONS /api/v1/vocabularies responded 204 in 0ms (user: anonymous)
2026-08-23 02:12:56.192 +04:00 [INF] GET /api/v1/profile responded 200 in 4ms (user: anonymous)
2026-08-23 02:12:56.201 +04:00 [INF] GET /api/v1/profile responded 200 in 3ms (user: anonymous)
2026-08-23 02:12:56.202 +04:00 [INF] GET /api/v1/vocabularies responded 200 in 12ms (user: anonymous)
2026-08-23 02:12:56.207 +04:00 [INF] GET /api/v1/vocabularies responded 200 in 4ms (user: anonymous)
2026-08-23 02:12:56.235 +04:00 [INF] GET /api/v1/vocabularies responded 200 in 7ms (user: anonymous)
2026-08-23 02:12:56.250 +04:00 [INF] GET /api/v1/vocabularies responded 200 in 13ms (user: anonymous)
2026-08-23 02:13:16.755 +04:00 [INF] OPTIONS /api/v1/vocabularies responded 204 in 0ms (user: anonymous)
2026-08-23 02:13:16.769 +04:00 [INF] GET /api/v1/vocabularies responded 200 in 7ms (user: anonymous)
2026-08-23 02:13:36.464 +04:00 [INF] OPTIONS /api/v1/vocabularies responded 204 in 0ms (user: anonymous)
2026-08-23 02:13:36.473 +04:00 [INF] GET /api/v1/vocabularies responded 200 in 3ms (user: anonymous)
2026-08-23 02:14:09.307 +04:00 [INF] OPTIONS /api/v1/profile responded 204 in 0ms (user: anonymous)
2026-08-23 02:14:09.307 +04:00 [INF] OPTIONS /api/v1/profile responded 204 in 0ms (user: anonymous)
2026-08-23 02:14:09.307 +04:00 [INF] OPTIONS /api/v1/profile responded 204 in 0ms (user: anonymous)
2026-08-23 02:14:09.308 +04:00 [INF] OPTIONS /api/v1/profile responded 204 in 0ms (user: anonymous)
2026-08-23 02:14:09.327 +04:00 [INF] GET /api/v1/profile responded 200 in 14ms (user: anonymous)
2026-08-23 02:14:09.332 +04:00 [INF] GET /api/v1/profile responded 200 in 3ms (user: anonymous)
2026-08-23 02:14:09.338 +04:00 [INF] GET /api/v1/profile responded 200 in 4ms (user: anonymous)
2026-08-23 02:14:09.344 +04:00 [INF] GET /api/v1/profile responded 200 in 5ms (user: anonymous)
2026-08-23 02:14:09.351 +04:00 [INF] GET /api/v1/profile responded 200 in 4ms (user: anonymous)
2026-08-23 02:14:09.356 +04:00 [INF] GET /api/v1/profile responded 200 in 3ms (user: anonymous)
2026-08-23 02:14:12.481 +04:00 [INF] OPTIONS /api/v1/leaderboard responded 204 in 0ms (user: anonymous)
2026-08-23 02:14:12.481 +04:00 [INF] OPTIONS /api/v1/leaderboard responded 204 in 0ms (user: anonymous)
2026-08-23 02:14:12.486 +04:00 [INF] GET /api/v1/profile responded 200 in 4ms (user: anonymous)
2026-08-23 02:14:12.494 +04:00 [INF] GET /api/v1/profile responded 200 in 7ms (user: anonymous)
2026-08-23 02:14:12.500 +04:00 [INF] GET /api/v1/profile responded 200 in 3ms (user: anonymous)
2026-08-23 02:14:12.504 +04:00 [INF] GET /api/v1/profile responded 200 in 3ms (user: anonymous)
2026-08-23 02:14:12.525 +04:00 [INF] GET /api/v1/leaderboard responded 200 in 39ms (user: anonymous)
2026-08-23 02:14:12.535 +04:00 [INF] GET /api/v1/leaderboard responded 200 in 7ms (user: anonymous)
2026-08-23 02:14:12.548 +04:00 [INF] GET /uploads/profile-pictures/918aa3dd2437495c809d955a58ac1bd9.png responded 200 in 8ms (user: anonymous)
2026-08-23 02:14:13.368 +04:00 [INF] OPTIONS /api/v1/vocabularies responded 204 in 0ms (user: anonymous)
2026-08-23 02:14:13.368 +04:00 [INF] OPTIONS /api/v1/vocabularies responded 204 in 0ms (user: anonymous)
2026-08-23 02:14:13.375 +04:00 [INF] GET /api/v1/profile responded 200 in 6ms (user: anonymous)
2026-08-23 02:14:13.384 +04:00 [INF] GET /api/v1/profile responded 200 in 7ms (user: anonymous)
2026-08-23 02:14:13.387 +04:00 [INF] GET /api/v1/vocabularies responded 200 in 11ms (user: anonymous)
2026-08-23 02:14:13.391 +04:00 [INF] GET /api/v1/vocabularies responded 200 in 3ms (user: anonymous)
2026-08-23 02:14:13.416 +04:00 [INF] GET /api/v1/vocabularies responded 200 in 5ms (user: anonymous)
2026-08-23 02:14:13.445 +04:00 [INF] GET /api/v1/vocabularies responded 200 in 27ms (user: anonymous)
2026-08-23 02:14:16.032 +04:00 [INF] OPTIONS /api/v1/stories responded 204 in 0ms (user: anonymous)
2026-08-23 02:14:16.032 +04:00 [INF] OPTIONS /api/v1/profile responded 204 in 0ms (user: anonymous)
2026-08-23 02:14:16.032 +04:00 [INF] OPTIONS /api/v1/favorites responded 204 in 0ms (user: anonymous)
2026-08-23 02:14:16.032 +04:00 [INF] OPTIONS /api/v1/story-categories responded 204 in 0ms (user: anonymous)
2026-08-23 02:14:16.032 +04:00 [INF] OPTIONS /api/v1/stories responded 204 in 0ms (user: anonymous)
2026-08-23 02:14:16.032 +04:00 [INF] OPTIONS /api/v1/favorites responded 204 in 0ms (user: anonymous)
2026-08-23 02:14:16.032 +04:00 [INF] OPTIONS /api/v1/profile responded 204 in 0ms (user: anonymous)
2026-08-23 02:14:16.033 +04:00 [INF] OPTIONS /api/v1/story-categories responded 204 in 0ms (user: anonymous)
2026-08-23 02:14:16.037 +04:00 [INF] GET /api/v1/stories responded 200 in 0ms (user: anonymous)
2026-08-23 02:14:16.044 +04:00 [INF] GET /api/v1/profile responded 200 in 4ms (user: anonymous)
2026-08-23 02:14:16.046 +04:00 [INF] GET /api/v1/story-categories responded 200 in 0ms (user: anonymous)
2026-08-23 02:14:16.048 +04:00 [INF] GET /api/v1/stories responded 200 in 0ms (user: anonymous)
2026-08-23 02:14:16.048 +04:00 [INF] GET /api/v1/favorites responded 200 in 6ms (user: anonymous)
2026-08-23 02:14:16.051 +04:00 [INF] GET /api/v1/favorites responded 200 in 1ms (user: anonymous)
2026-08-23 02:14:16.054 +04:00 [INF] GET /api/v1/story-categories responded 200 in 0ms (user: anonymous)
2026-08-23 02:14:16.054 +04:00 [INF] GET /api/v1/profile responded 200 in 2ms (user: anonymous)
2026-08-23 02:14:18.208 +04:00 [INF] OPTIONS /api/v1/stories/886d3625-3650-4b0b-8052-a9c5ca89a0be responded 204 in 0ms (user: anonymous)
2026-08-23 02:14:18.208 +04:00 [INF] OPTIONS /api/v1/stories/886d3625-3650-4b0b-8052-a9c5ca89a0be responded 204 in 0ms (user: anonymous)
2026-08-23 02:14:18.212 +04:00 [INF] GET /api/v1/favorites responded 200 in 3ms (user: anonymous)
2026-08-23 02:14:18.215 +04:00 [INF] GET /api/v1/profile responded 200 in 6ms (user: anonymous)
2026-08-23 02:14:18.215 +04:00 [INF] GET /api/v1/favorites responded 200 in 1ms (user: anonymous)
2026-08-23 02:14:18.223 +04:00 [INF] GET /api/v1/profile responded 200 in 6ms (user: anonymous)
2026-08-23 02:14:18.230 +04:00 [INF] GET /api/v1/stories/886d3625-3650-4b0b-8052-a9c5ca89a0be responded 403 in 13ms (user: anonymous)
2026-08-23 02:14:18.236 +04:00 [INF] GET /api/v1/stories/886d3625-3650-4b0b-8052-a9c5ca89a0be responded 403 in 2ms (user: anonymous)
2026-08-23 02:14:19.725 +04:00 [INF] GET /api/v1/story-categories responded 200 in 0ms (user: anonymous)
2026-08-23 02:14:19.725 +04:00 [INF] GET /api/v1/stories responded 200 in 0ms (user: anonymous)
2026-08-23 02:14:19.727 +04:00 [INF] GET /api/v1/favorites responded 200 in 2ms (user: anonymous)
2026-08-23 02:14:19.728 +04:00 [INF] GET /api/v1/story-categories responded 200 in 0ms (user: anonymous)
2026-08-23 02:14:19.728 +04:00 [INF] GET /api/v1/stories responded 200 in 0ms (user: anonymous)
2026-08-23 02:14:19.731 +04:00 [INF] GET /api/v1/favorites responded 200 in 2ms (user: anonymous)
2026-08-23 02:14:19.732 +04:00 [INF] GET /api/v1/profile responded 200 in 7ms (user: anonymous)
2026-08-23 02:14:19.739 +04:00 [INF] GET /api/v1/profile responded 200 in 6ms (user: anonymous)
2026-08-23 02:14:20.969 +04:00 [INF] OPTIONS /api/v1/stories/7f84cf4f-c6b0-4676-a378-53fdb100f1aa responded 204 in 0ms (user: anonymous)
2026-08-23 02:14:20.969 +04:00 [INF] OPTIONS /api/v1/stories/7f84cf4f-c6b0-4676-a378-53fdb100f1aa responded 204 in 0ms (user: anonymous)
2026-08-23 02:14:20.970 +04:00 [INF] GET /api/v1/favorites responded 200 in 1ms (user: anonymous)
2026-08-23 02:14:20.973 +04:00 [INF] GET /api/v1/profile responded 200 in 4ms (user: anonymous)
2026-08-23 02:14:20.973 +04:00 [INF] GET /api/v1/favorites responded 200 in 1ms (user: anonymous)
2026-08-23 02:14:20.979 +04:00 [INF] GET /api/v1/profile responded 200 in 5ms (user: anonymous)
2026-08-23 02:14:20.989 +04:00 [INF] GET /api/v1/stories/7f84cf4f-c6b0-4676-a378-53fdb100f1aa responded 200 in 15ms (user: anonymous)
2026-08-23 02:14:20.993 +04:00 [INF] GET /api/v1/stories/7f84cf4f-c6b0-4676-a378-53fdb100f1aa responded 200 in 2ms (user: anonymous)
2026-08-23 02:14:22.520 +04:00 [INF] OPTIONS /api/v1/favorites responded 204 in 0ms (user: anonymous)
2026-08-23 02:14:22.520 +04:00 [INF] OPTIONS /api/v1/stories responded 204 in 0ms (user: anonymous)
2026-08-23 02:14:22.520 +04:00 [INF] OPTIONS /api/v1/story-categories responded 204 in 0ms (user: anonymous)
2026-08-23 02:14:22.520 +04:00 [INF] OPTIONS /api/v1/profile responded 204 in 0ms (user: anonymous)
2026-08-23 02:14:22.520 +04:00 [INF] OPTIONS /api/v1/profile responded 204 in 0ms (user: anonymous)
2026-08-23 02:14:22.520 +04:00 [INF] OPTIONS /api/v1/favorites responded 204 in 0ms (user: anonymous)
2026-08-23 02:14:22.520 +04:00 [INF] OPTIONS /api/v1/stories responded 204 in 0ms (user: anonymous)
2026-08-23 02:14:22.520 +04:00 [INF] OPTIONS /api/v1/story-categories responded 204 in 0ms (user: anonymous)
2026-08-23 02:14:22.528 +04:00 [INF] GET /api/v1/favorites responded 200 in 3ms (user: anonymous)
2026-08-23 02:14:22.529 +04:00 [INF] GET /api/v1/stories responded 200 in 0ms (user: anonymous)
2026-08-23 02:14:22.532 +04:00 [INF] GET /api/v1/story-categories responded 200 in 0ms (user: anonymous)
2026-08-23 02:14:22.539 +04:00 [INF] GET /api/v1/profile responded 200 in 5ms (user: anonymous)
2026-08-23 02:14:22.543 +04:00 [INF] GET /api/v1/stories responded 200 in 0ms (user: anonymous)
2026-08-23 02:14:22.544 +04:00 [INF] GET /api/v1/favorites responded 200 in 4ms (user: anonymous)
2026-08-23 02:14:22.545 +04:00 [INF] GET /api/v1/story-categories responded 200 in 0ms (user: anonymous)
2026-08-23 02:14:22.551 +04:00 [INF] GET /api/v1/profile responded 200 in 8ms (user: anonymous)
2026-08-23 02:14:23.168 +04:00 [INF] OPTIONS /api/v1/stories/3feed0f4-142f-4a75-8b22-4aa5da1b55cd responded 204 in 0ms (user: anonymous)
2026-08-23 02:14:23.168 +04:00 [INF] OPTIONS /api/v1/stories/3feed0f4-142f-4a75-8b22-4aa5da1b55cd responded 204 in 0ms (user: anonymous)
2026-08-23 02:14:23.170 +04:00 [INF] GET /api/v1/favorites responded 200 in 1ms (user: anonymous)
2026-08-23 02:14:23.173 +04:00 [INF] GET /api/v1/profile responded 200 in 4ms (user: anonymous)
2026-08-23 02:14:23.174 +04:00 [INF] GET /api/v1/favorites responded 200 in 1ms (user: anonymous)
2026-08-23 02:14:23.179 +04:00 [INF] GET /api/v1/stories/3feed0f4-142f-4a75-8b22-4aa5da1b55cd responded 200 in 7ms (user: anonymous)
2026-08-23 02:14:23.184 +04:00 [INF] GET /api/v1/profile responded 200 in 10ms (user: anonymous)
2026-08-23 02:14:23.186 +04:00 [INF] GET /api/v1/stories/3feed0f4-142f-4a75-8b22-4aa5da1b55cd responded 200 in 5ms (user: anonymous)
2026-08-23 02:14:24.484 +04:00 [INF] GET /api/v1/favorites responded 200 in 1ms (user: anonymous)
2026-08-23 02:14:24.486 +04:00 [INF] GET /api/v1/stories/3feed0f4-142f-4a75-8b22-4aa5da1b55cd responded 200 in 3ms (user: anonymous)
2026-08-23 02:14:24.488 +04:00 [INF] GET /api/v1/profile responded 200 in 5ms (user: anonymous)
2026-08-23 02:14:24.488 +04:00 [INF] GET /api/v1/favorites responded 200 in 2ms (user: anonymous)
2026-08-23 02:14:24.490 +04:00 [INF] GET /api/v1/stories/3feed0f4-142f-4a75-8b22-4aa5da1b55cd responded 200 in 2ms (user: anonymous)
2026-08-23 02:14:24.492 +04:00 [INF] GET /api/v1/profile responded 200 in 2ms (user: anonymous)
2026-08-23 02:14:24.503 +04:00 [INF] GET /api/v1/profile responded 200 in 9ms (user: anonymous)
2026-08-23 02:14:24.506 +04:00 [INF] OPTIONS /api/v1/progress responded 204 in 0ms (user: anonymous)
2026-08-23 02:14:24.510 +04:00 [INF] GET /api/v1/profile responded 200 in 4ms (user: anonymous)
2026-08-23 02:14:24.525 +04:00 [INF] POST /api/v1/progress responded 200 in 14ms (user: anonymous)
2026-08-23 02:14:24.534 +04:00 [INF] POST /api/v1/progress responded 200 in 4ms (user: anonymous)
2026-08-23 02:14:24.536 +04:00 [INF] POST /api/v1/progress responded 200 in 3ms (user: anonymous)
2026-08-23 02:14:24.550 +04:00 [INF] OPTIONS /api/v1/progress/reading-history responded 204 in 0ms (user: anonymous)
2026-08-23 02:14:24.553 +04:00 [INF] OPTIONS /api/v1/progress/reading-history responded 204 in 0ms (user: anonymous)
2026-08-23 02:14:24.553 +04:00 [INF] OPTIONS /api/v1/progress/reading-history responded 204 in 0ms (user: anonymous)
2026-08-23 02:14:24.553 +04:00 [INF] POST /api/v1/progress responded 200 in 3ms (user: anonymous)
2026-08-23 02:14:24.565 +04:00 [INF] POST /api/v1/progress/reading-history responded 200 in 11ms (user: anonymous)
2026-08-23 02:14:24.565 +04:00 [INF] POST /api/v1/progress/reading-history responded 200 in 5ms (user: anonymous)
2026-08-23 02:14:24.568 +04:00 [INF] POST /api/v1/progress/reading-history responded 200 in 5ms (user: anonymous)
2026-08-23 02:14:24.573 +04:00 [INF] POST /api/v1/progress/reading-history responded 200 in 7ms (user: anonymous)
2026-08-23 02:14:24.573 +04:00 [INF] OPTIONS /api/v1/progress/streak responded 204 in 0ms (user: anonymous)
2026-08-23 02:14:24.574 +04:00 [INF] OPTIONS /api/v1/progress/streak responded 204 in 0ms (user: anonymous)
2026-08-23 02:14:24.577 +04:00 [INF] OPTIONS /api/v1/progress/streak responded 204 in 0ms (user: anonymous)
2026-08-23 02:14:24.579 +04:00 [INF] OPTIONS /api/v1/progress/streak responded 204 in 0ms (user: anonymous)
2026-08-23 02:14:24.587 +04:00 [INF] GET /api/v1/progress/streak responded 200 in 6ms (user: anonymous)
2026-08-23 02:14:24.590 +04:00 [INF] GET /api/v1/progress/streak responded 200 in 2ms (user: anonymous)
2026-08-23 02:14:24.595 +04:00 [INF] GET /api/v1/progress/streak responded 200 in 3ms (user: anonymous)
2026-08-23 02:14:24.600 +04:00 [INF] GET /api/v1/progress/streak responded 200 in 3ms (user: anonymous)
2026-08-23 02:14:55.515 +04:00 [INF] OPTIONS /api/v1/favorites responded 204 in 0ms (user: anonymous)
2026-08-23 02:14:55.515 +04:00 [INF] OPTIONS /api/v1/profile responded 204 in 0ms (user: anonymous)
2026-08-23 02:14:55.515 +04:00 [INF] OPTIONS /api/v1/profile responded 204 in 0ms (user: anonymous)
2026-08-23 02:14:55.516 +04:00 [INF] OPTIONS /api/v1/stories/3feed0f4-142f-4a75-8b22-4aa5da1b55cd responded 204 in 0ms (user: anonymous)
2026-08-23 02:14:55.516 +04:00 [INF] OPTIONS /api/v1/stories/3feed0f4-142f-4a75-8b22-4aa5da1b55cd responded 204 in 0ms (user: anonymous)
2026-08-23 02:14:55.516 +04:00 [INF] OPTIONS /api/v1/favorites responded 204 in 0ms (user: anonymous)
2026-08-23 02:14:55.528 +04:00 [INF] GET /api/v1/favorites responded 200 in 8ms (user: anonymous)
2026-08-23 02:14:55.535 +04:00 [INF] GET /api/v1/favorites responded 200 in 1ms (user: anonymous)
2026-08-23 02:14:55.541 +04:00 [INF] GET /api/v1/stories/3feed0f4-142f-4a75-8b22-4aa5da1b55cd responded 200 in 13ms (user: anonymous)
2026-08-23 02:14:55.548 +04:00 [INF] GET /api/v1/profile responded 200 in 25ms (user: anonymous)
2026-08-23 02:14:55.548 +04:00 [INF] GET /api/v1/stories/3feed0f4-142f-4a75-8b22-4aa5da1b55cd responded 200 in 3ms (user: anonymous)
2026-08-23 02:14:55.555 +04:00 [INF] GET /api/v1/profile responded 200 in 5ms (user: anonymous)
2026-08-23 02:18:05.824 +04:00 [INF] OPTIONS /api/v1/profile responded 204 in 0ms (user: anonymous)
2026-08-23 02:18:05.824 +04:00 [INF] OPTIONS /api/v1/profile responded 204 in 0ms (user: anonymous)
2026-08-23 02:18:05.824 +04:00 [INF] OPTIONS /api/v1/favorites responded 204 in 0ms (user: anonymous)
2026-08-23 02:18:05.824 +04:00 [INF] OPTIONS /api/v1/stories/3feed0f4-142f-4a75-8b22-4aa5da1b55cd responded 204 in 0ms (user: anonymous)
2026-08-23 02:18:05.825 +04:00 [INF] OPTIONS /api/v1/favorites responded 204 in 0ms (user: anonymous)
2026-08-23 02:18:05.825 +04:00 [INF] OPTIONS /api/v1/stories/3feed0f4-142f-4a75-8b22-4aa5da1b55cd responded 204 in 0ms (user: anonymous)
2026-08-23 02:18:05.826 +04:00 [INF] OPTIONS /api/v1/profile responded 204 in 0ms (user: anonymous)
2026-08-23 02:18:05.827 +04:00 [INF] OPTIONS /api/v1/profile responded 204 in 0ms (user: anonymous)
2026-08-23 02:18:05.846 +04:00 [INF] GET /api/v1/favorites responded 200 in 9ms (user: anonymous)
2026-08-23 02:18:05.849 +04:00 [INF] GET /api/v1/favorites responded 200 in 1ms (user: anonymous)
2026-08-23 02:18:05.851 +04:00 [INF] GET /api/v1/profile responded 200 in 20ms (user: anonymous)
2026-08-23 02:18:05.851 +04:00 [INF] GET /api/v1/stories/3feed0f4-142f-4a75-8b22-4aa5da1b55cd responded 200 in 9ms (user: anonymous)
2026-08-23 02:18:05.858 +04:00 [INF] GET /api/v1/stories/3feed0f4-142f-4a75-8b22-4aa5da1b55cd responded 200 in 3ms (user: anonymous)
2026-08-23 02:18:05.858 +04:00 [INF] GET /api/v1/profile responded 200 in 4ms (user: anonymous)
2026-08-23 02:18:05.862 +04:00 [INF] GET /api/v1/profile responded 200 in 3ms (user: anonymous)
2026-08-23 02:18:05.863 +04:00 [INF] GET /api/v1/profile responded 200 in 3ms (user: anonymous)
2026-08-23 02:18:05.871 +04:00 [INF] OPTIONS /api/v1/progress responded 204 in 0ms (user: anonymous)
2026-08-23 02:18:05.893 +04:00 [INF] POST /api/v1/progress responded 200 in 16ms (user: anonymous)
2026-08-23 02:18:05.908 +04:00 [INF] POST /api/v1/progress responded 200 in 4ms (user: anonymous)
2026-08-23 02:18:05.912 +04:00 [INF] POST /api/v1/progress responded 200 in 3ms (user: anonymous)
2026-08-23 02:18:05.922 +04:00 [INF] OPTIONS /api/v1/progress/reading-history responded 204 in 0ms (user: anonymous)
2026-08-23 02:18:05.924 +04:00 [INF] OPTIONS /api/v1/progress/reading-history responded 204 in 0ms (user: anonymous)
2026-08-23 02:18:05.924 +04:00 [INF] OPTIONS /api/v1/progress/reading-history responded 204 in 0ms (user: anonymous)
2026-08-23 02:18:05.925 +04:00 [INF] POST /api/v1/progress responded 200 in 3ms (user: anonymous)
2026-08-23 02:18:05.931 +04:00 [INF] POST /api/v1/progress/reading-history responded 200 in 2ms (user: anonymous)
2026-08-23 02:18:05.932 +04:00 [INF] POST /api/v1/progress/reading-history responded 200 in 5ms (user: anonymous)
2026-08-23 02:18:05.933 +04:00 [INF] POST /api/v1/progress/reading-history responded 200 in 2ms (user: anonymous)
2026-08-23 02:18:05.935 +04:00 [INF] POST /api/v1/progress/reading-history responded 200 in 1ms (user: anonymous)
2026-08-23 02:18:05.936 +04:00 [INF] OPTIONS /api/v1/progress/streak responded 204 in 0ms (user: anonymous)
2026-08-23 02:18:05.938 +04:00 [INF] OPTIONS /api/v1/progress/streak responded 204 in 0ms (user: anonymous)
2026-08-23 02:18:05.939 +04:00 [INF] OPTIONS /api/v1/progress/streak responded 204 in 0ms (user: anonymous)
2026-08-23 02:18:05.941 +04:00 [INF] OPTIONS /api/v1/progress/streak responded 204 in 0ms (user: anonymous)
2026-08-23 02:18:05.949 +04:00 [INF] GET /api/v1/progress/streak responded 200 in 6ms (user: anonymous)
2026-08-23 02:18:05.953 +04:00 [INF] GET /api/v1/progress/streak responded 200 in 2ms (user: anonymous)
2026-08-23 02:18:05.958 +04:00 [INF] GET /api/v1/progress/streak responded 200 in 2ms (user: anonymous)
2026-08-23 02:18:05.964 +04:00 [INF] GET /api/v1/progress/streak responded 200 in 4ms (user: anonymous)
2026-08-23 02:18:11.179 +04:00 [INF] OPTIONS /api/v1/stories/3feed0f4-142f-4a75-8b22-4aa5da1b55cd responded 204 in 0ms (user: anonymous)
2026-08-23 02:18:11.179 +04:00 [INF] OPTIONS /api/v1/profile responded 204 in 0ms (user: anonymous)
2026-08-23 02:18:11.179 +04:00 [INF] OPTIONS /api/v1/favorites responded 204 in 0ms (user: anonymous)
2026-08-23 02:18:11.179 +04:00 [INF] OPTIONS /api/v1/profile responded 204 in 0ms (user: anonymous)
2026-08-23 02:18:11.179 +04:00 [INF] OPTIONS /api/v1/stories/3feed0f4-142f-4a75-8b22-4aa5da1b55cd responded 204 in 0ms (user: anonymous)
2026-08-23 02:18:11.179 +04:00 [INF] OPTIONS /api/v1/favorites responded 204 in 0ms (user: anonymous)
2026-08-23 02:18:11.185 +04:00 [INF] GET /api/v1/stories/3feed0f4-142f-4a75-8b22-4aa5da1b55cd responded 200 in 2ms (user: anonymous)
2026-08-23 02:18:11.188 +04:00 [INF] GET /api/v1/profile responded 200 in 3ms (user: anonymous)
2026-08-23 02:18:11.189 +04:00 [INF] GET /api/v1/favorites responded 200 in 1ms (user: anonymous)
2026-08-23 02:18:11.195 +04:00 [INF] GET /api/v1/stories/3feed0f4-142f-4a75-8b22-4aa5da1b55cd responded 200 in 3ms (user: anonymous)
2026-08-23 02:18:11.195 +04:00 [INF] GET /api/v1/favorites responded 200 in 1ms (user: anonymous)
2026-08-23 02:18:11.195 +04:00 [INF] GET /api/v1/profile responded 200 in 5ms (user: anonymous)
2026-08-23 02:18:12.293 +04:00 [INF] OPTIONS /api/v1/story-categories responded 204 in 0ms (user: anonymous)
2026-08-23 02:18:12.293 +04:00 [INF] OPTIONS /api/v1/stories responded 204 in 0ms (user: anonymous)
2026-08-23 02:18:12.293 +04:00 [INF] OPTIONS /api/v1/story-categories responded 204 in 0ms (user: anonymous)
2026-08-23 02:18:12.293 +04:00 [INF] OPTIONS /api/v1/stories responded 204 in 0ms (user: anonymous)
2026-08-23 02:18:12.294 +04:00 [INF] GET /api/v1/favorites responded 200 in 1ms (user: anonymous)
2026-08-23 02:18:12.297 +04:00 [INF] GET /api/v1/story-categories responded 200 in 0ms (user: anonymous)
2026-08-23 02:18:12.297 +04:00 [INF] GET /api/v1/profile responded 200 in 3ms (user: anonymous)
2026-08-23 02:18:12.298 +04:00 [INF] GET /api/v1/favorites responded 200 in 1ms (user: anonymous)
2026-08-23 02:18:12.301 +04:00 [INF] GET /api/v1/profile responded 200 in 3ms (user: anonymous)
2026-08-23 02:18:12.301 +04:00 [INF] GET /api/v1/story-categories responded 200 in 0ms (user: anonymous)
2026-08-23 02:18:12.313 +04:00 [INF] GET /api/v1/stories responded 200 in 15ms (user: anonymous)
2026-08-23 02:18:12.317 +04:00 [INF] GET /api/v1/stories responded 200 in 0ms (user: anonymous)
2026-08-23 02:18:13.099 +04:00 [INF] OPTIONS /api/v1/stories/886d3625-3650-4b0b-8052-a9c5ca89a0be responded 204 in 0ms (user: anonymous)
2026-08-23 02:18:13.099 +04:00 [INF] OPTIONS /api/v1/stories/886d3625-3650-4b0b-8052-a9c5ca89a0be responded 204 in 0ms (user: anonymous)
2026-08-23 02:18:13.101 +04:00 [INF] GET /api/v1/favorites responded 200 in 1ms (user: anonymous)
2026-08-23 02:18:13.101 +04:00 [INF] GET /api/v1/profile responded 200 in 3ms (user: anonymous)
2026-08-23 02:18:13.106 +04:00 [INF] GET /api/v1/favorites responded 200 in 3ms (user: anonymous)
2026-08-23 02:18:13.108 +04:00 [INF] GET /api/v1/profile responded 200 in 6ms (user: anonymous)
2026-08-23 02:18:13.109 +04:00 [INF] GET /api/v1/stories/886d3625-3650-4b0b-8052-a9c5ca89a0be responded 403 in 4ms (user: anonymous)
2026-08-23 02:18:13.113 +04:00 [INF] GET /api/v1/stories/886d3625-3650-4b0b-8052-a9c5ca89a0be responded 403 in 2ms (user: anonymous)
2026-08-23 02:18:14.639 +04:00 [INF] GET /api/v1/story-categories responded 200 in 0ms (user: anonymous)
2026-08-23 02:18:14.639 +04:00 [INF] GET /api/v1/stories responded 200 in 0ms (user: anonymous)
2026-08-23 02:18:14.642 +04:00 [INF] GET /api/v1/favorites responded 200 in 3ms (user: anonymous)
2026-08-23 02:18:14.643 +04:00 [INF] GET /api/v1/stories responded 200 in 1ms (user: anonymous)
2026-08-23 02:18:14.643 +04:00 [INF] GET /api/v1/story-categories responded 200 in 1ms (user: anonymous)
2026-08-23 02:18:14.647 +04:00 [INF] GET /api/v1/profile responded 200 in 8ms (user: anonymous)
2026-08-23 02:18:14.650 +04:00 [INF] GET /api/v1/favorites responded 200 in 3ms (user: anonymous)
2026-08-23 02:18:14.657 +04:00 [INF] GET /api/v1/profile responded 200 in 7ms (user: anonymous)
2026-08-23 02:18:15.649 +04:00 [INF] OPTIONS /api/v1/stories/ff71137a-c796-499b-9a8e-5cc111b19174 responded 204 in 0ms (user: anonymous)
2026-08-23 02:18:15.649 +04:00 [INF] OPTIONS /api/v1/stories/ff71137a-c796-499b-9a8e-5cc111b19174 responded 204 in 0ms (user: anonymous)
2026-08-23 02:18:15.652 +04:00 [INF] GET /api/v1/favorites responded 200 in 2ms (user: anonymous)
2026-08-23 02:18:15.658 +04:00 [INF] GET /api/v1/favorites responded 200 in 2ms (user: anonymous)
2026-08-23 02:18:15.660 +04:00 [INF] GET /api/v1/profile responded 200 in 11ms (user: anonymous)
2026-08-23 02:18:15.669 +04:00 [INF] GET /api/v1/profile responded 200 in 7ms (user: anonymous)
2026-08-23 02:18:15.674 +04:00 [INF] GET /api/v1/stories/ff71137a-c796-499b-9a8e-5cc111b19174 responded 200 in 16ms (user: anonymous)
2026-08-23 02:18:15.679 +04:00 [INF] GET /api/v1/stories/ff71137a-c796-499b-9a8e-5cc111b19174 responded 200 in 3ms (user: anonymous)
2026-08-23 02:18:16.442 +04:00 [INF] OPTIONS /api/v1/profile responded 204 in 0ms (user: anonymous)
2026-08-23 02:18:16.442 +04:00 [INF] OPTIONS /api/v1/favorites responded 204 in 0ms (user: anonymous)
2026-08-23 02:18:16.442 +04:00 [INF] OPTIONS /api/v1/profile responded 204 in 0ms (user: anonymous)
2026-08-23 02:18:16.448 +04:00 [INF] GET /api/v1/profile responded 200 in 2ms (user: anonymous)
2026-08-23 02:18:16.443 +04:00 [INF] GET /api/v1/stories responded 200 in 0ms (user: anonymous)
2026-08-23 02:18:16.443 +04:00 [INF] GET /api/v1/story-categories responded 200 in 0ms (user: anonymous)
2026-08-23 02:18:16.444 +04:00 [INF] GET /api/v1/stories responded 200 in 0ms (user: anonymous)
2026-08-23 02:18:16.444 +04:00 [INF] GET /api/v1/story-categories responded 200 in 0ms (user: anonymous)
2026-08-23 02:18:16.443 +04:00 [INF] OPTIONS /api/v1/favorites responded 204 in 0ms (user: anonymous)
2026-08-23 02:18:16.448 +04:00 [INF] GET /api/v1/favorites responded 200 in 0ms (user: anonymous)
2026-08-23 02:18:16.453 +04:00 [INF] GET /api/v1/profile responded 200 in 3ms (user: anonymous)
2026-08-23 02:18:16.466 +04:00 [INF] GET /api/v1/favorites responded 200 in 1ms (user: anonymous)
2026-08-23 02:18:17.461 +04:00 [INF] OPTIONS /api/v1/stories/224da43d-d1fd-4b86-bd82-687049d6e289 responded 204 in 0ms (user: anonymous)
2026-08-23 02:18:17.461 +04:00 [INF] OPTIONS /api/v1/stories/224da43d-d1fd-4b86-bd82-687049d6e289 responded 204 in 0ms (user: anonymous)
2026-08-23 02:18:17.463 +04:00 [INF] GET /api/v1/favorites responded 200 in 1ms (user: anonymous)
2026-08-23 02:18:17.467 +04:00 [INF] GET /api/v1/profile responded 200 in 6ms (user: anonymous)
2026-08-23 02:18:17.468 +04:00 [INF] GET /api/v1/favorites responded 200 in 1ms (user: anonymous)
2026-08-23 02:18:17.473 +04:00 [INF] GET /api/v1/stories/224da43d-d1fd-4b86-bd82-687049d6e289 responded 403 in 6ms (user: anonymous)
2026-08-23 02:18:17.476 +04:00 [INF] GET /api/v1/profile responded 200 in 6ms (user: anonymous)
2026-08-23 02:18:17.481 +04:00 [INF] GET /api/v1/stories/224da43d-d1fd-4b86-bd82-687049d6e289 responded 403 in 6ms (user: anonymous)
2026-08-23 02:18:22.454 +04:00 [INF] OPTIONS /api/v1/profile responded 204 in 0ms (user: anonymous)
2026-08-23 02:18:22.457 +04:00 [INF] OPTIONS /api/v1/stories responded 204 in 0ms (user: anonymous)
2026-08-23 02:18:22.457 +04:00 [INF] OPTIONS /api/v1/favorites responded 204 in 0ms (user: anonymous)
2026-08-23 02:18:22.457 +04:00 [INF] OPTIONS /api/v1/story-categories responded 204 in 0ms (user: anonymous)
2026-08-23 02:18:22.457 +04:00 [INF] OPTIONS /api/v1/profile responded 204 in 0ms (user: anonymous)
2026-08-23 02:18:22.457 +04:00 [INF] OPTIONS /api/v1/stories responded 204 in 0ms (user: anonymous)
2026-08-23 02:18:22.457 +04:00 [INF] OPTIONS /api/v1/favorites responded 204 in 0ms (user: anonymous)
2026-08-23 02:18:22.458 +04:00 [INF] OPTIONS /api/v1/story-categories responded 204 in 0ms (user: anonymous)
2026-08-23 02:18:22.467 +04:00 [INF] GET /api/v1/stories responded 200 in 0ms (user: anonymous)
2026-08-23 02:18:22.476 +04:00 [INF] GET /api/v1/profile responded 200 in 13ms (user: anonymous)
2026-08-23 02:18:22.476 +04:00 [INF] GET /api/v1/favorites responded 200 in 4ms (user: anonymous)
2026-08-23 02:18:22.477 +04:00 [INF] GET /api/v1/story-categories responded 200 in 0ms (user: anonymous)
2026-08-23 02:18:22.481 +04:00 [INF] GET /api/v1/stories responded 200 in 0ms (user: anonymous)
2026-08-23 02:18:22.483 +04:00 [INF] GET /api/v1/profile responded 200 in 4ms (user: anonymous)
2026-08-23 02:18:22.484 +04:00 [INF] GET /api/v1/favorites responded 200 in 1ms (user: anonymous)
2026-08-23 02:18:22.487 +04:00 [INF] GET /api/v1/story-categories responded 200 in 1ms (user: anonymous)
2026-08-23 02:18:23.870 +04:00 [INF] OPTIONS /api/v1/stories/886d3625-3650-4b0b-8052-a9c5ca89a0be responded 204 in 0ms (user: anonymous)
2026-08-23 02:18:23.870 +04:00 [INF] OPTIONS /api/v1/stories/886d3625-3650-4b0b-8052-a9c5ca89a0be responded 204 in 0ms (user: anonymous)
2026-08-23 02:18:23.873 +04:00 [INF] GET /api/v1/favorites responded 200 in 2ms (user: anonymous)
2026-08-23 02:18:23.877 +04:00 [INF] GET /api/v1/favorites responded 200 in 1ms (user: anonymous)
2026-08-23 02:18:23.877 +04:00 [INF] GET /api/v1/profile responded 200 in 6ms (user: anonymous)
2026-08-23 02:18:23.883 +04:00 [INF] GET /api/v1/stories/886d3625-3650-4b0b-8052-a9c5ca89a0be responded 403 in 7ms (user: anonymous)
2026-08-23 02:18:23.891 +04:00 [INF] GET /api/v1/profile responded 200 in 11ms (user: anonymous)
2026-08-23 02:18:23.894 +04:00 [INF] GET /api/v1/stories/886d3625-3650-4b0b-8052-a9c5ca89a0be responded 403 in 7ms (user: anonymous)
2026-08-23 02:18:25.145 +04:00 [INF] GET /api/v1/stories responded 200 in 0ms (user: anonymous)
2026-08-23 02:18:25.145 +04:00 [INF] GET /api/v1/story-categories responded 200 in 0ms (user: anonymous)
2026-08-23 02:18:25.146 +04:00 [INF] GET /api/v1/favorites responded 200 in 1ms (user: anonymous)
2026-08-23 02:18:25.147 +04:00 [INF] GET /api/v1/story-categories responded 200 in 0ms (user: anonymous)
2026-08-23 02:18:25.147 +04:00 [INF] GET /api/v1/stories responded 200 in 0ms (user: anonymous)
2026-08-23 02:18:25.149 +04:00 [INF] GET /api/v1/profile responded 200 in 4ms (user: anonymous)
2026-08-23 02:18:25.149 +04:00 [INF] GET /api/v1/favorites responded 200 in 1ms (user: anonymous)
2026-08-23 02:18:25.155 +04:00 [INF] GET /api/v1/profile responded 200 in 5ms (user: anonymous)
2026-08-23 02:18:29.346 +04:00 [INF] OPTIONS /api/v1/favorites responded 204 in 0ms (user: anonymous)
2026-08-23 02:18:29.346 +04:00 [INF] OPTIONS /api/v1/profile responded 204 in 0ms (user: anonymous)
2026-08-23 02:18:29.346 +04:00 [INF] OPTIONS /api/v1/stories/886d3625-3650-4b0b-8052-a9c5ca89a0be responded 204 in 0ms (user: anonymous)
2026-08-23 02:18:29.346 +04:00 [INF] OPTIONS /api/v1/favorites responded 204 in 0ms (user: anonymous)
2026-08-23 02:18:29.346 +04:00 [INF] OPTIONS /api/v1/profile responded 204 in 0ms (user: anonymous)
2026-08-23 02:18:29.346 +04:00 [INF] OPTIONS /api/v1/stories/886d3625-3650-4b0b-8052-a9c5ca89a0be responded 204 in 0ms (user: anonymous)
2026-08-23 02:18:29.360 +04:00 [INF] GET /api/v1/favorites responded 200 in 8ms (user: anonymous)
2026-08-23 02:18:29.371 +04:00 [INF] GET /api/v1/profile responded 200 in 12ms (user: anonymous)
2026-08-23 02:18:29.375 +04:00 [INF] GET /api/v1/favorites responded 200 in 2ms (user: anonymous)
2026-08-23 02:18:29.375 +04:00 [INF] GET /api/v1/stories/886d3625-3650-4b0b-8052-a9c5ca89a0be responded 403 in 8ms (user: anonymous)
2026-08-23 02:18:29.381 +04:00 [INF] GET /api/v1/profile responded 200 in 6ms (user: anonymous)
2026-08-23 02:18:29.381 +04:00 [INF] GET /api/v1/stories/886d3625-3650-4b0b-8052-a9c5ca89a0be responded 403 in 4ms (user: anonymous)
2026-08-23 02:18:40.106 +04:00 [INF] OPTIONS /api/v1/stories/886d3625-3650-4b0b-8052-a9c5ca89a0be responded 204 in 0ms (user: anonymous)
2026-08-23 02:18:40.106 +04:00 [INF] OPTIONS /api/v1/profile responded 204 in 0ms (user: anonymous)
2026-08-23 02:18:40.108 +04:00 [INF] OPTIONS /api/v1/favorites responded 204 in 0ms (user: anonymous)
2026-08-23 02:18:40.108 +04:00 [INF] OPTIONS /api/v1/profile responded 204 in 0ms (user: anonymous)
2026-08-23 02:18:40.108 +04:00 [INF] OPTIONS /api/v1/favorites responded 204 in 0ms (user: anonymous)
2026-08-23 02:18:40.108 +04:00 [INF] OPTIONS /api/v1/stories/886d3625-3650-4b0b-8052-a9c5ca89a0be responded 204 in 0ms (user: anonymous)
2026-08-23 02:18:40.122 +04:00 [INF] GET /api/v1/stories/886d3625-3650-4b0b-8052-a9c5ca89a0be responded 403 in 6ms (user: anonymous)
2026-08-23 02:18:40.122 +04:00 [INF] GET /api/v1/profile responded 200 in 6ms (user: anonymous)
2026-08-23 02:18:40.123 +04:00 [INF] GET /api/v1/favorites responded 200 in 2ms (user: anonymous)
2026-08-23 02:18:40.126 +04:00 [INF] GET /api/v1/profile responded 429 in 0ms (user: anonymous)
2026-08-23 02:18:40.127 +04:00 [INF] GET /api/v1/stories/886d3625-3650-4b0b-8052-a9c5ca89a0be responded 429 in 0ms (user: anonymous)
2026-08-23 02:18:40.128 +04:00 [INF] GET /api/v1/favorites responded 200 in 1ms (user: anonymous)
2026-08-23 02:18:40.796 +04:00 [INF] OPTIONS /api/v1/stories responded 204 in 0ms (user: anonymous)
2026-08-23 02:18:40.796 +04:00 [INF] OPTIONS /api/v1/story-categories responded 204 in 0ms (user: anonymous)
2026-08-23 02:18:40.796 +04:00 [INF] OPTIONS /api/v1/story-categories responded 204 in 0ms (user: anonymous)
2026-08-23 02:18:40.796 +04:00 [INF] OPTIONS /api/v1/stories responded 204 in 0ms (user: anonymous)
2026-08-23 02:18:40.796 +04:00 [INF] GET /api/v1/favorites responded 429 in 0ms (user: anonymous)
2026-08-23 02:18:40.796 +04:00 [INF] GET /api/v1/profile responded 429 in 0ms (user: anonymous)
2026-08-23 02:18:40.800 +04:00 [INF] GET /api/v1/stories responded 429 in 0ms (user: anonymous)
2026-08-23 02:18:40.803 +04:00 [INF] GET /api/v1/story-categories responded 429 in 0ms (user: anonymous)
2026-08-23 02:18:40.809 +04:00 [INF] GET /api/v1/favorites responded 429 in 0ms (user: anonymous)
2026-08-23 02:18:40.812 +04:00 [INF] GET /api/v1/profile responded 429 in 0ms (user: anonymous)
2026-08-23 02:18:40.815 +04:00 [INF] GET /api/v1/stories responded 429 in 0ms (user: anonymous)
2026-08-23 02:18:40.816 +04:00 [INF] GET /api/v1/story-categories responded 429 in 0ms (user: anonymous)
2026-08-23 02:18:42.387 +04:00 [INF] GET /api/v1/profile responded 429 in 0ms (user: anonymous)
2026-08-23 02:18:42.387 +04:00 [INF] GET /api/v1/favorites responded 429 in 0ms (user: anonymous)
2026-08-23 02:18:42.387 +04:00 [INF] GET /api/v1/stories responded 429 in 0ms (user: anonymous)
2026-08-23 02:18:42.387 +04:00 [INF] GET /api/v1/story-categories responded 429 in 0ms (user: anonymous)
2026-08-23 02:18:42.392 +04:00 [INF] GET /api/v1/profile responded 429 in 0ms (user: anonymous)
2026-08-23 02:18:42.394 +04:00 [INF] GET /api/v1/favorites responded 429 in 0ms (user: anonymous)
2026-08-23 02:18:42.397 +04:00 [INF] GET /api/v1/stories responded 429 in 0ms (user: anonymous)
2026-08-23 02:18:42.400 +04:00 [INF] GET /api/v1/story-categories responded 429 in 0ms (user: anonymous)
2026-08-23 02:18:43.519 +04:00 [INF] GET /api/v1/profile responded 429 in 0ms (user: anonymous)
2026-08-23 02:18:43.519 +04:00 [INF] GET /api/v1/stories responded 429 in 0ms (user: anonymous)
2026-08-23 02:18:43.519 +04:00 [INF] GET /api/v1/favorites responded 429 in 0ms (user: anonymous)
2026-08-23 02:18:43.520 +04:00 [INF] GET /api/v1/story-categories responded 429 in 0ms (user: anonymous)
2026-08-23 02:18:43.529 +04:00 [INF] GET /api/v1/profile responded 429 in 0ms (user: anonymous)
2026-08-23 02:18:43.530 +04:00 [INF] GET /api/v1/stories responded 429 in 0ms (user: anonymous)
2026-08-23 02:18:43.533 +04:00 [INF] GET /api/v1/favorites responded 429 in 0ms (user: anonymous)
2026-08-23 02:18:43.535 +04:00 [INF] GET /api/v1/story-categories responded 429 in 0ms (user: anonymous)
2026-08-23 02:18:44.080 +04:00 [INF] GET /api/v1/stories responded 429 in 0ms (user: anonymous)
2026-08-23 02:18:44.080 +04:00 [INF] GET /api/v1/profile responded 429 in 0ms (user: anonymous)
2026-08-23 02:18:44.080 +04:00 [INF] GET /api/v1/story-categories responded 429 in 0ms (user: anonymous)
2026-08-23 02:18:44.080 +04:00 [INF] GET /api/v1/favorites responded 429 in 0ms (user: anonymous)
2026-08-23 02:18:44.086 +04:00 [INF] GET /api/v1/stories responded 429 in 0ms (user: anonymous)
2026-08-23 02:18:44.089 +04:00 [INF] GET /api/v1/profile responded 429 in 0ms (user: anonymous)
2026-08-23 02:18:44.091 +04:00 [INF] GET /api/v1/story-categories responded 429 in 0ms (user: anonymous)
2026-08-23 02:18:44.095 +04:00 [INF] GET /api/v1/favorites responded 429 in 0ms (user: anonymous)
2026-08-23 02:18:44.308 +04:00 [INF] GET /api/v1/profile responded 429 in 0ms (user: anonymous)
2026-08-23 02:18:44.308 +04:00 [INF] GET /api/v1/stories responded 429 in 0ms (user: anonymous)
2026-08-23 02:18:44.308 +04:00 [INF] GET /api/v1/favorites responded 429 in 0ms (user: anonymous)
2026-08-23 02:18:44.309 +04:00 [INF] GET /api/v1/story-categories responded 429 in 0ms (user: anonymous)
2026-08-23 02:18:44.315 +04:00 [INF] GET /api/v1/profile responded 429 in 0ms (user: anonymous)
2026-08-23 02:18:44.317 +04:00 [INF] GET /api/v1/stories responded 429 in 0ms (user: anonymous)
2026-08-23 02:18:44.321 +04:00 [INF] GET /api/v1/favorites responded 429 in 0ms (user: anonymous)
2026-08-23 02:18:44.323 +04:00 [INF] GET /api/v1/story-categories responded 429 in 0ms (user: anonymous)
2026-08-23 02:18:44.511 +04:00 [INF] GET /api/v1/stories responded 429 in 0ms (user: anonymous)
2026-08-23 02:18:44.511 +04:00 [INF] GET /api/v1/favorites responded 429 in 0ms (user: anonymous)
2026-08-23 02:18:44.511 +04:00 [INF] GET /api/v1/profile responded 429 in 0ms (user: anonymous)
2026-08-23 02:18:44.511 +04:00 [INF] GET /api/v1/story-categories responded 429 in 0ms (user: anonymous)
2026-08-23 02:18:44.517 +04:00 [INF] GET /api/v1/stories responded 429 in 0ms (user: anonymous)
2026-08-23 02:18:44.521 +04:00 [INF] GET /api/v1/favorites responded 429 in 0ms (user: anonymous)
2026-08-23 02:18:44.522 +04:00 [INF] GET /api/v1/profile responded 429 in 0ms (user: anonymous)
2026-08-23 02:18:44.525 +04:00 [INF] GET /api/v1/story-categories responded 429 in 0ms (user: anonymous)
2026-08-23 02:18:44.708 +04:00 [INF] GET /api/v1/profile responded 429 in 0ms (user: anonymous)
2026-08-23 02:18:44.711 +04:00 [INF] GET /api/v1/story-categories responded 429 in 0ms (user: anonymous)
2026-08-23 02:18:44.711 +04:00 [INF] GET /api/v1/favorites responded 429 in 0ms (user: anonymous)
2026-08-23 02:18:44.711 +04:00 [INF] GET /api/v1/stories responded 429 in 0ms (user: anonymous)
2026-08-23 02:18:44.716 +04:00 [INF] GET /api/v1/profile responded 429 in 0ms (user: anonymous)
2026-08-23 02:18:44.719 +04:00 [INF] GET /api/v1/story-categories responded 429 in 0ms (user: anonymous)
2026-08-23 02:18:44.722 +04:00 [INF] GET /api/v1/favorites responded 429 in 0ms (user: anonymous)
2026-08-23 02:18:44.723 +04:00 [INF] GET /api/v1/stories responded 429 in 0ms (user: anonymous)
2026-08-23 02:18:45.740 +04:00 [INF] OPTIONS /api/v1/auth/logout responded 204 in 0ms (user: anonymous)
2026-08-23 02:18:45.744 +04:00 [INF] POST /api/v1/auth/logout responded 429 in 0ms (user: anonymous)
2026-08-23 02:18:47.008 +04:00 [INF] OPTIONS /api/v1/auth/login responded 204 in 0ms (user: anonymous)
2026-08-23 02:18:47.011 +04:00 [INF] POST /api/v1/auth/login responded 429 in 0ms (user: anonymous)
2026-08-23 02:18:54.237 +04:00 [INF] OPTIONS /api/v1/auth/login responded 204 in 0ms (user: anonymous)
2026-08-23 02:18:54.242 +04:00 [INF] POST /api/v1/auth/login responded 429 in 0ms (user: anonymous)
2026-08-23 02:18:58.557 +04:00 [INF] GET /swagger/index.html responded 200 in 0ms (user: anonymous)
2026-08-23 02:18:58.698 +04:00 [INF] GET /swagger/v1/swagger.json responded 200 in 18ms (user: anonymous)
2026-08-23 02:19:10.765 +04:00 [INF] OPTIONS /api/v1/auth/login responded 204 in 0ms (user: anonymous)
2026-08-23 02:19:10.836 +04:00 [INF] POST /api/v1/auth/login responded 200 in 66ms (user: anonymous)
2026-08-23 02:19:10.849 +04:00 [INF] OPTIONS /api/v1/stories responded 204 in 0ms (user: anonymous)
2026-08-23 02:19:10.849 +04:00 [INF] OPTIONS /api/v1/profile responded 204 in 0ms (user: anonymous)
2026-08-23 02:19:10.849 +04:00 [INF] OPTIONS /api/v1/profile responded 204 in 0ms (user: anonymous)
2026-08-23 02:19:10.849 +04:00 [INF] OPTIONS /api/v1/favorites responded 204 in 0ms (user: anonymous)
2026-08-23 02:19:10.850 +04:00 [INF] OPTIONS /api/v1/profile responded 204 in 0ms (user: anonymous)
2026-08-23 02:19:10.851 +04:00 [INF] OPTIONS /api/v1/stories responded 204 in 0ms (user: anonymous)
2026-08-23 02:19:10.851 +04:00 [INF] OPTIONS /api/v1/profile responded 204 in 0ms (user: anonymous)
2026-08-23 02:19:10.852 +04:00 [INF] OPTIONS /api/v1/favorites responded 204 in 0ms (user: anonymous)
2026-08-23 02:19:10.856 +04:00 [INF] GET /api/v1/stories responded 200 in 0ms (user: anonymous)
2026-08-23 02:19:10.870 +04:00 [INF] GET /api/v1/stories responded 200 in 0ms (user: anonymous)
2026-08-23 02:19:10.874 +04:00 [INF] GET /api/v1/favorites responded 200 in 10ms (user: anonymous)
2026-08-23 02:19:10.878 +04:00 [INF] GET /api/v1/favorites responded 200 in 1ms (user: anonymous)
2026-08-23 02:19:10.878 +04:00 [INF] GET /api/v1/profile responded 200 in 18ms (user: anonymous)
2026-08-23 02:19:10.882 +04:00 [INF] GET /api/v1/profile responded 200 in 2ms (user: anonymous)
2026-08-23 02:19:10.887 +04:00 [INF] GET /api/v1/profile responded 200 in 4ms (user: anonymous)
2026-08-23 02:19:10.887 +04:00 [INF] GET /api/v1/profile responded 200 in 4ms (user: anonymous)
2026-08-23 02:19:15.354 +04:00 [INF] GET /api/v1/profile responded 200 in 5ms (user: anonymous)
2026-08-23 02:19:15.358 +04:00 [INF] GET /api/v1/profile responded 200 in 3ms (user: anonymous)
2026-08-23 02:19:15.362 +04:00 [INF] GET /api/v1/profile responded 200 in 3ms (user: anonymous)
2026-08-23 02:19:15.370 +04:00 [INF] GET /api/v1/profile responded 200 in 6ms (user: anonymous)
2026-08-23 02:19:15.382 +04:00 [INF] GET /api/v1/profile responded 200 in 4ms (user: anonymous)
2026-08-23 02:19:15.390 +04:00 [INF] GET /api/v1/profile responded 200 in 6ms (user: anonymous)
2026-08-23 02:19:20.488 +04:00 [INF] OPTIONS /api/v1/profile responded 204 in 0ms (user: anonymous)
2026-08-23 02:19:20.488 +04:00 [INF] OPTIONS /api/v1/profile responded 204 in 0ms (user: anonymous)
2026-08-23 02:19:20.488 +04:00 [INF] OPTIONS /api/v1/leaderboard responded 204 in 0ms (user: anonymous)
2026-08-23 02:19:20.488 +04:00 [INF] OPTIONS /api/v1/profile responded 204 in 0ms (user: anonymous)
2026-08-23 02:19:20.488 +04:00 [INF] OPTIONS /api/v1/leaderboard responded 204 in 0ms (user: anonymous)
2026-08-23 02:19:20.488 +04:00 [INF] OPTIONS /api/v1/profile responded 204 in 0ms (user: anonymous)
2026-08-23 02:19:20.496 +04:00 [INF] GET /api/v1/profile responded 200 in 3ms (user: anonymous)
2026-08-23 02:19:20.505 +04:00 [INF] GET /api/v1/profile responded 200 in 7ms (user: anonymous)
2026-08-23 02:19:20.510 +04:00 [INF] GET /api/v1/profile responded 200 in 4ms (user: anonymous)
2026-08-23 02:19:20.511 +04:00 [INF] GET /api/v1/profile responded 200 in 4ms (user: anonymous)
2026-08-23 02:19:20.515 +04:00 [INF] GET /api/v1/leaderboard responded 200 in 18ms (user: anonymous)
2026-08-23 02:19:20.530 +04:00 [INF] GET /api/v1/leaderboard responded 200 in 12ms (user: anonymous)
2026-08-23 02:19:29.699 +04:00 [INF] OPTIONS /api/v1/profile responded 204 in 0ms (user: anonymous)
2026-08-23 02:19:29.699 +04:00 [INF] OPTIONS /api/v1/leaderboard responded 204 in 0ms (user: anonymous)
2026-08-23 02:19:29.708 +04:00 [INF] GET /api/v1/profile responded 200 in 4ms (user: anonymous)
2026-08-23 02:19:29.719 +04:00 [INF] GET /api/v1/leaderboard responded 200 in 14ms (user: anonymous)
2026-08-23 02:19:35.203 +04:00 [INF] OPTIONS /api/v1/profile responded 204 in 0ms (user: anonymous)
2026-08-23 02:19:35.203 +04:00 [INF] OPTIONS /api/v1/leaderboard responded 204 in 0ms (user: anonymous)
2026-08-23 02:19:35.214 +04:00 [INF] GET /api/v1/profile responded 200 in 4ms (user: anonymous)
2026-08-23 02:19:35.224 +04:00 [INF] GET /api/v1/leaderboard responded 200 in 12ms (user: anonymous)
2026-08-23 02:19:37.642 +04:00 [INF] OPTIONS /api/v1/leaderboard responded 204 in 0ms (user: anonymous)
2026-08-23 02:19:37.645 +04:00 [INF] GET /api/v1/profile responded 200 in 3ms (user: anonymous)
2026-08-23 02:19:37.653 +04:00 [INF] GET /api/v1/leaderboard responded 200 in 7ms (user: anonymous)
2026-08-23 12:21:45.929 +04:00 [WRN] Entity 'Story' has a global query filter defined and is the required end of a relationship with the entity 'Chapter'. This may lead to unexpected results when the required entity is filtered out. Either configure the navigation as optional, or define matching query filters for both entities in the navigation. See https://go.microsoft.com/fwlink/?linkid=2131316 for more information.
2026-08-23 12:21:45.994 +04:00 [WRN] Entity 'Story' has a global query filter defined and is the required end of a relationship with the entity 'DailyStoryReadLog'. This may lead to unexpected results when the required entity is filtered out. Either configure the navigation as optional, or define matching query filters for both entities in the navigation. See https://go.microsoft.com/fwlink/?linkid=2131316 for more information.
2026-08-23 12:21:46.002 +04:00 [WRN] Entity 'Story' has a global query filter defined and is the required end of a relationship with the entity 'FavoriteStory'. This may lead to unexpected results when the required entity is filtered out. Either configure the navigation as optional, or define matching query filters for both entities in the navigation. See https://go.microsoft.com/fwlink/?linkid=2131316 for more information.
2026-08-23 12:21:46.006 +04:00 [WRN] Entity 'Story' has a global query filter defined and is the required end of a relationship with the entity 'QuizAttempt'. This may lead to unexpected results when the required entity is filtered out. Either configure the navigation as optional, or define matching query filters for both entities in the navigation. See https://go.microsoft.com/fwlink/?linkid=2131316 for more information.
2026-08-23 12:21:46.009 +04:00 [WRN] Entity 'Story' has a global query filter defined and is the required end of a relationship with the entity 'ReadingHistory'. This may lead to unexpected results when the required entity is filtered out. Either configure the navigation as optional, or define matching query filters for both entities in the navigation. See https://go.microsoft.com/fwlink/?linkid=2131316 for more information.
2026-08-23 12:21:46.011 +04:00 [WRN] Entity 'Story' has a global query filter defined and is the required end of a relationship with the entity 'RemainingCorrectCounter'. This may lead to unexpected results when the required entity is filtered out. Either configure the navigation as optional, or define matching query filters for both entities in the navigation. See https://go.microsoft.com/fwlink/?linkid=2131316 for more information.
2026-08-23 12:21:46.014 +04:00 [WRN] Entity 'Story' has a global query filter defined and is the required end of a relationship with the entity 'Review'. This may lead to unexpected results when the required entity is filtered out. Either configure the navigation as optional, or define matching query filters for both entities in the navigation. See https://go.microsoft.com/fwlink/?linkid=2131316 for more information.
2026-08-23 12:21:46.017 +04:00 [WRN] Entity 'Story' has a global query filter defined and is the required end of a relationship with the entity 'UserProgress'. This may lead to unexpected results when the required entity is filtered out. Either configure the navigation as optional, or define matching query filters for both entities in the navigation. See https://go.microsoft.com/fwlink/?linkid=2131316 for more information.
2026-08-23 12:21:49.362 +04:00 [INF] Database seeding completed successfully.
2026-08-23 12:21:52.418 +04:00 [INF] GET /swagger/index.html responded 200 in 209ms (user: anonymous)
2026-08-23 12:21:52.897 +04:00 [INF] GET /swagger/v1/swagger.json responded 200 in 164ms (user: anonymous)
2026-08-23 12:21:58.250 +04:00 [INF] OPTIONS /api/v1/auth/refresh-token responded 204 in 3ms (user: anonymous)
2026-08-23 12:21:59.388 +04:00 [INF] POST /api/v1/auth/refresh-token responded 200 in 1097ms (user: anonymous)
2026-08-23 12:21:59.406 +04:00 [INF] OPTIONS /api/v1/stories responded 204 in 1ms (user: anonymous)
2026-08-23 12:21:59.406 +04:00 [INF] OPTIONS /api/v1/story-categories responded 204 in 1ms (user: anonymous)
2026-08-23 12:21:59.406 +04:00 [INF] OPTIONS /api/v1/favorites responded 204 in 0ms (user: anonymous)
2026-08-23 12:21:59.406 +04:00 [INF] OPTIONS /api/v1/profile responded 204 in 1ms (user: anonymous)
2026-08-23 12:21:59.406 +04:00 [INF] OPTIONS /api/v1/profile responded 204 in 0ms (user: anonymous)
2026-08-23 12:21:59.406 +04:00 [INF] OPTIONS /api/v1/favorites responded 204 in 1ms (user: anonymous)
2026-08-23 12:21:59.407 +04:00 [INF] OPTIONS /api/v1/stories responded 204 in 0ms (user: anonymous)
2026-08-23 12:21:59.407 +04:00 [INF] OPTIONS /api/v1/story-categories responded 204 in 0ms (user: anonymous)
2026-08-23 12:22:00.049 +04:00 [WRN] Compiling a query which loads related collections for more than one collection navigation, either via 'Include' or through projection, but no 'QuerySplittingBehavior' has been configured. By default, Entity Framework will use 'QuerySplittingBehavior.SingleQuery', which can potentially result in slow query performance. See https://go.microsoft.com/fwlink/?linkid=2134277 for more information. To identify the query that's triggering this warning call 'ConfigureWarnings(w => w.Throw(RelationalEventId.MultipleCollectionIncludeWarning))'.
2026-08-23 12:22:00.093 +04:00 [INF] GET /api/v1/story-categories responded 200 in 668ms (user: anonymous)
2026-08-23 12:22:00.104 +04:00 [INF] GET /api/v1/story-categories responded 200 in 5ms (user: anonymous)
2026-08-23 12:22:00.129 +04:00 [INF] GET /api/v1/favorites responded 200 in 699ms (user: anonymous)
2026-08-23 12:22:00.147 +04:00 [INF] GET /api/v1/favorites responded 200 in 14ms (user: anonymous)
2026-08-23 12:22:00.208 +04:00 [INF] GET /api/v1/stories responded 200 in 788ms (user: anonymous)
2026-08-23 12:22:00.217 +04:00 [INF] GET /api/v1/stories responded 200 in 2ms (user: anonymous)
2026-08-23 12:22:00.496 +04:00 [INF] GET /api/v1/profile responded 200 in 1056ms (user: anonymous)
2026-08-23 12:22:00.519 +04:00 [INF] GET /api/v1/profile responded 200 in 18ms (user: anonymous)
2026-08-23 12:22:01.787 +04:00 [INF] GET /api/v1/stories responded 200 in 9ms (user: anonymous)
2026-08-23 12:22:01.787 +04:00 [INF] GET /api/v1/story-categories responded 200 in 8ms (user: anonymous)
2026-08-23 12:22:01.795 +04:00 [INF] GET /api/v1/favorites responded 200 in 17ms (user: anonymous)
2026-08-23 12:22:01.798 +04:00 [INF] GET /api/v1/story-categories responded 200 in 4ms (user: anonymous)
2026-08-23 12:22:01.798 +04:00 [INF] GET /api/v1/stories responded 200 in 4ms (user: anonymous)
2026-08-23 12:22:01.806 +04:00 [INF] GET /api/v1/favorites responded 200 in 7ms (user: anonymous)
2026-08-23 12:22:01.811 +04:00 [INF] GET /api/v1/profile responded 200 in 33ms (user: anonymous)
2026-08-23 12:22:01.840 +04:00 [INF] GET /api/v1/profile responded 200 in 23ms (user: anonymous)
2026-08-23 12:22:03.337 +04:00 [INF] GET /api/v1/stories responded 200 in 2ms (user: anonymous)
2026-08-23 12:22:03.344 +04:00 [INF] GET /api/v1/favorites responded 200 in 8ms (user: anonymous)
2026-08-23 12:22:03.345 +04:00 [INF] GET /api/v1/stories responded 200 in 2ms (user: anonymous)
2026-08-23 12:22:03.358 +04:00 [INF] GET /api/v1/favorites responded 200 in 10ms (user: anonymous)
2026-08-23 12:22:03.361 +04:00 [INF] GET /api/v1/profile responded 200 in 26ms (user: anonymous)
2026-08-23 12:22:03.381 +04:00 [INF] GET /api/v1/profile responded 200 in 17ms (user: anonymous)
2026-08-23 12:22:03.401 +04:00 [INF] GET /api/v1/profile responded 200 in 18ms (user: anonymous)
2026-08-23 12:22:03.402 +04:00 [INF] GET /api/v1/profile responded 200 in 18ms (user: anonymous)
2026-08-23 12:22:06.956 +04:00 [INF] OPTIONS /api/v1/profile responded 204 in 0ms (user: anonymous)
2026-08-23 12:22:06.956 +04:00 [INF] OPTIONS /api/v1/profile responded 204 in 0ms (user: anonymous)
2026-08-23 12:22:06.956 +04:00 [INF] OPTIONS /api/v1/favorites responded 204 in 0ms (user: anonymous)
2026-08-23 12:22:06.956 +04:00 [INF] OPTIONS /api/v1/stories/886d3625-3650-4b0b-8052-a9c5ca89a0be responded 204 in 0ms (user: anonymous)
2026-08-23 12:22:06.956 +04:00 [INF] OPTIONS /api/v1/stories/886d3625-3650-4b0b-8052-a9c5ca89a0be responded 204 in 0ms (user: anonymous)
2026-08-23 12:22:06.957 +04:00 [INF] OPTIONS /api/v1/favorites responded 204 in 0ms (user: anonymous)
2026-08-23 12:22:06.983 +04:00 [INF] GET /api/v1/profile responded 200 in 13ms (user: anonymous)
2026-08-23 12:22:06.987 +04:00 [INF] GET /api/v1/favorites responded 200 in 4ms (user: anonymous)
2026-08-23 12:22:06.999 +04:00 [INF] GET /api/v1/profile responded 200 in 14ms (user: anonymous)
2026-08-23 12:22:07.006 +04:00 [INF] GET /api/v1/favorites responded 200 in 5ms (user: anonymous)
2026-08-23 12:22:07.285 +04:00 [INF] GET /api/v1/stories/886d3625-3650-4b0b-8052-a9c5ca89a0be responded 200 in 293ms (user: anonymous)
2026-08-23 12:22:07.297 +04:00 [INF] GET /api/v1/stories/886d3625-3650-4b0b-8052-a9c5ca89a0be responded 200 in 9ms (user: anonymous)
2026-08-23 12:22:11.491 +04:00 [INF] OPTIONS /api/v1/chat/conversations responded 204 in 0ms (user: anonymous)
2026-08-23 12:22:11.491 +04:00 [INF] OPTIONS /api/v1/chat/usage responded 204 in 0ms (user: anonymous)
2026-08-23 12:22:11.491 +04:00 [INF] OPTIONS /api/v1/chat/conversations responded 204 in 0ms (user: anonymous)
2026-08-23 12:22:11.493 +04:00 [INF] OPTIONS /api/v1/chat/usage responded 204 in 0ms (user: anonymous)
2026-08-23 12:22:11.509 +04:00 [INF] GET /api/v1/profile responded 200 in 18ms (user: anonymous)
2026-08-23 12:22:11.541 +04:00 [INF] GET /api/v1/profile responded 200 in 28ms (user: anonymous)
2026-08-23 12:22:11.608 +04:00 [INF] GET /api/v1/chat/usage responded 200 in 94ms (user: anonymous)
2026-08-23 12:22:11.630 +04:00 [INF] GET /api/v1/chat/usage responded 200 in 13ms (user: anonymous)
2026-08-23 12:22:11.649 +04:00 [INF] GET /api/v1/chat/conversations responded 200 in 144ms (user: anonymous)
2026-08-23 12:22:11.678 +04:00 [INF] GET /api/v1/chat/conversations responded 200 in 20ms (user: anonymous)
2026-08-23 12:22:14.541 +04:00 [INF] OPTIONS /api/v1/chat/messages responded 204 in 0ms (user: anonymous)
2026-08-23 12:22:19.880 +04:00 [INF] POST /api/v1/chat/messages responded 200 in 5325ms (user: anonymous)
2026-08-23 12:22:19.896 +04:00 [INF] OPTIONS /api/v1/chat/conversations responded 204 in 0ms (user: anonymous)
2026-08-23 12:22:19.897 +04:00 [INF] OPTIONS /api/v1/chat/usage responded 204 in 0ms (user: anonymous)
2026-08-23 12:22:19.911 +04:00 [INF] GET /api/v1/chat/conversations responded 429 in 1ms (user: anonymous)
2026-08-23 12:22:19.925 +04:00 [INF] GET /api/v1/chat/usage responded 429 in 4ms (user: anonymous)
2026-08-23 12:22:19.949 +04:00 [INF] OPTIONS /api/v1/chat/conversations/582e91c7-43d9-49fd-944d-f4605ee2ca3b/messages responded 204 in 0ms (user: anonymous)
2026-08-23 12:22:19.963 +04:00 [INF] GET /api/v1/chat/conversations/582e91c7-43d9-49fd-944d-f4605ee2ca3b/messages responded 429 in 0ms (user: anonymous)
2026-08-23 12:22:22.920 +04:00 [INF] OPTIONS /api/v1/profile responded 204 in 0ms (user: anonymous)
2026-08-23 12:22:22.920 +04:00 [INF] OPTIONS /api/v1/profile responded 204 in 0ms (user: anonymous)
2026-08-23 12:22:22.923 +04:00 [INF] GET /api/v1/chat/usage responded 429 in 0ms (user: anonymous)
2026-08-23 12:22:22.923 +04:00 [INF] GET /api/v1/chat/conversations responded 429 in 0ms (user: anonymous)
2026-08-23 12:22:22.959 +04:00 [INF] GET /api/v1/profile responded 200 in 25ms (user: anonymous)
2026-08-23 12:22:22.960 +04:00 [INF] GET /api/v1/chat/usage responded 429 in 0ms (user: anonymous)
2026-08-23 12:22:22.968 +04:00 [INF] GET /api/v1/chat/conversations responded 429 in 0ms (user: anonymous)
2026-08-23 12:22:22.977 +04:00 [INF] GET /api/v1/profile responded 200 in 13ms (user: anonymous)
2026-08-23 12:22:25.775 +04:00 [INF] OPTIONS /api/v1/chat/conversations responded 204 in 0ms (user: anonymous)
2026-08-23 12:22:25.775 +04:00 [INF] OPTIONS /api/v1/chat/usage responded 204 in 0ms (user: anonymous)
2026-08-23 12:22:25.775 +04:00 [INF] OPTIONS /api/v1/chat/conversations responded 204 in 0ms (user: anonymous)
2026-08-23 12:22:25.776 +04:00 [INF] OPTIONS /api/v1/chat/usage responded 204 in 0ms (user: anonymous)
2026-08-23 12:22:25.790 +04:00 [INF] GET /api/v1/chat/conversations responded 429 in 0ms (user: anonymous)
2026-08-23 12:22:25.792 +04:00 [INF] GET /api/v1/profile responded 200 in 15ms (user: anonymous)
2026-08-23 12:22:25.809 +04:00 [INF] GET /api/v1/chat/usage responded 429 in 0ms (user: anonymous)
2026-08-23 12:22:25.818 +04:00 [INF] GET /api/v1/profile responded 200 in 14ms (user: anonymous)
2026-08-23 12:22:25.834 +04:00 [INF] GET /api/v1/chat/conversations responded 429 in 0ms (user: anonymous)
2026-08-23 12:22:25.850 +04:00 [INF] GET /api/v1/chat/usage responded 429 in 0ms (user: anonymous)
2026-08-23 12:22:28.176 +04:00 [INF] OPTIONS /api/v1/auth/logout responded 204 in 0ms (user: anonymous)
2026-08-23 12:22:28.223 +04:00 [INF] POST /api/v1/auth/logout responded 200 in 37ms (user: anonymous)
2026-08-23 12:22:29.633 +04:00 [INF] OPTIONS /api/v1/auth/login responded 204 in 0ms (user: anonymous)
2026-08-23 12:22:29.861 +04:00 [INF] POST /api/v1/auth/login responded 200 in 211ms (user: anonymous)
2026-08-23 12:22:29.887 +04:00 [INF] OPTIONS /api/v1/profile responded 204 in 0ms (user: anonymous)
2026-08-23 12:22:29.894 +04:00 [INF] OPTIONS /api/v1/favorites responded 204 in 0ms (user: anonymous)
2026-08-23 12:22:29.894 +04:00 [INF] OPTIONS /api/v1/stories responded 204 in 0ms (user: anonymous)
2026-08-23 12:22:29.894 +04:00 [INF] OPTIONS /api/v1/profile responded 204 in 0ms (user: anonymous)
2026-08-23 12:22:29.894 +04:00 [INF] OPTIONS /api/v1/profile responded 204 in 0ms (user: anonymous)
2026-08-23 12:22:29.894 +04:00 [INF] OPTIONS /api/v1/profile responded 204 in 0ms (user: anonymous)
2026-08-23 12:22:29.894 +04:00 [INF] OPTIONS /api/v1/stories responded 204 in 0ms (user: anonymous)
2026-08-23 12:22:29.896 +04:00 [INF] OPTIONS /api/v1/favorites responded 204 in 0ms (user: anonymous)
2026-08-23 12:22:29.913 +04:00 [INF] GET /api/v1/favorites responded 200 in 3ms (user: anonymous)
2026-08-23 12:22:29.913 +04:00 [INF] GET /api/v1/profile responded 200 in 11ms (user: anonymous)
2026-08-23 12:22:29.918 +04:00 [INF] GET /api/v1/stories responded 200 in 1ms (user: anonymous)
2026-08-23 12:22:29.931 +04:00 [INF] GET /api/v1/profile responded 200 in 9ms (user: anonymous)
2026-08-23 12:22:29.943 +04:00 [INF] GET /api/v1/profile responded 200 in 10ms (user: anonymous)
2026-08-23 12:22:29.946 +04:00 [INF] GET /api/v1/profile responded 200 in 11ms (user: anonymous)
2026-08-23 12:22:29.947 +04:00 [INF] GET /api/v1/stories responded 200 in 1ms (user: anonymous)
2026-08-23 12:22:29.956 +04:00 [INF] GET /api/v1/favorites responded 200 in 5ms (user: anonymous)
2026-08-23 12:22:33.305 +04:00 [INF] OPTIONS /api/v1/chat/conversations responded 204 in 0ms (user: anonymous)
2026-08-23 12:22:33.305 +04:00 [INF] OPTIONS /api/v1/chat/usage responded 204 in 0ms (user: anonymous)
2026-08-23 12:22:33.306 +04:00 [INF] OPTIONS /api/v1/chat/usage responded 204 in 0ms (user: anonymous)
2026-08-23 12:22:33.306 +04:00 [INF] OPTIONS /api/v1/chat/conversations responded 204 in 0ms (user: anonymous)
2026-08-23 12:22:33.322 +04:00 [INF] GET /api/v1/profile responded 200 in 16ms (user: anonymous)
2026-08-23 12:22:33.324 +04:00 [INF] GET /api/v1/chat/conversations responded 429 in 0ms (user: anonymous)
2026-08-23 12:22:33.334 +04:00 [INF] GET /api/v1/chat/usage responded 429 in 0ms (user: anonymous)
2026-08-23 12:22:33.336 +04:00 [INF] GET /api/v1/profile responded 200 in 11ms (user: anonymous)
2026-08-23 12:22:33.379 +04:00 [INF] GET /api/v1/chat/conversations responded 429 in 0ms (user: anonymous)
2026-08-23 12:22:33.385 +04:00 [INF] GET /api/v1/chat/usage responded 429 in 0ms (user: anonymous)
2026-08-23 12:22:35.501 +04:00 [INF] OPTIONS /api/v1/profile responded 204 in 0ms (user: anonymous)
2026-08-23 12:22:35.501 +04:00 [INF] OPTIONS /api/v1/profile responded 204 in 0ms (user: anonymous)
2026-08-23 12:22:35.502 +04:00 [INF] GET /api/v1/chat/conversations responded 429 in 0ms (user: anonymous)
2026-08-23 12:22:35.503 +04:00 [INF] GET /api/v1/chat/usage responded 429 in 0ms (user: anonymous)
2026-08-23 12:22:35.536 +04:00 [INF] GET /api/v1/profile responded 200 in 18ms (user: anonymous)
2026-08-23 12:22:35.544 +04:00 [INF] GET /api/v1/chat/conversations responded 429 in 0ms (user: anonymous)
2026-08-23 12:22:35.552 +04:00 [INF] GET /api/v1/chat/usage responded 429 in 0ms (user: anonymous)
2026-08-23 12:22:35.559 +04:00 [INF] GET /api/v1/profile responded 200 in 13ms (user: anonymous)
2026-08-23 12:22:37.532 +04:00 [INF] OPTIONS /api/v1/stories responded 204 in 0ms (user: anonymous)
2026-08-23 12:22:37.532 +04:00 [INF] OPTIONS /api/v1/favorites responded 204 in 0ms (user: anonymous)
2026-08-23 12:22:37.532 +04:00 [INF] OPTIONS /api/v1/story-categories responded 204 in 0ms (user: anonymous)
2026-08-23 12:22:37.532 +04:00 [INF] OPTIONS /api/v1/story-categories responded 204 in 0ms (user: anonymous)
2026-08-23 12:22:37.532 +04:00 [INF] OPTIONS /api/v1/favorites responded 204 in 0ms (user: anonymous)
2026-08-23 12:22:37.532 +04:00 [INF] OPTIONS /api/v1/stories responded 204 in 0ms (user: anonymous)
2026-08-23 12:22:37.547 +04:00 [INF] GET /api/v1/profile responded 200 in 15ms (user: anonymous)
2026-08-23 12:22:37.549 +04:00 [INF] GET /api/v1/stories responded 200 in 1ms (user: anonymous)
2026-08-23 12:22:37.560 +04:00 [INF] GET /api/v1/profile responded 200 in 11ms (user: anonymous)
2026-08-23 12:22:37.564 +04:00 [INF] GET /api/v1/favorites responded 200 in 5ms (user: anonymous)
2026-08-23 12:22:37.569 +04:00 [INF] GET /api/v1/story-categories responded 200 in 1ms (user: anonymous)
2026-08-23 12:22:37.580 +04:00 [INF] GET /api/v1/story-categories responded 200 in 1ms (user: anonymous)
2026-08-23 12:22:37.585 +04:00 [INF] GET /api/v1/favorites responded 429 in 0ms (user: anonymous)
2026-08-23 12:22:37.592 +04:00 [INF] GET /api/v1/stories responded 429 in 0ms (user: anonymous)
2026-08-23 12:22:39.071 +04:00 [INF] OPTIONS /api/v1/vocabularies responded 204 in 0ms (user: anonymous)
2026-08-23 12:22:39.071 +04:00 [INF] OPTIONS /api/v1/vocabularies responded 204 in 0ms (user: anonymous)
2026-08-23 12:22:39.071 +04:00 [INF] GET /api/v1/profile responded 429 in 0ms (user: anonymous)
2026-08-23 12:22:39.088 +04:00 [INF] GET /api/v1/vocabularies responded 429 in 0ms (user: anonymous)
2026-08-23 12:22:39.099 +04:00 [INF] GET /api/v1/profile responded 429 in 0ms (user: anonymous)
2026-08-23 12:22:39.109 +04:00 [INF] GET /api/v1/vocabularies responded 429 in 0ms (user: anonymous)
2026-08-23 12:22:39.120 +04:00 [INF] GET /api/v1/vocabularies responded 429 in 0ms (user: anonymous)
2026-08-23 12:22:39.128 +04:00 [INF] GET /api/v1/vocabularies responded 429 in 0ms (user: anonymous)
2026-08-23 12:22:57.354 +04:00 [INF] OPTIONS /api/v1/auth/logout responded 204 in 0ms (user: anonymous)
2026-08-23 12:22:57.369 +04:00 [INF] POST /api/v1/auth/logout responded 429 in 0ms (user: anonymous)
2026-08-23 12:23:00.951 +04:00 [INF] GET /swagger/index.html responded 200 in 1ms (user: anonymous)
2026-08-23 12:23:01.238 +04:00 [INF] GET /swagger/v1/swagger.json responded 200 in 54ms (user: anonymous)
2026-08-23 12:23:04.067 +04:00 [INF] OPTIONS /api/v1/auth/login responded 204 in 0ms (user: anonymous)
2026-08-23 12:23:04.192 +04:00 [INF] POST /api/v1/auth/login responded 200 in 112ms (user: anonymous)
2026-08-23 12:23:04.227 +04:00 [INF] OPTIONS /api/v1/profile responded 204 in 0ms (user: anonymous)
2026-08-23 12:23:04.227 +04:00 [INF] OPTIONS /api/v1/profile responded 204 in 0ms (user: anonymous)
2026-08-23 12:23:04.229 +04:00 [INF] OPTIONS /api/v1/stories responded 204 in 0ms (user: anonymous)
2026-08-23 12:23:04.229 +04:00 [INF] OPTIONS /api/v1/favorites responded 204 in 0ms (user: anonymous)
2026-08-23 12:23:04.231 +04:00 [INF] OPTIONS /api/v1/profile responded 204 in 0ms (user: anonymous)
2026-08-23 12:23:04.231 +04:00 [INF] OPTIONS /api/v1/profile responded 204 in 0ms (user: anonymous)
2026-08-23 12:23:04.232 +04:00 [INF] OPTIONS /api/v1/stories responded 204 in 0ms (user: anonymous)
2026-08-23 12:23:04.232 +04:00 [INF] OPTIONS /api/v1/favorites responded 204 in 0ms (user: anonymous)
2026-08-23 12:23:04.253 +04:00 [INF] GET /api/v1/profile responded 200 in 10ms (user: anonymous)
2026-08-23 12:23:04.262 +04:00 [INF] GET /api/v1/stories responded 200 in 0ms (user: anonymous)
2026-08-23 12:23:04.264 +04:00 [INF] GET /api/v1/profile responded 200 in 6ms (user: anonymous)
2026-08-23 12:23:04.270 +04:00 [INF] GET /api/v1/favorites responded 200 in 3ms (user: anonymous)
2026-08-23 12:23:04.278 +04:00 [INF] GET /api/v1/profile responded 200 in 5ms (user: anonymous)
2026-08-23 12:23:04.285 +04:00 [INF] GET /api/v1/stories responded 200 in 0ms (user: anonymous)
2026-08-23 12:23:04.286 +04:00 [INF] GET /api/v1/profile responded 200 in 6ms (user: anonymous)
2026-08-23 12:23:04.295 +04:00 [INF] GET /api/v1/favorites responded 200 in 2ms (user: anonymous)
2026-08-23 12:23:06.646 +04:00 [INF] OPTIONS /api/v1/chat/conversations responded 204 in 0ms (user: anonymous)
2026-08-23 12:23:06.646 +04:00 [INF] OPTIONS /api/v1/chat/usage responded 204 in 0ms (user: anonymous)
2026-08-23 12:23:06.646 +04:00 [INF] OPTIONS /api/v1/chat/conversations responded 204 in 0ms (user: anonymous)
2026-08-23 12:23:06.646 +04:00 [INF] OPTIONS /api/v1/chat/usage responded 204 in 0ms (user: anonymous)
2026-08-23 12:23:06.656 +04:00 [INF] GET /api/v1/profile responded 200 in 10ms (user: anonymous)
2026-08-23 12:23:06.660 +04:00 [INF] GET /api/v1/chat/conversations responded 429 in 0ms (user: anonymous)
2026-08-23 12:23:06.670 +04:00 [INF] GET /api/v1/profile responded 200 in 9ms (user: anonymous)
2026-08-23 12:23:06.670 +04:00 [INF] GET /api/v1/chat/usage responded 429 in 0ms (user: anonymous)
2026-08-23 12:23:06.717 +04:00 [INF] GET /api/v1/chat/conversations responded 429 in 0ms (user: anonymous)
2026-08-23 12:23:06.749 +04:00 [INF] GET /api/v1/chat/usage responded 429 in 0ms (user: anonymous)
2026-08-23 12:23:15.194 +04:00 [INF] OPTIONS /api/v1/chat/usage responded 204 in 0ms (user: anonymous)
2026-08-23 12:23:15.194 +04:00 [INF] OPTIONS /api/v1/profile responded 204 in 0ms (user: anonymous)
2026-08-23 12:23:15.194 +04:00 [INF] OPTIONS /api/v1/chat/conversations responded 204 in 0ms (user: anonymous)
2026-08-23 12:23:15.194 +04:00 [INF] OPTIONS /api/v1/profile responded 204 in 0ms (user: anonymous)
2026-08-23 12:23:15.194 +04:00 [INF] OPTIONS /api/v1/chat/conversations responded 204 in 0ms (user: anonymous)
2026-08-23 12:23:15.194 +04:00 [INF] OPTIONS /api/v1/chat/usage responded 204 in 0ms (user: anonymous)
2026-08-23 12:23:15.268 +04:00 [INF] GET /api/v1/chat/conversations responded 200 in 7ms (user: anonymous)
2026-08-23 12:23:15.241 +04:00 [INF] GET /api/v1/profile responded 200 in 14ms (user: anonymous)
2026-08-23 12:23:15.245 +04:00 [INF] GET /api/v1/chat/conversations responded 200 in 4ms (user: anonymous)
2026-08-23 12:23:15.263 +04:00 [INF] GET /api/v1/profile responded 200 in 17ms (user: anonymous)
2026-08-23 12:23:15.223 +04:00 [INF] GET /api/v1/chat/usage responded 200 in 12ms (user: anonymous)
2026-08-23 12:23:15.282 +04:00 [INF] GET /api/v1/chat/usage responded 200 in 9ms (user: anonymous)
2026-08-23 12:23:17.344 +04:00 [INF] OPTIONS /api/v1/chat/conversations/582e91c7-43d9-49fd-944d-f4605ee2ca3b/messages responded 204 in 0ms (user: anonymous)
2026-08-23 12:23:17.392 +04:00 [INF] GET /api/v1/chat/conversations/582e91c7-43d9-49fd-944d-f4605ee2ca3b/messages responded 200 in 35ms (user: anonymous)
2026-08-23 12:23:24.894 +04:00 [INF] OPTIONS /api/v1/chat/messages responded 204 in 0ms (user: anonymous)
2026-08-23 12:23:24.913 +04:00 [INF] POST /api/v1/chat/messages responded 429 in 0ms (user: anonymous)
2026-08-23 12:23:50.014 +04:00 [INF] OPTIONS /api/v1/chat/conversations/582e91c7-43d9-49fd-944d-f4605ee2ca3b/messages responded 204 in 0ms (user: anonymous)
2026-08-23 12:23:50.027 +04:00 [INF] GET /api/v1/chat/conversations/582e91c7-43d9-49fd-944d-f4605ee2ca3b/messages responded 429 in 0ms (user: anonymous)
2026-08-23 12:23:54.092 +04:00 [INF] OPTIONS /api/v1/chat/messages responded 204 in 0ms (user: anonymous)
2026-08-23 12:23:54.105 +04:00 [INF] POST /api/v1/chat/messages responded 429 in 0ms (user: anonymous)
2026-08-23 12:25:43.920 +04:00 [INF] POST /api/v1/chat/messages responded 400 in 14ms (user: anonymous)
2026-08-23 12:25:54.529 +04:00 [INF] POST /api/v1/chat/messages responded 200 in 7547ms (user: anonymous)
2026-08-23 12:26:23.118 +04:00 [INF] GET /swagger/index.html responded 200 in 0ms (user: anonymous)
2026-08-23 12:26:23.226 +04:00 [INF] GET /swagger/v1/swagger.json responded 200 in 15ms (user: anonymous)
2026-08-23 12:26:36.370 +04:00 [INF] OPTIONS /api/v1/profile responded 204 in 0ms (user: anonymous)
2026-08-23 12:26:36.370 +04:00 [INF] OPTIONS /api/v1/chat/conversations responded 204 in 0ms (user: anonymous)
2026-08-23 12:26:36.370 +04:00 [INF] OPTIONS /api/v1/chat/conversations responded 204 in 0ms (user: anonymous)
2026-08-23 12:26:36.370 +04:00 [INF] OPTIONS /api/v1/chat/usage responded 204 in 0ms (user: anonymous)
2026-08-23 12:26:36.370 +04:00 [INF] OPTIONS /api/v1/profile responded 204 in 0ms (user: anonymous)
2026-08-23 12:26:36.372 +04:00 [INF] OPTIONS /api/v1/chat/usage responded 204 in 0ms (user: anonymous)
2026-08-23 12:26:36.405 +04:00 [INF] GET /api/v1/profile responded 200 in 13ms (user: anonymous)
2026-08-23 12:26:36.407 +04:00 [INF] GET /api/v1/chat/conversations responded 200 in 3ms (user: anonymous)
2026-08-23 12:26:36.428 +04:00 [INF] GET /api/v1/chat/conversations responded 200 in 4ms (user: anonymous)
2026-08-23 12:26:36.439 +04:00 [INF] GET /api/v1/chat/usage responded 200 in 10ms (user: anonymous)
2026-08-23 12:26:36.446 +04:00 [INF] GET /api/v1/chat/usage responded 429 in 0ms (user: anonymous)
2026-08-23 12:26:36.454 +04:00 [INF] GET /api/v1/profile responded 200 in 12ms (user: anonymous)
2026-08-23 12:26:38.891 +04:00 [INF] OPTIONS /api/v1/chat/messages responded 204 in 0ms (user: anonymous)
2026-08-23 12:26:38.904 +04:00 [INF] POST /api/v1/chat/messages responded 429 in 0ms (user: anonymous)
2026-08-23 12:26:57.696 +04:00 [INF] GET /swagger/index.html responded 200 in 0ms (user: anonymous)
2026-08-23 12:26:57.807 +04:00 [INF] GET /swagger/v1/swagger.json responded 200 in 20ms (user: anonymous)
2026-08-23 12:27:29.765 +04:00 [INF] OPTIONS /api/v1/chat/messages responded 204 in 0ms (user: anonymous)
2026-08-23 12:27:34.291 +04:00 [INF] POST /api/v1/chat/messages responded 200 in 4516ms (user: anonymous)
2026-08-23 12:27:34.305 +04:00 [INF] OPTIONS /api/v1/chat/usage responded 204 in 0ms (user: anonymous)
2026-08-23 12:27:34.306 +04:00 [INF] OPTIONS /api/v1/chat/conversations responded 204 in 0ms (user: anonymous)
2026-08-23 12:27:34.316 +04:00 [INF] GET /api/v1/chat/usage responded 200 in 6ms (user: anonymous)
2026-08-23 12:27:34.319 +04:00 [INF] GET /api/v1/chat/conversations responded 200 in 4ms (user: anonymous)
2026-08-23 12:27:34.345 +04:00 [INF] OPTIONS /api/v1/chat/conversations/5ca4f215-5130-4636-a7a4-21848e105fef/messages responded 204 in 0ms (user: anonymous)
2026-08-23 12:27:34.385 +04:00 [INF] GET /api/v1/chat/conversations/5ca4f215-5130-4636-a7a4-21848e105fef/messages responded 200 in 7ms (user: anonymous)
2026-08-23 12:28:02.030 +04:00 [INF] OPTIONS /api/v1/profile responded 204 in 0ms (user: anonymous)
2026-08-23 12:28:02.031 +04:00 [INF] OPTIONS /api/v1/profile responded 204 in 0ms (user: anonymous)
2026-08-23 12:28:02.031 +04:00 [INF] OPTIONS /api/v1/vocabularies responded 204 in 0ms (user: anonymous)
2026-08-23 12:28:02.031 +04:00 [INF] OPTIONS /api/v1/vocabularies responded 204 in 0ms (user: anonymous)
2026-08-23 12:28:02.064 +04:00 [INF] GET /api/v1/profile responded 200 in 15ms (user: anonymous)
2026-08-23 12:28:02.077 +04:00 [INF] GET /api/v1/profile responded 200 in 9ms (user: anonymous)
2026-08-23 12:28:02.170 +04:00 [INF] GET /api/v1/vocabularies responded 200 in 97ms (user: anonymous)
2026-08-23 12:28:02.183 +04:00 [INF] GET /api/v1/vocabularies responded 200 in 9ms (user: anonymous)
2026-08-23 12:28:02.282 +04:00 [INF] GET /api/v1/vocabularies responded 200 in 14ms (user: anonymous)
2026-08-23 12:28:02.295 +04:00 [INF] GET /api/v1/vocabularies responded 200 in 10ms (user: anonymous)
2026-08-23 12:28:22.603 +04:00 [INF] OPTIONS /api/v1/profile responded 204 in 0ms (user: anonymous)
2026-08-23 12:28:22.603 +04:00 [INF] OPTIONS /api/v1/profile responded 204 in 0ms (user: anonymous)
2026-08-23 12:28:22.603 +04:00 [INF] OPTIONS /api/v1/vocabularies responded 204 in 0ms (user: anonymous)
2026-08-23 12:28:22.608 +04:00 [INF] OPTIONS /api/v1/vocabularies responded 204 in 0ms (user: anonymous)
2026-08-23 12:28:22.655 +04:00 [INF] GET /api/v1/profile responded 200 in 17ms (user: anonymous)
2026-08-23 12:28:22.671 +04:00 [INF] GET /api/v1/profile responded 200 in 12ms (user: anonymous)
2026-08-23 12:28:22.685 +04:00 [INF] GET /api/v1/vocabularies responded 200 in 22ms (user: anonymous)
2026-08-23 12:28:22.703 +04:00 [INF] GET /api/v1/vocabularies responded 200 in 14ms (user: anonymous)
2026-08-23 12:28:22.756 +04:00 [INF] GET /api/v1/vocabularies responded 200 in 8ms (user: anonymous)
2026-08-23 12:28:22.772 +04:00 [INF] GET /api/v1/vocabularies responded 200 in 13ms (user: anonymous)
2026-08-23 12:30:05.058 +04:00 [INF] GET /api/v1/vocabularies responded 200 in 5ms (user: anonymous)
2026-08-23 12:30:25.426 +04:00 [INF] POST /api/v1/translations/translate responded 401 in 5ms (user: anonymous)
2026-08-23 12:30:50.014 +04:00 [INF] OPTIONS /api/v1/profile responded 204 in 0ms (user: anonymous)
2026-08-23 12:30:50.014 +04:00 [INF] OPTIONS /api/v1/vocabularies responded 204 in 0ms (user: anonymous)
2026-08-23 12:30:50.014 +04:00 [INF] OPTIONS /api/v1/profile responded 204 in 0ms (user: anonymous)
2026-08-23 12:30:50.015 +04:00 [INF] OPTIONS /api/v1/vocabularies responded 204 in 0ms (user: anonymous)
2026-08-23 12:30:50.037 +04:00 [INF] GET /api/v1/profile responded 200 in 7ms (user: anonymous)
2026-08-23 12:30:50.054 +04:00 [INF] GET /api/v1/vocabularies responded 200 in 10ms (user: anonymous)
2026-08-23 12:30:50.067 +04:00 [INF] GET /api/v1/profile responded 200 in 11ms (user: anonymous)
2026-08-23 12:30:50.077 +04:00 [INF] GET /api/v1/vocabularies responded 200 in 11ms (user: anonymous)
2026-08-23 12:30:50.239 +04:00 [INF] GET /api/v1/vocabularies responded 200 in 7ms (user: anonymous)
2026-08-23 12:30:50.251 +04:00 [INF] GET /api/v1/vocabularies responded 200 in 7ms (user: anonymous)
2026-08-23 12:31:05.389 +04:00 [INF] OPTIONS /api/v1/profile responded 204 in 0ms (user: anonymous)
2026-08-23 12:31:05.389 +04:00 [INF] OPTIONS /api/v1/vocabularies responded 204 in 0ms (user: anonymous)
2026-08-23 12:31:05.389 +04:00 [INF] OPTIONS /api/v1/vocabularies responded 204 in 0ms (user: anonymous)
2026-08-23 12:31:05.405 +04:00 [INF] GET /api/v1/profile responded 200 in 4ms (user: anonymous)
2026-08-23 12:31:05.411 +04:00 [INF] GET /api/v1/vocabularies responded 200 in 7ms (user: anonymous)
2026-08-23 12:31:05.419 +04:00 [INF] GET /api/v1/vocabularies responded 200 in 6ms (user: anonymous)
2026-08-23 12:31:15.343 +04:00 [INF] OPTIONS /api/v1/vocabularies responded 204 in 0ms (user: anonymous)
2026-08-23 12:31:15.343 +04:00 [INF] OPTIONS /api/v1/vocabularies responded 204 in 0ms (user: anonymous)
2026-08-23 12:31:15.343 +04:00 [INF] OPTIONS /api/v1/profile responded 204 in 0ms (user: anonymous)
2026-08-23 12:31:15.430 +04:00 [INF] GET /api/v1/vocabularies responded 200 in 50ms (user: anonymous)
2026-08-23 12:31:15.469 +04:00 [INF] GET /api/v1/profile responded 200 in 30ms (user: anonymous)
2026-08-23 12:31:15.494 +04:00 [INF] GET /api/v1/vocabularies responded 200 in 48ms (user: anonymous)
2026-08-23 12:31:30.239 +04:00 [INF] OPTIONS /api/v1/vocabularies responded 204 in 0ms (user: anonymous)
2026-08-23 12:31:30.239 +04:00 [INF] OPTIONS /api/v1/vocabularies responded 204 in 0ms (user: anonymous)
2026-08-23 12:31:30.271 +04:00 [INF] GET /api/v1/vocabularies responded 200 in 13ms (user: anonymous)
2026-08-23 12:31:30.305 +04:00 [INF] GET /api/v1/vocabularies responded 200 in 24ms (user: anonymous)
2026-08-23 12:31:30.321 +04:00 [INF] OPTIONS /api/v1/translations/translate responded 204 in 0ms (user: anonymous)
2026-08-23 12:31:32.335 +04:00 [INF] POST /api/v1/translations/translate responded 200 in 1983ms (user: anonymous)
2026-08-23 22:40:23.950 +04:00 [WRN] Entity 'Story' has a global query filter defined and is the required end of a relationship with the entity 'Chapter'. This may lead to unexpected results when the required entity is filtered out. Either configure the navigation as optional, or define matching query filters for both entities in the navigation. See https://go.microsoft.com/fwlink/?linkid=2131316 for more information.
2026-08-23 22:40:23.979 +04:00 [WRN] Entity 'Story' has a global query filter defined and is the required end of a relationship with the entity 'DailyStoryReadLog'. This may lead to unexpected results when the required entity is filtered out. Either configure the navigation as optional, or define matching query filters for both entities in the navigation. See https://go.microsoft.com/fwlink/?linkid=2131316 for more information.
2026-08-23 22:40:23.981 +04:00 [WRN] Entity 'Story' has a global query filter defined and is the required end of a relationship with the entity 'FavoriteStory'. This may lead to unexpected results when the required entity is filtered out. Either configure the navigation as optional, or define matching query filters for both entities in the navigation. See https://go.microsoft.com/fwlink/?linkid=2131316 for more information.
2026-08-23 22:40:23.982 +04:00 [WRN] Entity 'Story' has a global query filter defined and is the required end of a relationship with the entity 'QuizAttempt'. This may lead to unexpected results when the required entity is filtered out. Either configure the navigation as optional, or define matching query filters for both entities in the navigation. See https://go.microsoft.com/fwlink/?linkid=2131316 for more information.
2026-08-23 22:40:23.983 +04:00 [WRN] Entity 'Story' has a global query filter defined and is the required end of a relationship with the entity 'ReadingHistory'. This may lead to unexpected results when the required entity is filtered out. Either configure the navigation as optional, or define matching query filters for both entities in the navigation. See https://go.microsoft.com/fwlink/?linkid=2131316 for more information.
2026-08-23 22:40:23.984 +04:00 [WRN] Entity 'Story' has a global query filter defined and is the required end of a relationship with the entity 'RemainingCorrectCounter'. This may lead to unexpected results when the required entity is filtered out. Either configure the navigation as optional, or define matching query filters for both entities in the navigation. See https://go.microsoft.com/fwlink/?linkid=2131316 for more information.
2026-08-23 22:40:23.985 +04:00 [WRN] Entity 'Story' has a global query filter defined and is the required end of a relationship with the entity 'Review'. This may lead to unexpected results when the required entity is filtered out. Either configure the navigation as optional, or define matching query filters for both entities in the navigation. See https://go.microsoft.com/fwlink/?linkid=2131316 for more information.
2026-08-23 22:40:23.987 +04:00 [WRN] Entity 'Story' has a global query filter defined and is the required end of a relationship with the entity 'UserProgress'. This may lead to unexpected results when the required entity is filtered out. Either configure the navigation as optional, or define matching query filters for both entities in the navigation. See https://go.microsoft.com/fwlink/?linkid=2131316 for more information.
2026-08-23 22:40:25.559 +04:00 [INF] Database seeding completed successfully.
2026-08-23 22:41:29.428 +04:00 [INF] OPTIONS /api/v1/auth/refresh-token responded 204 in 2ms (user: anonymous)
2026-08-23 22:41:29.718 +04:00 [INF] POST /api/v1/auth/refresh-token responded 200 in 269ms (user: anonymous)
2026-08-23 22:41:29.726 +04:00 [INF] OPTIONS /api/v1/favorites responded 204 in 0ms (user: anonymous)
2026-08-23 22:41:29.726 +04:00 [INF] OPTIONS /api/v1/profile responded 204 in 0ms (user: anonymous)
2026-08-23 22:41:29.726 +04:00 [INF] OPTIONS /api/v1/stories responded 204 in 0ms (user: anonymous)
2026-08-23 22:41:29.726 +04:00 [INF] OPTIONS /api/v1/story-categories responded 204 in 0ms (user: anonymous)
2026-08-23 22:41:29.726 +04:00 [INF] OPTIONS /api/v1/profile responded 204 in 0ms (user: anonymous)
2026-08-23 22:41:29.727 +04:00 [INF] OPTIONS /api/v1/stories responded 204 in 0ms (user: anonymous)
2026-08-23 22:41:29.727 +04:00 [INF] OPTIONS /api/v1/favorites responded 204 in 0ms (user: anonymous)
2026-08-23 22:41:29.728 +04:00 [INF] OPTIONS /api/v1/story-categories responded 204 in 0ms (user: anonymous)
2026-08-23 22:41:29.928 +04:00 [WRN] Compiling a query which loads related collections for more than one collection navigation, either via 'Include' or through projection, but no 'QuerySplittingBehavior' has been configured. By default, Entity Framework will use 'QuerySplittingBehavior.SingleQuery', which can potentially result in slow query performance. See https://go.microsoft.com/fwlink/?linkid=2134277 for more information. To identify the query that's triggering this warning call 'ConfigureWarnings(w => w.Throw(RelationalEventId.MultipleCollectionIncludeWarning))'.
2026-08-23 22:41:29.936 +04:00 [INF] GET /api/v1/favorites responded 200 in 206ms (user: anonymous)
2026-08-23 22:41:29.939 +04:00 [INF] GET /api/v1/story-categories responded 200 in 203ms (user: anonymous)
2026-08-23 22:41:29.944 +04:00 [INF] GET /api/v1/story-categories responded 200 in 2ms (user: anonymous)
2026-08-23 22:41:29.946 +04:00 [INF] GET /api/v1/favorites responded 200 in 6ms (user: anonymous)
2026-08-23 22:41:29.962 +04:00 [INF] GET /api/v1/stories responded 200 in 226ms (user: anonymous)
2026-08-23 22:41:29.965 +04:00 [INF] GET /api/v1/stories responded 200 in 1ms (user: anonymous)
2026-08-23 22:41:29.998 +04:00 [INF] GET /api/v1/profile responded 200 in 266ms (user: anonymous)
2026-08-23 22:41:30.006 +04:00 [INF] GET /api/v1/profile responded 200 in 6ms (user: anonymous)
2026-08-23 22:41:51.993 +04:00 [INF] OPTIONS /api/v1/profile responded 204 in 0ms (user: anonymous)
2026-08-23 22:41:51.993 +04:00 [INF] OPTIONS /api/v1/profile responded 204 in 0ms (user: anonymous)
2026-08-23 22:41:51.993 +04:00 [INF] OPTIONS /api/v1/stories responded 204 in 0ms (user: anonymous)
2026-08-23 22:41:51.993 +04:00 [INF] OPTIONS /api/v1/favorites responded 204 in 0ms (user: anonymous)
2026-08-23 22:41:51.993 +04:00 [INF] OPTIONS /api/v1/profile responded 204 in 0ms (user: anonymous)
2026-08-23 22:41:51.994 +04:00 [INF] OPTIONS /api/v1/stories responded 204 in 0ms (user: anonymous)
2026-08-23 22:41:51.994 +04:00 [INF] OPTIONS /api/v1/profile responded 204 in 0ms (user: anonymous)
2026-08-23 22:41:51.994 +04:00 [INF] OPTIONS /api/v1/favorites responded 204 in 0ms (user: anonymous)
2026-08-23 22:41:52.005 +04:00 [INF] GET /api/v1/stories responded 200 in 2ms (user: anonymous)
2026-08-23 22:41:52.008 +04:00 [INF] GET /api/v1/favorites responded 200 in 3ms (user: anonymous)
2026-08-23 22:41:52.009 +04:00 [INF] GET /api/v1/stories responded 200 in 0ms (user: anonymous)
2026-08-23 22:41:52.011 +04:00 [INF] GET /api/v1/profile responded 200 in 13ms (user: anonymous)
2026-08-23 22:41:52.039 +04:00 [INF] GET /api/v1/favorites responded 200 in 3ms (user: anonymous)
2026-08-23 22:41:52.042 +04:00 [INF] GET /api/v1/profile responded 200 in 6ms (user: anonymous)
2026-08-23 22:41:52.049 +04:00 [INF] GET /api/v1/profile responded 200 in 5ms (user: anonymous)
2026-08-23 22:41:52.049 +04:00 [INF] GET /api/v1/profile responded 200 in 6ms (user: anonymous)
2026-08-23 22:41:55.788 +04:00 [INF] OPTIONS /api/v1/chat/conversations responded 204 in 0ms (user: anonymous)
2026-08-23 22:41:55.788 +04:00 [INF] OPTIONS /api/v1/chat/conversations responded 204 in 0ms (user: anonymous)
2026-08-23 22:41:55.788 +04:00 [INF] OPTIONS /api/v1/chat/usage responded 204 in 0ms (user: anonymous)
2026-08-23 22:41:55.788 +04:00 [INF] OPTIONS /api/v1/chat/usage responded 204 in 0ms (user: anonymous)
2026-08-23 22:41:55.796 +04:00 [INF] GET /api/v1/profile responded 200 in 7ms (user: anonymous)
2026-08-23 22:41:55.805 +04:00 [INF] GET /api/v1/profile responded 200 in 8ms (user: anonymous)
2026-08-23 22:41:55.833 +04:00 [INF] GET /api/v1/chat/conversations responded 200 in 37ms (user: anonymous)
2026-08-23 22:41:55.843 +04:00 [INF] GET /api/v1/chat/conversations responded 200 in 5ms (user: anonymous)
2026-08-23 22:41:55.887 +04:00 [INF] GET /api/v1/chat/usage responded 200 in 88ms (user: anonymous)
2026-08-23 22:41:55.893 +04:00 [INF] GET /api/v1/chat/usage responded 200 in 2ms (user: anonymous)
2026-08-23 22:41:58.238 +04:00 [INF] OPTIONS /api/v1/chat/messages responded 204 in 0ms (user: anonymous)
2026-08-23 22:42:00.536 +04:00 [INF] POST /api/v1/chat/messages responded 200 in 2291ms (user: anonymous)
2026-08-23 22:42:00.543 +04:00 [INF] GET /api/v1/chat/conversations responded 429 in 0ms (user: anonymous)
2026-08-23 22:42:00.543 +04:00 [INF] GET /api/v1/chat/usage responded 429 in 0ms (user: anonymous)
2026-08-23 22:42:00.555 +04:00 [INF] OPTIONS /api/v1/chat/conversations/f75fb5aa-b4e2-4870-ae62-5df7a35041ea/messages responded 204 in 0ms (user: anonymous)
2026-08-23 22:42:00.559 +04:00 [INF] GET /api/v1/chat/conversations/f75fb5aa-b4e2-4870-ae62-5df7a35041ea/messages responded 429 in 0ms (user: anonymous)
2026-08-23 22:42:03.157 +04:00 [INF] OPTIONS /api/v1/chat/usage responded 204 in 0ms (user: anonymous)
2026-08-23 22:42:03.157 +04:00 [INF] OPTIONS /api/v1/chat/usage responded 204 in 0ms (user: anonymous)
2026-08-23 22:42:03.157 +04:00 [INF] OPTIONS /api/v1/chat/conversations responded 204 in 0ms (user: anonymous)
2026-08-23 22:42:03.157 +04:00 [INF] OPTIONS /api/v1/chat/conversations responded 204 in 0ms (user: anonymous)
2026-08-23 22:42:03.157 +04:00 [INF] OPTIONS /api/v1/profile responded 204 in 0ms (user: anonymous)
2026-08-23 22:42:03.157 +04:00 [INF] OPTIONS /api/v1/profile responded 204 in 0ms (user: anonymous)
2026-08-23 22:42:03.162 +04:00 [INF] GET /api/v1/chat/usage responded 429 in 0ms (user: anonymous)
2026-08-23 22:42:03.167 +04:00 [INF] GET /api/v1/chat/conversations responded 429 in 0ms (user: anonymous)
2026-08-23 22:42:03.178 +04:00 [INF] GET /api/v1/chat/usage responded 429 in 0ms (user: anonymous)
2026-08-23 22:42:03.180 +04:00 [INF] GET /api/v1/chat/conversations responded 429 in 0ms (user: anonymous)
2026-08-23 22:42:03.181 +04:00 [INF] GET /api/v1/profile responded 200 in 6ms (user: anonymous)
2026-08-23 22:42:03.194 +04:00 [INF] GET /api/v1/profile responded 200 in 9ms (user: anonymous)
2026-08-23 22:42:04.392 +04:00 [INF] GET /api/v1/chat/usage responded 429 in 0ms (user: anonymous)
2026-08-23 22:42:04.392 +04:00 [INF] GET /api/v1/chat/conversations responded 429 in 0ms (user: anonymous)
2026-08-23 22:42:04.396 +04:00 [INF] GET /api/v1/chat/usage responded 429 in 0ms (user: anonymous)
2026-08-23 22:42:04.397 +04:00 [INF] GET /api/v1/profile responded 200 in 5ms (user: anonymous)
2026-08-23 22:42:04.399 +04:00 [INF] GET /api/v1/chat/conversations responded 429 in 0ms (user: anonymous)
2026-08-23 22:42:04.409 +04:00 [INF] GET /api/v1/profile responded 200 in 11ms (user: anonymous)
2026-08-23 22:43:03.360 +04:00 [INF] OPTIONS /api/v1/profile responded 204 in 0ms (user: anonymous)
2026-08-23 22:43:03.360 +04:00 [INF] OPTIONS /api/v1/chat/conversations responded 204 in 0ms (user: anonymous)
2026-08-23 22:43:03.360 +04:00 [INF] OPTIONS /api/v1/chat/usage responded 204 in 0ms (user: anonymous)
2026-08-23 22:43:03.360 +04:00 [INF] OPTIONS /api/v1/profile responded 204 in 0ms (user: anonymous)
2026-08-23 22:43:03.361 +04:00 [INF] OPTIONS /api/v1/chat/usage responded 204 in 0ms (user: anonymous)
2026-08-23 22:43:03.361 +04:00 [INF] OPTIONS /api/v1/chat/conversations responded 204 in 0ms (user: anonymous)
2026-08-23 22:43:03.375 +04:00 [INF] GET /api/v1/chat/conversations responded 200 in 3ms (user: anonymous)
2026-08-23 22:43:03.376 +04:00 [INF] GET /api/v1/chat/usage responded 200 in 3ms (user: anonymous)
2026-08-23 22:43:03.378 +04:00 [INF] GET /api/v1/profile responded 200 in 7ms (user: anonymous)
2026-08-23 22:43:03.385 +04:00 [INF] GET /api/v1/chat/usage responded 200 in 7ms (user: anonymous)
2026-08-23 22:43:03.385 +04:00 [INF] GET /api/v1/chat/conversations responded 200 in 5ms (user: anonymous)
2026-08-23 22:43:03.392 +04:00 [INF] GET /api/v1/profile responded 200 in 12ms (user: anonymous)
2026-08-23 22:43:08.360 +04:00 [INF] OPTIONS /api/v1/chat/messages responded 204 in 0ms (user: anonymous)
2026-08-23 22:43:18.195 +04:00 [INF] POST /api/v1/chat/messages responded 200 in 9830ms (user: anonymous)
2026-08-23 22:43:18.204 +04:00 [INF] OPTIONS /api/v1/chat/conversations responded 204 in 0ms (user: anonymous)
2026-08-23 22:43:18.204 +04:00 [INF] OPTIONS /api/v1/chat/usage responded 204 in 0ms (user: anonymous)
2026-08-23 22:43:18.208 +04:00 [INF] GET /api/v1/chat/conversations responded 429 in 0ms (user: anonymous)
2026-08-23 22:43:18.210 +04:00 [INF] GET /api/v1/chat/usage responded 429 in 0ms (user: anonymous)
2026-08-23 22:43:18.243 +04:00 [INF] OPTIONS /api/v1/chat/conversations/66ab7a92-6bbc-4cce-b2a8-aa7e9acc9bfe/messages responded 204 in 0ms (user: anonymous)
2026-08-23 22:43:18.247 +04:00 [INF] GET /api/v1/chat/conversations/66ab7a92-6bbc-4cce-b2a8-aa7e9acc9bfe/messages responded 429 in 0ms (user: anonymous)
2026-08-23 22:43:30.418 +04:00 [INF] OPTIONS /api/v1/profile responded 204 in 0ms (user: anonymous)
2026-08-23 22:43:30.418 +04:00 [INF] OPTIONS /api/v1/chat/conversations responded 204 in 0ms (user: anonymous)
2026-08-23 22:43:30.418 +04:00 [INF] OPTIONS /api/v1/profile responded 204 in 0ms (user: anonymous)
2026-08-23 22:43:30.418 +04:00 [INF] OPTIONS /api/v1/chat/conversations responded 204 in 0ms (user: anonymous)
2026-08-23 22:43:30.418 +04:00 [INF] OPTIONS /api/v1/chat/usage responded 204 in 0ms (user: anonymous)
2026-08-23 22:43:30.419 +04:00 [INF] OPTIONS /api/v1/chat/usage responded 204 in 0ms (user: anonymous)
2026-08-23 22:43:30.425 +04:00 [INF] GET /api/v1/chat/conversations responded 429 in 0ms (user: anonymous)
2026-08-23 22:43:30.427 +04:00 [INF] GET /api/v1/profile responded 200 in 4ms (user: anonymous)
2026-08-23 22:43:30.436 +04:00 [INF] GET /api/v1/chat/usage responded 429 in 0ms (user: anonymous)
2026-08-23 22:43:30.436 +04:00 [INF] GET /api/v1/profile responded 200 in 7ms (user: anonymous)
2026-08-23 22:43:30.440 +04:00 [INF] GET /api/v1/chat/conversations responded 429 in 0ms (user: anonymous)
2026-08-23 22:43:30.444 +04:00 [INF] GET /api/v1/chat/usage responded 429 in 0ms (user: anonymous)
2026-08-23 22:43:31.727 +04:00 [INF] OPTIONS /api/v1/favorites responded 204 in 0ms (user: anonymous)
2026-08-23 22:43:31.727 +04:00 [INF] OPTIONS /api/v1/story-categories responded 204 in 0ms (user: anonymous)
2026-08-23 22:43:31.727 +04:00 [INF] OPTIONS /api/v1/stories responded 204 in 0ms (user: anonymous)
2026-08-23 22:43:31.727 +04:00 [INF] OPTIONS /api/v1/story-categories responded 204 in 0ms (user: anonymous)
2026-08-23 22:43:31.728 +04:00 [INF] OPTIONS /api/v1/stories responded 204 in 0ms (user: anonymous)
2026-08-23 22:43:31.728 +04:00 [INF] OPTIONS /api/v1/favorites responded 204 in 0ms (user: anonymous)
2026-08-23 22:43:31.734 +04:00 [INF] GET /api/v1/profile responded 200 in 6ms (user: anonymous)
2026-08-23 22:43:31.737 +04:00 [INF] GET /api/v1/story-categories responded 200 in 1ms (user: anonymous)
2026-08-23 22:43:31.738 +04:00 [INF] GET /api/v1/favorites responded 200 in 3ms (user: anonymous)
2026-08-23 22:43:31.740 +04:00 [INF] GET /api/v1/profile responded 200 in 4ms (user: anonymous)
2026-08-23 22:43:31.740 +04:00 [INF] GET /api/v1/story-categories responded 200 in 0ms (user: anonymous)
2026-08-23 22:43:31.740 +04:00 [INF] GET /api/v1/stories responded 200 in 3ms (user: anonymous)
2026-08-23 22:43:31.742 +04:00 [INF] GET /api/v1/stories responded 200 in 0ms (user: anonymous)
2026-08-23 22:43:31.744 +04:00 [INF] GET /api/v1/favorites responded 200 in 1ms (user: anonymous)
2026-08-23 22:43:33.321 +04:00 [INF] GET /api/v1/chat/conversations responded 429 in 0ms (user: anonymous)
2026-08-23 22:43:33.321 +04:00 [INF] GET /api/v1/chat/usage responded 429 in 0ms (user: anonymous)
2026-08-23 22:43:33.325 +04:00 [INF] GET /api/v1/chat/conversations responded 429 in 0ms (user: anonymous)
2026-08-23 22:43:33.327 +04:00 [INF] GET /api/v1/profile responded 200 in 5ms (user: anonymous)
2026-08-23 22:43:33.329 +04:00 [INF] GET /api/v1/chat/usage responded 429 in 0ms (user: anonymous)
2026-08-23 22:43:33.336 +04:00 [INF] GET /api/v1/profile responded 200 in 6ms (user: anonymous)
2026-08-23 22:44:14.696 +04:00 [INF] OPTIONS /api/v1/chat/conversations responded 204 in 0ms (user: anonymous)
2026-08-23 22:44:14.696 +04:00 [INF] OPTIONS /api/v1/profile responded 204 in 0ms (user: anonymous)
2026-08-23 22:44:14.697 +04:00 [INF] OPTIONS /api/v1/chat/usage responded 204 in 0ms (user: anonymous)
2026-08-23 22:44:14.698 +04:00 [INF] OPTIONS /api/v1/profile responded 204 in 0ms (user: anonymous)
2026-08-23 22:44:14.699 +04:00 [INF] OPTIONS /api/v1/chat/usage responded 204 in 0ms (user: anonymous)
2026-08-23 22:44:14.699 +04:00 [INF] OPTIONS /api/v1/chat/conversations responded 204 in 0ms (user: anonymous)
2026-08-23 22:44:14.707 +04:00 [INF] GET /api/v1/chat/conversations responded 200 in 3ms (user: anonymous)
2026-08-23 22:44:14.710 +04:00 [INF] GET /api/v1/profile responded 200 in 4ms (user: anonymous)
2026-08-23 22:44:14.710 +04:00 [INF] GET /api/v1/chat/usage responded 200 in 2ms (user: anonymous)
2026-08-23 22:44:14.717 +04:00 [INF] GET /api/v1/chat/usage responded 200 in 5ms (user: anonymous)
2026-08-23 22:44:14.720 +04:00 [INF] GET /api/v1/chat/conversations responded 200 in 2ms (user: anonymous)
2026-08-23 22:44:14.720 +04:00 [INF] GET /api/v1/profile responded 200 in 8ms (user: anonymous)
2026-08-23 22:44:16.721 +04:00 [INF] OPTIONS /api/v1/chat/messages responded 204 in 0ms (user: anonymous)
2026-08-23 22:44:25.007 +04:00 [INF] POST /api/v1/chat/messages responded 200 in 8281ms (user: anonymous)
2026-08-23 22:44:25.016 +04:00 [INF] OPTIONS /api/v1/chat/conversations responded 204 in 0ms (user: anonymous)
2026-08-23 22:44:25.016 +04:00 [INF] OPTIONS /api/v1/chat/usage responded 204 in 0ms (user: anonymous)
2026-08-23 22:44:25.022 +04:00 [INF] GET /api/v1/chat/conversations responded 429 in 0ms (user: anonymous)
2026-08-23 22:44:25.023 +04:00 [INF] GET /api/v1/chat/usage responded 429 in 0ms (user: anonymous)
2026-08-23 22:44:25.033 +04:00 [INF] OPTIONS /api/v1/chat/conversations/8b18141b-9a77-43a7-9623-a73d17a73725/messages responded 204 in 0ms (user: anonymous)
2026-08-23 22:44:25.038 +04:00 [INF] GET /api/v1/chat/conversations/8b18141b-9a77-43a7-9623-a73d17a73725/messages responded 429 in 0ms (user: anonymous)
2026-08-23 22:44:25.982 +04:00 [INF] OPTIONS /api/v1/profile responded 204 in 0ms (user: anonymous)
2026-08-23 22:44:25.982 +04:00 [INF] OPTIONS /api/v1/profile responded 204 in 0ms (user: anonymous)
2026-08-23 22:44:25.982 +04:00 [INF] GET /api/v1/chat/usage responded 429 in 0ms (user: anonymous)
2026-08-23 22:44:25.982 +04:00 [INF] GET /api/v1/chat/conversations responded 429 in 0ms (user: anonymous)
2026-08-23 22:44:25.993 +04:00 [INF] GET /api/v1/chat/usage responded 429 in 0ms (user: anonymous)
2026-08-23 22:44:25.994 +04:00 [INF] GET /api/v1/chat/conversations responded 429 in 0ms (user: anonymous)
2026-08-23 22:44:25.995 +04:00 [INF] GET /api/v1/profile responded 200 in 8ms (user: anonymous)
2026-08-23 22:44:26.005 +04:00 [INF] GET /api/v1/profile responded 200 in 4ms (user: anonymous)
2026-08-23 22:44:28.760 +04:00 [INF] GET /api/v1/chat/conversations responded 429 in 0ms (user: anonymous)
2026-08-23 22:44:28.760 +04:00 [INF] GET /api/v1/chat/usage responded 429 in 0ms (user: anonymous)
2026-08-23 22:44:28.771 +04:00 [INF] GET /api/v1/chat/conversations responded 429 in 0ms (user: anonymous)
2026-08-23 22:44:28.772 +04:00 [INF] GET /api/v1/profile responded 200 in 12ms (user: anonymous)
2026-08-23 22:44:28.774 +04:00 [INF] GET /api/v1/chat/usage responded 429 in 0ms (user: anonymous)
2026-08-23 22:44:28.780 +04:00 [INF] GET /api/v1/profile responded 200 in 6ms (user: anonymous)
2026-08-23 22:44:29.474 +04:00 [INF] GET /api/v1/chat/conversations responded 429 in 0ms (user: anonymous)
2026-08-23 22:44:29.474 +04:00 [INF] GET /api/v1/chat/usage responded 429 in 0ms (user: anonymous)
2026-08-23 22:44:29.484 +04:00 [INF] GET /api/v1/chat/conversations responded 429 in 0ms (user: anonymous)
2026-08-23 22:44:29.487 +04:00 [INF] GET /api/v1/profile responded 200 in 12ms (user: anonymous)
2026-08-23 22:44:29.487 +04:00 [INF] GET /api/v1/chat/usage responded 429 in 0ms (user: anonymous)
2026-08-23 22:44:29.494 +04:00 [INF] GET /api/v1/profile responded 200 in 5ms (user: anonymous)
2026-08-23 22:44:29.953 +04:00 [INF] GET /api/v1/chat/usage responded 429 in 0ms (user: anonymous)
2026-08-23 22:44:29.953 +04:00 [INF] GET /api/v1/chat/conversations responded 429 in 0ms (user: anonymous)
2026-08-23 22:44:29.957 +04:00 [INF] GET /api/v1/profile responded 200 in 4ms (user: anonymous)
2026-08-23 22:44:29.958 +04:00 [INF] GET /api/v1/chat/usage responded 429 in 0ms (user: anonymous)
2026-08-23 22:44:29.960 +04:00 [INF] GET /api/v1/chat/conversations responded 429 in 0ms (user: anonymous)
2026-08-23 22:44:29.965 +04:00 [INF] GET /api/v1/profile responded 200 in 6ms (user: anonymous)
2026-08-23 22:44:30.191 +04:00 [INF] OPTIONS /api/v1/chat/usage responded 204 in 0ms (user: anonymous)
2026-08-23 22:44:30.191 +04:00 [INF] OPTIONS /api/v1/chat/conversations responded 204 in 0ms (user: anonymous)
2026-08-23 22:44:30.191 +04:00 [INF] OPTIONS /api/v1/chat/conversations responded 204 in 0ms (user: anonymous)
2026-08-23 22:44:30.191 +04:00 [INF] OPTIONS /api/v1/chat/usage responded 204 in 0ms (user: anonymous)
2026-08-23 22:44:30.199 +04:00 [INF] GET /api/v1/chat/usage responded 429 in 0ms (user: anonymous)
2026-08-23 22:44:30.199 +04:00 [INF] GET /api/v1/profile responded 200 in 8ms (user: anonymous)
2026-08-23 22:44:30.203 +04:00 [INF] GET /api/v1/chat/conversations responded 429 in 0ms (user: anonymous)
2026-08-23 22:44:30.209 +04:00 [INF] GET /api/v1/profile responded 200 in 6ms (user: anonymous)
2026-08-23 22:44:30.210 +04:00 [INF] GET /api/v1/chat/usage responded 429 in 0ms (user: anonymous)
2026-08-23 22:44:30.215 +04:00 [INF] GET /api/v1/chat/conversations responded 429 in 0ms (user: anonymous)
2026-08-23 22:44:30.390 +04:00 [INF] GET /api/v1/chat/usage responded 429 in 0ms (user: anonymous)
2026-08-23 22:44:30.390 +04:00 [INF] GET /api/v1/chat/conversations responded 429 in 0ms (user: anonymous)
2026-08-23 22:44:30.396 +04:00 [INF] GET /api/v1/profile responded 200 in 6ms (user: anonymous)
2026-08-23 22:44:30.399 +04:00 [INF] GET /api/v1/chat/usage responded 429 in 0ms (user: anonymous)
2026-08-23 22:44:30.401 +04:00 [INF] GET /api/v1/chat/conversations responded 429 in 0ms (user: anonymous)
2026-08-23 22:44:30.406 +04:00 [INF] GET /api/v1/profile responded 200 in 6ms (user: anonymous)
2026-08-23 22:44:30.604 +04:00 [INF] GET /api/v1/chat/conversations responded 429 in 0ms (user: anonymous)
2026-08-23 22:44:30.604 +04:00 [INF] GET /api/v1/chat/usage responded 429 in 0ms (user: anonymous)
2026-08-23 22:44:30.611 +04:00 [INF] GET /api/v1/chat/conversations responded 429 in 0ms (user: anonymous)
2026-08-23 22:44:30.615 +04:00 [INF] GET /api/v1/profile responded 200 in 10ms (user: anonymous)
2026-08-23 22:44:30.618 +04:00 [INF] GET /api/v1/chat/usage responded 429 in 0ms (user: anonymous)
2026-08-23 22:44:30.627 +04:00 [INF] GET /api/v1/profile responded 200 in 6ms (user: anonymous)
2026-08-23 22:44:30.820 +04:00 [INF] GET /api/v1/chat/conversations responded 429 in 0ms (user: anonymous)
2026-08-23 22:44:30.820 +04:00 [INF] GET /api/v1/chat/usage responded 429 in 0ms (user: anonymous)
2026-08-23 22:44:30.824 +04:00 [INF] GET /api/v1/profile responded 200 in 4ms (user: anonymous)
2026-08-23 22:44:30.825 +04:00 [INF] GET /api/v1/chat/conversations responded 429 in 0ms (user: anonymous)
2026-08-23 22:44:30.827 +04:00 [INF] GET /api/v1/chat/usage responded 429 in 0ms (user: anonymous)
2026-08-23 22:44:30.831 +04:00 [INF] GET /api/v1/profile responded 200 in 6ms (user: anonymous)
2026-08-23 22:44:30.982 +04:00 [INF] GET /api/v1/chat/usage responded 429 in 0ms (user: anonymous)
2026-08-23 22:44:30.982 +04:00 [INF] GET /api/v1/chat/conversations responded 429 in 0ms (user: anonymous)
2026-08-23 22:44:30.987 +04:00 [INF] GET /api/v1/chat/usage responded 429 in 0ms (user: anonymous)
2026-08-23 22:44:30.993 +04:00 [INF] GET /api/v1/profile responded 429 in 0ms (user: anonymous)
2026-08-23 22:44:30.993 +04:00 [INF] GET /api/v1/chat/conversations responded 429 in 0ms (user: anonymous)
2026-08-23 22:44:30.990 +04:00 [INF] GET /api/v1/profile responded 200 in 7ms (user: anonymous)
2026-08-23 22:44:31.170 +04:00 [INF] OPTIONS /api/v1/profile responded 204 in 0ms (user: anonymous)
2026-08-23 22:44:31.170 +04:00 [INF] OPTIONS /api/v1/profile responded 204 in 0ms (user: anonymous)
2026-08-23 22:44:31.170 +04:00 [INF] GET /api/v1/chat/usage responded 429 in 0ms (user: anonymous)
2026-08-23 22:44:31.170 +04:00 [INF] GET /api/v1/chat/conversations responded 429 in 0ms (user: anonymous)
2026-08-23 22:44:31.176 +04:00 [INF] GET /api/v1/profile responded 429 in 0ms (user: anonymous)
2026-08-23 22:44:31.182 +04:00 [INF] GET /api/v1/chat/usage responded 429 in 0ms (user: anonymous)
2026-08-23 22:44:31.186 +04:00 [INF] GET /api/v1/chat/conversations responded 429 in 0ms (user: anonymous)
2026-08-23 22:44:31.188 +04:00 [INF] GET /api/v1/profile responded 429 in 0ms (user: anonymous)
2026-08-23 22:44:31.370 +04:00 [INF] GET /api/v1/profile responded 429 in 0ms (user: anonymous)
2026-08-23 22:44:31.370 +04:00 [INF] GET /api/v1/chat/conversations responded 429 in 0ms (user: anonymous)
2026-08-23 22:44:31.370 +04:00 [INF] GET /api/v1/chat/usage responded 429 in 0ms (user: anonymous)
2026-08-23 22:44:31.376 +04:00 [INF] GET /api/v1/profile responded 429 in 0ms (user: anonymous)
2026-08-23 22:44:31.382 +04:00 [INF] GET /api/v1/chat/usage responded 429 in 0ms (user: anonymous)
2026-08-23 22:44:31.378 +04:00 [INF] GET /api/v1/chat/conversations responded 429 in 0ms (user: anonymous)
2026-08-23 22:44:31.560 +04:00 [INF] GET /api/v1/profile responded 429 in 0ms (user: anonymous)
2026-08-23 22:44:31.560 +04:00 [INF] GET /api/v1/chat/conversations responded 429 in 0ms (user: anonymous)
2026-08-23 22:44:31.560 +04:00 [INF] GET /api/v1/chat/usage responded 429 in 0ms (user: anonymous)
2026-08-23 22:44:31.566 +04:00 [INF] GET /api/v1/profile responded 429 in 0ms (user: anonymous)
2026-08-23 22:44:31.571 +04:00 [INF] GET /api/v1/chat/conversations responded 429 in 0ms (user: anonymous)
2026-08-23 22:44:31.572 +04:00 [INF] GET /api/v1/chat/usage responded 429 in 0ms (user: anonymous)
2026-08-23 22:44:32.937 +04:00 [INF] GET /api/v1/chat/conversations responded 429 in 0ms (user: anonymous)
2026-08-23 22:44:32.937 +04:00 [INF] GET /api/v1/chat/usage responded 429 in 0ms (user: anonymous)
2026-08-23 22:44:32.937 +04:00 [INF] GET /api/v1/profile responded 429 in 0ms (user: anonymous)
2026-08-23 22:44:32.943 +04:00 [INF] GET /api/v1/chat/conversations responded 429 in 0ms (user: anonymous)
2026-08-23 22:44:32.947 +04:00 [INF] GET /api/v1/chat/usage responded 429 in 0ms (user: anonymous)
2026-08-23 22:44:32.950 +04:00 [INF] GET /api/v1/profile responded 429 in 0ms (user: anonymous)
2026-08-23 22:44:34.047 +04:00 [INF] GET /api/v1/chat/conversations responded 429 in 0ms (user: anonymous)
2026-08-23 22:44:34.047 +04:00 [INF] GET /api/v1/profile responded 429 in 0ms (user: anonymous)
2026-08-23 22:44:34.047 +04:00 [INF] GET /api/v1/chat/usage responded 429 in 0ms (user: anonymous)
2026-08-23 22:44:34.053 +04:00 [INF] GET /api/v1/chat/conversations responded 429 in 0ms (user: anonymous)
2026-08-23 22:44:34.055 +04:00 [INF] GET /api/v1/profile responded 429 in 0ms (user: anonymous)
2026-08-23 22:44:34.058 +04:00 [INF] GET /api/v1/chat/usage responded 429 in 0ms (user: anonymous)
2026-08-23 22:44:43.156 +04:00 [INF] OPTIONS /api/v1/chat/usage responded 204 in 0ms (user: anonymous)
2026-08-23 22:44:43.156 +04:00 [INF] OPTIONS /api/v1/profile responded 204 in 0ms (user: anonymous)
2026-08-23 22:44:43.156 +04:00 [INF] OPTIONS /api/v1/chat/conversations responded 204 in 0ms (user: anonymous)
2026-08-23 22:44:43.156 +04:00 [INF] OPTIONS /api/v1/profile responded 204 in 0ms (user: anonymous)
2026-08-23 22:44:43.156 +04:00 [INF] OPTIONS /api/v1/chat/conversations responded 204 in 0ms (user: anonymous)
2026-08-23 22:44:43.156 +04:00 [INF] OPTIONS /api/v1/chat/usage responded 204 in 0ms (user: anonymous)
2026-08-23 22:44:43.160 +04:00 [INF] GET /api/v1/chat/usage responded 429 in 0ms (user: anonymous)
2026-08-23 22:44:43.174 +04:00 [INF] GET /api/v1/profile responded 429 in 0ms (user: anonymous)
2026-08-23 22:44:43.178 +04:00 [INF] GET /api/v1/chat/conversations responded 429 in 0ms (user: anonymous)
2026-08-23 22:44:43.189 +04:00 [INF] GET /api/v1/chat/usage responded 429 in 0ms (user: anonymous)
2026-08-23 22:44:43.192 +04:00 [INF] GET /api/v1/profile responded 429 in 0ms (user: anonymous)
2026-08-23 22:44:43.194 +04:00 [INF] GET /api/v1/chat/conversations responded 429 in 0ms (user: anonymous)
2026-08-23 22:44:47.990 +04:00 [WRN] Entity 'Story' has a global query filter defined and is the required end of a relationship with the entity 'Chapter'. This may lead to unexpected results when the required entity is filtered out. Either configure the navigation as optional, or define matching query filters for both entities in the navigation. See https://go.microsoft.com/fwlink/?linkid=2131316 for more information.
2026-08-23 22:44:48.032 +04:00 [WRN] Entity 'Story' has a global query filter defined and is the required end of a relationship with the entity 'DailyStoryReadLog'. This may lead to unexpected results when the required entity is filtered out. Either configure the navigation as optional, or define matching query filters for both entities in the navigation. See https://go.microsoft.com/fwlink/?linkid=2131316 for more information.
2026-08-23 22:44:48.035 +04:00 [WRN] Entity 'Story' has a global query filter defined and is the required end of a relationship with the entity 'FavoriteStory'. This may lead to unexpected results when the required entity is filtered out. Either configure the navigation as optional, or define matching query filters for both entities in the navigation. See https://go.microsoft.com/fwlink/?linkid=2131316 for more information.
2026-08-23 22:44:48.036 +04:00 [WRN] Entity 'Story' has a global query filter defined and is the required end of a relationship with the entity 'QuizAttempt'. This may lead to unexpected results when the required entity is filtered out. Either configure the navigation as optional, or define matching query filters for both entities in the navigation. See https://go.microsoft.com/fwlink/?linkid=2131316 for more information.
2026-08-23 22:44:48.038 +04:00 [WRN] Entity 'Story' has a global query filter defined and is the required end of a relationship with the entity 'ReadingHistory'. This may lead to unexpected results when the required entity is filtered out. Either configure the navigation as optional, or define matching query filters for both entities in the navigation. See https://go.microsoft.com/fwlink/?linkid=2131316 for more information.
2026-08-23 22:44:48.039 +04:00 [WRN] Entity 'Story' has a global query filter defined and is the required end of a relationship with the entity 'RemainingCorrectCounter'. This may lead to unexpected results when the required entity is filtered out. Either configure the navigation as optional, or define matching query filters for both entities in the navigation. See https://go.microsoft.com/fwlink/?linkid=2131316 for more information.
2026-08-23 22:44:48.041 +04:00 [WRN] Entity 'Story' has a global query filter defined and is the required end of a relationship with the entity 'Review'. This may lead to unexpected results when the required entity is filtered out. Either configure the navigation as optional, or define matching query filters for both entities in the navigation. See https://go.microsoft.com/fwlink/?linkid=2131316 for more information.
2026-08-23 22:44:48.042 +04:00 [WRN] Entity 'Story' has a global query filter defined and is the required end of a relationship with the entity 'UserProgress'. This may lead to unexpected results when the required entity is filtered out. Either configure the navigation as optional, or define matching query filters for both entities in the navigation. See https://go.microsoft.com/fwlink/?linkid=2131316 for more information.
2026-08-23 22:44:48.723 +04:00 [INF] Database seeding completed successfully.
2026-08-23 22:45:08.055 +04:00 [INF] OPTIONS /api/v1/profile responded 204 in 6ms (user: anonymous)
2026-08-23 22:45:08.055 +04:00 [INF] OPTIONS /api/v1/chat/conversations responded 204 in 6ms (user: anonymous)
2026-08-23 22:45:08.055 +04:00 [INF] OPTIONS /api/v1/chat/usage responded 204 in 6ms (user: anonymous)
2026-08-23 22:45:08.055 +04:00 [INF] OPTIONS /api/v1/chat/usage responded 204 in 6ms (user: anonymous)
2026-08-23 22:45:08.055 +04:00 [INF] OPTIONS /api/v1/profile responded 204 in 6ms (user: anonymous)
2026-08-23 22:45:08.055 +04:00 [INF] OPTIONS /api/v1/chat/conversations responded 204 in 6ms (user: anonymous)
2026-08-23 22:45:08.233 +04:00 [INF] GET /api/v1/chat/conversations responded 200 in 158ms (user: anonymous)
2026-08-23 22:45:08.287 +04:00 [INF] GET /api/v1/chat/conversations responded 200 in 52ms (user: anonymous)
2026-08-23 22:45:08.324 +04:00 [INF] GET /api/v1/chat/usage responded 200 in 248ms (user: anonymous)
2026-08-23 22:45:08.336 +04:00 [INF] GET /api/v1/chat/usage responded 200 in 10ms (user: anonymous)
2026-08-23 22:45:08.432 +04:00 [INF] GET /api/v1/profile responded 200 in 356ms (user: anonymous)
2026-08-23 22:45:08.440 +04:00 [INF] GET /api/v1/profile responded 200 in 6ms (user: anonymous)
2026-08-23 22:45:13.029 +04:00 [INF] GET /api/v1/profile responded 200 in 9ms (user: anonymous)
2026-08-23 22:45:13.041 +04:00 [INF] GET /api/v1/profile responded 200 in 8ms (user: anonymous)
2026-08-23 22:45:13.056 +04:00 [INF] GET /api/v1/profile responded 200 in 14ms (user: anonymous)
2026-08-23 22:45:13.070 +04:00 [INF] GET /api/v1/profile responded 200 in 12ms (user: anonymous)
2026-08-23 22:45:13.080 +04:00 [INF] OPTIONS /api/v1/profile responded 204 in 0ms (user: anonymous)
2026-08-23 22:45:13.082 +04:00 [INF] GET /api/v1/profile responded 200 in 9ms (user: anonymous)
2026-08-23 22:45:13.101 +04:00 [INF] GET /api/v1/profile responded 200 in 14ms (user: anonymous)
2026-08-23 22:45:15.618 +04:00 [INF] OPTIONS /api/v1/payments/checkout responded 204 in 0ms (user: anonymous)
2026-08-23 22:45:16.985 +04:00 [INF] POST /api/v1/payments/checkout responded 200 in 1360ms (user: anonymous)
2026-08-23 22:45:43.434 +04:00 [INF] OPTIONS /api/v1/profile responded 204 in 0ms (user: anonymous)
2026-08-23 22:45:43.434 +04:00 [INF] OPTIONS /api/v1/payments/verify responded 204 in 0ms (user: anonymous)
2026-08-23 22:45:43.434 +04:00 [INF] OPTIONS /api/v1/payments/verify responded 204 in 0ms (user: anonymous)
2026-08-23 22:45:43.435 +04:00 [INF] OPTIONS /api/v1/profile responded 204 in 0ms (user: anonymous)
2026-08-23 22:45:43.448 +04:00 [INF] GET /api/v1/profile responded 200 in 8ms (user: anonymous)
2026-08-23 22:45:43.457 +04:00 [INF] GET /api/v1/profile responded 200 in 6ms (user: anonymous)
2026-08-23 22:45:43.968 +04:00 [INF] POST /api/v1/payments/verify responded 200 in 524ms (user: anonymous)
2026-08-23 22:45:43.968 +04:00 [INF] POST /api/v1/payments/verify responded 200 in 527ms (user: anonymous)
2026-08-23 22:45:43.980 +04:00 [INF] GET /api/v1/profile responded 200 in 6ms (user: anonymous)
2026-08-23 22:45:43.990 +04:00 [INF] GET /api/v1/profile responded 200 in 3ms (user: anonymous)
2026-08-23 22:45:43.998 +04:00 [INF] GET /api/v1/profile responded 200 in 6ms (user: anonymous)
2026-08-23 22:45:44.003 +04:00 [INF] GET /api/v1/profile responded 200 in 3ms (user: anonymous)
2026-08-23 22:45:46.176 +04:00 [INF] OPTIONS /api/v1/chat/usage responded 204 in 0ms (user: anonymous)
2026-08-23 22:45:46.176 +04:00 [INF] OPTIONS /api/v1/chat/conversations responded 204 in 0ms (user: anonymous)
2026-08-23 22:45:46.176 +04:00 [INF] OPTIONS /api/v1/chat/conversations responded 204 in 0ms (user: anonymous)
2026-08-23 22:45:46.177 +04:00 [INF] OPTIONS /api/v1/chat/usage responded 204 in 0ms (user: anonymous)
2026-08-23 22:45:46.186 +04:00 [INF] GET /api/v1/profile responded 200 in 10ms (user: anonymous)
2026-08-23 22:45:46.188 +04:00 [INF] GET /api/v1/chat/usage responded 200 in 5ms (user: anonymous)
2026-08-23 22:45:46.189 +04:00 [INF] GET /api/v1/chat/conversations responded 200 in 3ms (user: anonymous)
2026-08-23 22:45:46.194 +04:00 [INF] GET /api/v1/chat/conversations responded 200 in 3ms (user: anonymous)
2026-08-23 22:45:46.198 +04:00 [INF] GET /api/v1/chat/usage responded 200 in 6ms (user: anonymous)
2026-08-23 22:45:46.198 +04:00 [INF] GET /api/v1/profile responded 200 in 8ms (user: anonymous)
2026-08-23 22:47:52.082 +04:00 [INF] OPTIONS /api/v1/chat/messages responded 204 in 0ms (user: anonymous)
2026-08-23 22:47:58.788 +04:00 [INF] POST /api/v1/chat/messages responded 200 in 6701ms (user: anonymous)
2026-08-23 22:47:58.795 +04:00 [INF] OPTIONS /api/v1/chat/conversations responded 204 in 0ms (user: anonymous)
2026-08-23 22:47:58.795 +04:00 [INF] OPTIONS /api/v1/chat/usage responded 204 in 0ms (user: anonymous)
2026-08-23 22:47:58.801 +04:00 [INF] GET /api/v1/chat/conversations responded 200 in 2ms (user: anonymous)
2026-08-23 22:47:58.802 +04:00 [INF] GET /api/v1/chat/usage responded 200 in 2ms (user: anonymous)
2026-08-23 22:47:58.813 +04:00 [INF] OPTIONS /api/v1/chat/conversations/48ea5c7a-2a1a-4d8c-9359-0978aecccc29/messages responded 204 in 0ms (user: anonymous)
2026-08-23 22:47:58.835 +04:00 [INF] GET /api/v1/chat/conversations/48ea5c7a-2a1a-4d8c-9359-0978aecccc29/messages responded 200 in 14ms (user: anonymous)
2026-08-23 22:48:11.638 +04:00 [INF] OPTIONS /api/v1/profile responded 204 in 0ms (user: anonymous)
2026-08-23 22:48:11.638 +04:00 [INF] OPTIONS /api/v1/profile responded 204 in 0ms (user: anonymous)
2026-08-23 22:48:11.638 +04:00 [INF] OPTIONS /api/v1/profile responded 204 in 0ms (user: anonymous)
2026-08-23 22:48:11.638 +04:00 [INF] OPTIONS /api/v1/profile responded 204 in 0ms (user: anonymous)
2026-08-23 22:48:11.649 +04:00 [INF] GET /api/v1/profile responded 200 in 6ms (user: anonymous)
2026-08-23 22:48:11.654 +04:00 [INF] GET /api/v1/profile responded 200 in 3ms (user: anonymous)
2026-08-23 22:48:11.662 +04:00 [INF] GET /api/v1/profile responded 200 in 5ms (user: anonymous)
2026-08-23 22:48:11.668 +04:00 [INF] GET /api/v1/profile responded 200 in 4ms (user: anonymous)
2026-08-23 22:48:11.678 +04:00 [INF] GET /api/v1/profile responded 200 in 7ms (user: anonymous)
2026-08-23 22:48:11.683 +04:00 [INF] GET /api/v1/profile responded 200 in 3ms (user: anonymous)
2026-08-23 22:48:13.463 +04:00 [INF] OPTIONS /api/v1/payments/checkout responded 204 in 0ms (user: anonymous)
2026-08-23 22:48:14.663 +04:00 [INF] POST /api/v1/payments/checkout responded 200 in 1194ms (user: anonymous)
2026-08-23 22:48:39.145 +04:00 [INF] OPTIONS /api/v1/profile responded 204 in 0ms (user: anonymous)
2026-08-23 22:48:39.145 +04:00 [INF] OPTIONS /api/v1/payments/verify responded 204 in 0ms (user: anonymous)
2026-08-23 22:48:39.145 +04:00 [INF] OPTIONS /api/v1/profile responded 204 in 0ms (user: anonymous)
2026-08-23 22:48:39.146 +04:00 [INF] OPTIONS /api/v1/payments/verify responded 204 in 0ms (user: anonymous)
2026-08-23 22:48:39.159 +04:00 [INF] GET /api/v1/profile responded 200 in 6ms (user: anonymous)
2026-08-23 22:48:39.165 +04:00 [INF] GET /api/v1/profile responded 200 in 4ms (user: anonymous)
2026-08-23 22:48:39.513 +04:00 [INF] POST /api/v1/payments/verify responded 200 in 358ms (user: anonymous)
2026-08-23 22:48:39.522 +04:00 [INF] GET /api/v1/profile responded 200 in 4ms (user: anonymous)
2026-08-23 22:48:39.535 +04:00 [INF] GET /api/v1/profile responded 200 in 3ms (user: anonymous)
2026-08-23 22:48:39.617 +04:00 [INF] POST /api/v1/payments/verify responded 200 in 458ms (user: anonymous)
2026-08-23 22:48:39.627 +04:00 [INF] GET /api/v1/profile responded 200 in 3ms (user: anonymous)
2026-08-23 22:48:39.634 +04:00 [INF] GET /api/v1/profile responded 200 in 3ms (user: anonymous)
2026-08-23 22:48:44.401 +04:00 [INF] OPTIONS /api/v1/profile responded 204 in 0ms (user: anonymous)
2026-08-23 22:48:44.401 +04:00 [INF] OPTIONS /api/v1/chat/usage responded 204 in 0ms (user: anonymous)
2026-08-23 22:48:44.401 +04:00 [INF] OPTIONS /api/v1/chat/conversations responded 204 in 0ms (user: anonymous)
2026-08-23 22:48:44.401 +04:00 [INF] OPTIONS /api/v1/profile responded 204 in 0ms (user: anonymous)
2026-08-23 22:48:44.401 +04:00 [INF] OPTIONS /api/v1/chat/conversations responded 204 in 0ms (user: anonymous)
2026-08-23 22:48:44.401 +04:00 [INF] OPTIONS /api/v1/chat/usage responded 204 in 0ms (user: anonymous)
2026-08-23 22:48:44.417 +04:00 [INF] GET /api/v1/profile responded 200 in 5ms (user: anonymous)
2026-08-23 22:48:44.418 +04:00 [INF] GET /api/v1/chat/usage responded 200 in 3ms (user: anonymous)
2026-08-23 22:48:44.420 +04:00 [INF] GET /api/v1/chat/conversations responded 200 in 3ms (user: anonymous)
2026-08-23 22:48:44.426 +04:00 [INF] GET /api/v1/chat/conversations responded 200 in 3ms (user: anonymous)
2026-08-23 22:48:44.428 +04:00 [INF] GET /api/v1/profile responded 200 in 8ms (user: anonymous)
2026-08-23 22:48:44.431 +04:00 [INF] GET /api/v1/chat/usage responded 200 in 5ms (user: anonymous)
2026-08-23 22:48:47.614 +04:00 [INF] OPTIONS /api/v1/chat/messages responded 204 in 0ms (user: anonymous)
2026-08-23 22:49:00.028 +04:00 [INF] POST /api/v1/chat/messages responded 200 in 12409ms (user: anonymous)
2026-08-23 22:49:00.034 +04:00 [INF] OPTIONS /api/v1/chat/conversations responded 204 in 0ms (user: anonymous)
2026-08-23 22:49:00.034 +04:00 [INF] OPTIONS /api/v1/chat/usage responded 204 in 0ms (user: anonymous)
2026-08-23 22:49:00.042 +04:00 [INF] GET /api/v1/chat/conversations responded 200 in 1ms (user: anonymous)
2026-08-23 22:49:00.046 +04:00 [INF] GET /api/v1/chat/usage responded 200 in 2ms (user: anonymous)
2026-08-23 22:49:00.055 +04:00 [INF] OPTIONS /api/v1/chat/conversations/5eafacad-6843-44b0-8ad8-021b66729297/messages responded 204 in 0ms (user: anonymous)
2026-08-23 22:49:00.063 +04:00 [INF] GET /api/v1/chat/conversations/5eafacad-6843-44b0-8ad8-021b66729297/messages responded 200 in 3ms (user: anonymous)
2026-08-23 22:49:21.875 +04:00 [INF] OPTIONS /api/v1/favorites responded 204 in 0ms (user: anonymous)
2026-08-23 22:49:21.875 +04:00 [INF] OPTIONS /api/v1/profile responded 204 in 0ms (user: anonymous)
2026-08-23 22:49:21.875 +04:00 [INF] OPTIONS /api/v1/story-categories responded 204 in 0ms (user: anonymous)
2026-08-23 22:49:21.876 +04:00 [INF] OPTIONS /api/v1/stories responded 204 in 0ms (user: anonymous)
2026-08-23 22:49:21.876 +04:00 [INF] OPTIONS /api/v1/stories responded 204 in 0ms (user: anonymous)
2026-08-23 22:49:21.876 +04:00 [INF] OPTIONS /api/v1/profile responded 204 in 0ms (user: anonymous)
2026-08-23 22:49:21.876 +04:00 [INF] OPTIONS /api/v1/favorites responded 204 in 0ms (user: anonymous)
2026-08-23 22:49:21.877 +04:00 [INF] OPTIONS /api/v1/story-categories responded 204 in 0ms (user: anonymous)
2026-08-23 22:49:21.892 +04:00 [INF] GET /api/v1/profile responded 200 in 7ms (user: anonymous)
2026-08-23 22:49:21.901 +04:00 [INF] GET /api/v1/profile responded 200 in 6ms (user: anonymous)
2026-08-23 22:49:21.926 +04:00 [INF] GET /api/v1/favorites responded 200 in 44ms (user: anonymous)
2026-08-23 22:49:21.928 +04:00 [WRN] Compiling a query which loads related collections for more than one collection navigation, either via 'Include' or through projection, but no 'QuerySplittingBehavior' has been configured. By default, Entity Framework will use 'QuerySplittingBehavior.SingleQuery', which can potentially result in slow query performance. See https://go.microsoft.com/fwlink/?linkid=2134277 for more information. To identify the query that's triggering this warning call 'ConfigureWarnings(w => w.Throw(RelationalEventId.MultipleCollectionIncludeWarning))'.
2026-08-23 22:49:21.930 +04:00 [INF] GET /api/v1/story-categories responded 200 in 41ms (user: anonymous)
2026-08-23 22:49:21.930 +04:00 [INF] GET /api/v1/favorites responded 200 in 2ms (user: anonymous)
2026-08-23 22:49:21.933 +04:00 [INF] GET /api/v1/story-categories responded 200 in 1ms (user: anonymous)
2026-08-23 22:49:21.962 +04:00 [INF] GET /api/v1/stories responded 200 in 71ms (user: anonymous)
2026-08-23 22:49:21.965 +04:00 [INF] GET /api/v1/stories responded 200 in 0ms (user: anonymous)
2026-08-23 22:55:22.521 +04:00 [INF] OPTIONS /api/v1/stories responded 204 in 0ms (user: anonymous)
2026-08-23 22:55:22.521 +04:00 [INF] OPTIONS /api/v1/story-categories responded 204 in 0ms (user: anonymous)
2026-08-23 22:55:22.523 +04:00 [INF] OPTIONS /api/v1/favorites responded 204 in 0ms (user: anonymous)
2026-08-23 22:55:22.555 +04:00 [INF] GET /api/v1/story-categories responded 200 in 6ms (user: anonymous)
2026-08-23 22:55:22.704 +04:00 [INF] GET /api/v1/favorites responded 200 in 138ms (user: anonymous)
2026-08-23 22:55:22.745 +04:00 [INF] GET /api/v1/stories responded 200 in 206ms (user: anonymous)
2026-08-23 22:56:26.758 +04:00 [INF] OPTIONS /api/v1/auth/refresh-token responded 204 in 0ms (user: anonymous)
2026-08-23 22:56:27.093 +04:00 [INF] POST /api/v1/auth/refresh-token responded 200 in 311ms (user: anonymous)
2026-08-23 22:56:27.123 +04:00 [INF] OPTIONS /api/v1/favorites responded 204 in 0ms (user: anonymous)
2026-08-23 22:56:27.123 +04:00 [INF] OPTIONS /api/v1/stories responded 204 in 0ms (user: anonymous)
2026-08-23 22:56:27.123 +04:00 [INF] OPTIONS /api/v1/profile responded 204 in 0ms (user: anonymous)
2026-08-23 22:56:27.123 +04:00 [INF] OPTIONS /api/v1/profile responded 204 in 0ms (user: anonymous)
2026-08-23 22:56:27.124 +04:00 [INF] OPTIONS /api/v1/profile responded 204 in 0ms (user: anonymous)
2026-08-23 22:56:27.124 +04:00 [INF] OPTIONS /api/v1/stories responded 204 in 0ms (user: anonymous)
2026-08-23 22:56:27.124 +04:00 [INF] OPTIONS /api/v1/profile responded 204 in 0ms (user: anonymous)
2026-08-23 22:56:27.125 +04:00 [INF] OPTIONS /api/v1/favorites responded 204 in 0ms (user: anonymous)
2026-08-23 22:56:27.142 +04:00 [INF] GET /api/v1/favorites responded 200 in 6ms (user: anonymous)
2026-08-23 22:56:27.146 +04:00 [INF] GET /api/v1/stories responded 200 in 1ms (user: anonymous)
2026-08-23 22:56:27.186 +04:00 [INF] GET /api/v1/stories responded 200 in 2ms (user: anonymous)
2026-08-23 22:56:27.206 +04:00 [INF] GET /api/v1/favorites responded 200 in 4ms (user: anonymous)
2026-08-23 22:56:27.210 +04:00 [INF] GET /api/v1/profile responded 200 in 53ms (user: anonymous)
2026-08-23 22:56:27.227 +04:00 [INF] GET /api/v1/profile responded 200 in 13ms (user: anonymous)
2026-08-23 22:56:27.241 +04:00 [INF] GET /api/v1/profile responded 200 in 10ms (user: anonymous)
2026-08-23 22:56:27.242 +04:00 [INF] GET /api/v1/profile responded 200 in 12ms (user: anonymous)
2026-08-23 22:56:44.686 +04:00 [INF] OPTIONS /api/v1/profile responded 204 in 0ms (user: anonymous)
2026-08-23 22:56:44.686 +04:00 [INF] OPTIONS /api/v1/favorites responded 204 in 0ms (user: anonymous)
2026-08-23 22:56:44.686 +04:00 [INF] OPTIONS /api/v1/profile responded 204 in 0ms (user: anonymous)
2026-08-23 22:56:44.686 +04:00 [INF] OPTIONS /api/v1/story-categories responded 204 in 0ms (user: anonymous)
2026-08-23 22:56:44.686 +04:00 [INF] OPTIONS /api/v1/stories responded 204 in 0ms (user: anonymous)
2026-08-23 22:56:44.687 +04:00 [INF] OPTIONS /api/v1/stories responded 204 in 0ms (user: anonymous)
2026-08-23 22:56:44.687 +04:00 [INF] OPTIONS /api/v1/favorites responded 204 in 0ms (user: anonymous)
2026-08-23 22:56:44.687 +04:00 [INF] OPTIONS /api/v1/story-categories responded 204 in 0ms (user: anonymous)
2026-08-23 22:56:44.707 +04:00 [INF] GET /api/v1/profile responded 200 in 7ms (user: anonymous)
2026-08-23 22:56:44.710 +04:00 [INF] GET /api/v1/favorites responded 200 in 3ms (user: anonymous)
2026-08-23 22:56:44.731 +04:00 [INF] GET /api/v1/profile responded 200 in 11ms (user: anonymous)
2026-08-23 22:56:44.738 +04:00 [INF] GET /api/v1/story-categories responded 200 in 2ms (user: anonymous)
2026-08-23 22:56:44.752 +04:00 [INF] GET /api/v1/stories responded 200 in 0ms (user: anonymous)
2026-08-23 22:56:44.773 +04:00 [INF] GET /api/v1/stories responded 200 in 1ms (user: anonymous)
2026-08-23 22:56:44.792 +04:00 [INF] GET /api/v1/favorites responded 200 in 3ms (user: anonymous)
2026-08-23 22:56:44.802 +04:00 [INF] GET /api/v1/story-categories responded 200 in 1ms (user: anonymous)
2026-08-23 22:56:46.155 +04:00 [INF] GET /api/v1/profile responded 200 in 12ms (user: anonymous)
2026-08-23 22:56:46.194 +04:00 [INF] GET /api/v1/profile responded 200 in 31ms (user: anonymous)
2026-08-23 22:57:03.959 +04:00 [INF] OPTIONS /api/v1/profile responded 204 in 0ms (user: anonymous)
2026-08-23 22:57:03.959 +04:00 [INF] OPTIONS /api/v1/favorites responded 204 in 0ms (user: anonymous)
2026-08-23 22:57:03.959 +04:00 [INF] OPTIONS /api/v1/story-categories responded 204 in 0ms (user: anonymous)
2026-08-23 22:57:03.960 +04:00 [INF] OPTIONS /api/v1/stories responded 204 in 0ms (user: anonymous)
2026-08-23 22:57:03.961 +04:00 [INF] OPTIONS /api/v1/stories responded 204 in 0ms (user: anonymous)
2026-08-23 22:57:03.961 +04:00 [INF] OPTIONS /api/v1/profile responded 204 in 0ms (user: anonymous)
2026-08-23 22:57:03.961 +04:00 [INF] OPTIONS /api/v1/favorites responded 204 in 0ms (user: anonymous)
2026-08-23 22:57:03.961 +04:00 [INF] OPTIONS /api/v1/story-categories responded 204 in 0ms (user: anonymous)
2026-08-23 22:57:03.984 +04:00 [INF] GET /api/v1/profile responded 200 in 6ms (user: anonymous)
2026-08-23 22:57:03.991 +04:00 [INF] GET /api/v1/favorites responded 200 in 4ms (user: anonymous)
2026-08-23 22:57:04.006 +04:00 [INF] GET /api/v1/story-categories responded 200 in 2ms (user: anonymous)
2026-08-23 22:57:04.021 +04:00 [INF] GET /api/v1/stories responded 200 in 1ms (user: anonymous)
2026-08-23 22:57:04.030 +04:00 [INF] GET /api/v1/stories responded 200 in 3ms (user: anonymous)
2026-08-23 22:57:04.063 +04:00 [INF] GET /api/v1/profile responded 200 in 18ms (user: anonymous)
2026-08-23 22:57:04.068 +04:00 [INF] GET /api/v1/favorites responded 200 in 8ms (user: anonymous)
2026-08-23 22:57:04.081 +04:00 [INF] GET /api/v1/story-categories responded 200 in 4ms (user: anonymous)
2026-08-23 22:57:08.491 +04:00 [INF] GET /api/v1/profile responded 200 in 12ms (user: anonymous)
2026-08-23 22:57:08.510 +04:00 [INF] GET /api/v1/profile responded 200 in 15ms (user: anonymous)
2026-08-23 22:57:08.530 +04:00 [INF] GET /api/v1/profile responded 200 in 15ms (user: anonymous)
2026-08-23 22:57:08.551 +04:00 [INF] GET /api/v1/profile responded 200 in 15ms (user: anonymous)
2026-08-23 22:57:08.579 +04:00 [INF] GET /api/v1/profile responded 200 in 24ms (user: anonymous)
2026-08-23 22:57:08.617 +04:00 [INF] GET /api/v1/profile responded 200 in 14ms (user: anonymous)
2026-08-23 22:57:09.713 +04:00 [INF] OPTIONS /api/v1/story-categories responded 204 in 0ms (user: anonymous)
2026-08-23 22:57:09.713 +04:00 [INF] OPTIONS /api/v1/profile responded 204 in 0ms (user: anonymous)
2026-08-23 22:57:09.713 +04:00 [INF] OPTIONS /api/v1/favorites responded 204 in 0ms (user: anonymous)
2026-08-23 22:57:09.713 +04:00 [INF] OPTIONS /api/v1/stories responded 204 in 0ms (user: anonymous)
2026-08-23 22:57:09.713 +04:00 [INF] OPTIONS /api/v1/profile responded 204 in 0ms (user: anonymous)
2026-08-23 22:57:09.713 +04:00 [INF] OPTIONS /api/v1/stories responded 204 in 0ms (user: anonymous)
2026-08-23 22:57:09.713 +04:00 [INF] OPTIONS /api/v1/story-categories responded 204 in 0ms (user: anonymous)
2026-08-23 22:57:09.713 +04:00 [INF] OPTIONS /api/v1/favorites responded 204 in 0ms (user: anonymous)
2026-08-23 22:57:09.740 +04:00 [INF] GET /api/v1/story-categories responded 200 in 3ms (user: anonymous)
2026-08-23 22:57:09.777 +04:00 [INF] GET /api/v1/profile responded 200 in 21ms (user: anonymous)
2026-08-23 22:57:09.795 +04:00 [INF] GET /api/v1/stories responded 200 in 1ms (user: anonymous)
2026-08-23 22:57:09.796 +04:00 [INF] GET /api/v1/favorites responded 200 in 11ms (user: anonymous)
2026-08-23 22:57:09.830 +04:00 [INF] GET /api/v1/stories responded 200 in 1ms (user: anonymous)
2026-08-23 22:57:09.831 +04:00 [INF] GET /api/v1/profile responded 200 in 16ms (user: anonymous)
2026-08-23 22:57:09.862 +04:00 [INF] GET /api/v1/story-categories responded 200 in 2ms (user: anonymous)
2026-08-23 22:57:09.883 +04:00 [INF] GET /api/v1/favorites responded 200 in 4ms (user: anonymous)
2026-08-23 22:57:10.866 +04:00 [INF] GET /api/v1/profile responded 200 in 12ms (user: anonymous)
2026-08-23 22:57:10.892 +04:00 [INF] GET /api/v1/profile responded 200 in 21ms (user: anonymous)
2026-08-23 22:57:14.025 +04:00 [INF] OPTIONS /api/v1/blog/3 responded 204 in 0ms (user: anonymous)
2026-08-23 22:57:14.025 +04:00 [INF] OPTIONS /api/v1/blog/3 responded 204 in 0ms (user: anonymous)
2026-08-23 22:57:14.056 +04:00 [INF] GET /api/v1/profile responded 200 in 30ms (user: anonymous)
2026-08-23 22:57:14.062 +04:00 [INF] GET /api/v1/blog/3 responded 404 in 0ms (user: anonymous)
2026-08-23 22:57:14.071 +04:00 [INF] GET /api/v1/profile responded 200 in 9ms (user: anonymous)
2026-08-23 22:57:14.122 +04:00 [INF] GET /api/v1/blog/3 responded 404 in 7ms (user: anonymous)
2026-08-23 22:57:14.975 +04:00 [INF] OPTIONS /api/v1/profile responded 204 in 0ms (user: anonymous)
2026-08-23 22:57:14.975 +04:00 [INF] OPTIONS /api/v1/profile responded 204 in 0ms (user: anonymous)
2026-08-23 22:57:15.013 +04:00 [INF] GET /api/v1/profile responded 200 in 15ms (user: anonymous)
2026-08-23 22:57:15.056 +04:00 [INF] GET /api/v1/profile responded 200 in 35ms (user: anonymous)
2026-08-23 22:57:21.977 +04:00 [INF] OPTIONS /api/v1/stories responded 204 in 0ms (user: anonymous)
2026-08-23 22:57:21.977 +04:00 [INF] OPTIONS /api/v1/profile responded 204 in 0ms (user: anonymous)
2026-08-23 22:57:21.977 +04:00 [INF] OPTIONS /api/v1/favorites responded 204 in 0ms (user: anonymous)
2026-08-23 22:57:21.977 +04:00 [INF] OPTIONS /api/v1/story-categories responded 204 in 0ms (user: anonymous)
2026-08-23 22:57:21.977 +04:00 [INF] OPTIONS /api/v1/profile responded 204 in 0ms (user: anonymous)
2026-08-23 22:57:21.977 +04:00 [INF] OPTIONS /api/v1/stories responded 204 in 0ms (user: anonymous)
2026-08-23 22:57:21.977 +04:00 [INF] OPTIONS /api/v1/favorites responded 204 in 0ms (user: anonymous)
2026-08-23 22:57:21.977 +04:00 [INF] OPTIONS /api/v1/story-categories responded 204 in 0ms (user: anonymous)
2026-08-23 22:57:22.000 +04:00 [INF] GET /api/v1/stories responded 200 in 0ms (user: anonymous)
2026-08-23 22:57:22.037 +04:00 [INF] GET /api/v1/profile responded 200 in 13ms (user: anonymous)
2026-08-23 22:57:22.043 +04:00 [INF] GET /api/v1/favorites responded 200 in 4ms (user: anonymous)
2026-08-23 22:57:22.064 +04:00 [INF] GET /api/v1/story-categories responded 200 in 1ms (user: anonymous)
2026-08-23 22:57:22.101 +04:00 [INF] GET /api/v1/profile responded 200 in 15ms (user: anonymous)
2026-08-23 22:57:22.112 +04:00 [INF] GET /api/v1/stories responded 200 in 2ms (user: anonymous)
2026-08-23 22:57:22.124 +04:00 [INF] GET /api/v1/favorites responded 200 in 5ms (user: anonymous)
2026-08-23 22:57:22.131 +04:00 [INF] GET /api/v1/story-categories responded 200 in 0ms (user: anonymous)
2026-08-23 22:57:24.902 +04:00 [INF] GET /api/v1/story-categories responded 200 in 1ms (user: anonymous)
2026-08-23 22:57:24.907 +04:00 [INF] GET /api/v1/favorites responded 200 in 7ms (user: anonymous)
2026-08-23 22:57:24.910 +04:00 [INF] GET /api/v1/story-categories responded 200 in 1ms (user: anonymous)
2026-08-23 22:57:24.922 +04:00 [INF] GET /api/v1/stories responded 200 in 22ms (user: anonymous)
2026-08-23 22:57:24.924 +04:00 [INF] GET /api/v1/profile responded 200 in 24ms (user: anonymous)
2026-08-23 22:57:24.930 +04:00 [INF] GET /api/v1/stories responded 200 in 2ms (user: anonymous)
2026-08-23 22:57:24.948 +04:00 [INF] GET /api/v1/favorites responded 200 in 34ms (user: anonymous)
2026-08-23 22:57:24.960 +04:00 [INF] GET /api/v1/profile responded 200 in 29ms (user: anonymous)
2026-08-23 22:57:27.754 +04:00 [INF] OPTIONS /api/v1/profile responded 204 in 0ms (user: anonymous)
2026-08-23 22:57:27.754 +04:00 [INF] OPTIONS /api/v1/profile responded 204 in 0ms (user: anonymous)
2026-08-23 22:57:27.754 +04:00 [INF] OPTIONS /api/v1/favorites responded 204 in 0ms (user: anonymous)
2026-08-23 22:57:27.754 +04:00 [INF] OPTIONS /api/v1/stories responded 204 in 0ms (user: anonymous)
2026-08-23 22:57:27.754 +04:00 [INF] OPTIONS /api/v1/profile responded 204 in 0ms (user: anonymous)
2026-08-23 22:57:27.754 +04:00 [INF] OPTIONS /api/v1/stories responded 204 in 0ms (user: anonymous)
2026-08-23 22:57:27.754 +04:00 [INF] OPTIONS /api/v1/profile responded 204 in 0ms (user: anonymous)
2026-08-23 22:57:27.754 +04:00 [INF] OPTIONS /api/v1/favorites responded 204 in 0ms (user: anonymous)
2026-08-23 22:57:27.795 +04:00 [INF] GET /api/v1/profile responded 200 in 12ms (user: anonymous)
2026-08-23 22:57:27.813 +04:00 [INF] GET /api/v1/profile responded 200 in 14ms (user: anonymous)
2026-08-23 22:57:27.819 +04:00 [INF] GET /api/v1/favorites responded 200 in 5ms (user: anonymous)
2026-08-23 22:57:27.831 +04:00 [INF] GET /api/v1/stories responded 200 in 0ms (user: anonymous)
2026-08-23 22:57:27.866 +04:00 [INF] GET /api/v1/stories responded 200 in 0ms (user: anonymous)
2026-08-23 22:57:27.866 +04:00 [INF] GET /api/v1/profile responded 200 in 16ms (user: anonymous)
2026-08-23 22:57:27.891 +04:00 [INF] GET /api/v1/profile responded 200 in 12ms (user: anonymous)
2026-08-23 22:57:27.903 +04:00 [INF] GET /api/v1/favorites responded 200 in 4ms (user: anonymous)
2026-08-23 22:57:34.548 +04:00 [INF] OPTIONS /api/v1/profile responded 204 in 0ms (user: anonymous)
2026-08-23 22:57:34.549 +04:00 [INF] OPTIONS /api/v1/stories/886d3625-3650-4b0b-8052-a9c5ca89a0be responded 204 in 0ms (user: anonymous)
2026-08-23 22:57:34.549 +04:00 [INF] OPTIONS /api/v1/profile responded 204 in 0ms (user: anonymous)
2026-08-23 22:57:34.549 +04:00 [INF] OPTIONS /api/v1/favorites responded 204 in 0ms (user: anonymous)
2026-08-23 22:57:34.549 +04:00 [INF] OPTIONS /api/v1/favorites responded 204 in 0ms (user: anonymous)
2026-08-23 22:57:34.549 +04:00 [INF] OPTIONS /api/v1/stories/886d3625-3650-4b0b-8052-a9c5ca89a0be responded 204 in 0ms (user: anonymous)
2026-08-23 22:57:34.586 +04:00 [INF] GET /api/v1/profile responded 200 in 13ms (user: anonymous)
2026-08-23 22:57:34.624 +04:00 [INF] GET /api/v1/profile responded 200 in 15ms (user: anonymous)
2026-08-23 22:57:34.632 +04:00 [INF] GET /api/v1/favorites responded 200 in 3ms (user: anonymous)
2026-08-23 22:57:34.643 +04:00 [INF] GET /api/v1/favorites responded 200 in 2ms (user: anonymous)
2026-08-23 22:57:34.796 +04:00 [INF] GET /api/v1/stories/886d3625-3650-4b0b-8052-a9c5ca89a0be responded 200 in 203ms (user: anonymous)
2026-08-23 22:57:34.804 +04:00 [INF] GET /api/v1/stories/886d3625-3650-4b0b-8052-a9c5ca89a0be responded 200 in 4ms (user: anonymous)
2026-08-23 22:57:36.704 +04:00 [INF] GET /api/v1/favorites responded 200 in 3ms (user: anonymous)
2026-08-23 22:57:36.704 +04:00 [INF] GET /api/v1/stories/886d3625-3650-4b0b-8052-a9c5ca89a0be responded 200 in 3ms (user: anonymous)
2026-08-23 22:57:36.710 +04:00 [INF] GET /api/v1/profile responded 200 in 9ms (user: anonymous)
2026-08-23 22:57:36.712 +04:00 [INF] GET /api/v1/stories/886d3625-3650-4b0b-8052-a9c5ca89a0be responded 200 in 3ms (user: anonymous)
2026-08-23 22:57:36.712 +04:00 [INF] GET /api/v1/favorites responded 200 in 3ms (user: anonymous)
2026-08-23 22:57:36.729 +04:00 [INF] GET /api/v1/profile responded 200 in 13ms (user: anonymous)
2026-08-23 22:57:36.756 +04:00 [INF] GET /api/v1/profile responded 200 in 23ms (user: anonymous)
2026-08-23 22:57:36.756 +04:00 [INF] GET /api/v1/profile responded 200 in 23ms (user: anonymous)
2026-08-23 22:57:36.822 +04:00 [INF] OPTIONS /api/v1/progress responded 204 in 0ms (user: anonymous)
2026-08-23 22:57:36.840 +04:00 [INF] OPTIONS /api/v1/progress responded 204 in 0ms (user: anonymous)
2026-08-23 22:57:36.852 +04:00 [INF] OPTIONS /api/v1/progress responded 204 in 0ms (user: anonymous)
2026-08-23 22:57:37.001 +04:00 [INF] POST /api/v1/progress responded 200 in 147ms (user: anonymous)
2026-08-23 22:57:37.026 +04:00 [INF] OPTIONS /api/v1/progress/reading-history responded 204 in 0ms (user: anonymous)
2026-08-23 22:57:37.048 +04:00 [ERR] An exception occurred in the database while saving changes for context type 'EnglishLearningPlatform.Persistence.Context.ApplicationDbContext'.
Microsoft.EntityFrameworkCore.DbUpdateException: An error occurred while saving the entity changes. See the inner exception for details.
 ---> Microsoft.Data.SqlClient.SqlException (0x80131904): Cannot insert duplicate key row in object 'dbo.UserProgresses' with unique index 'IX_UserProgresses_AppUserId_StoryId'. The duplicate key value is (006f3060-3635-4427-59b4-08def7de3b5b, 886d3625-3650-4b0b-8052-a9c5ca89a0be).
   at Microsoft.Data.SqlClient.SqlConnection.OnError(SqlException exception, Boolean breakConnection, Action`1 wrapCloseInAction)
   at Microsoft.Data.SqlClient.SqlInternalConnection.OnError(SqlException exception, Boolean breakConnection, Action`1 wrapCloseInAction)
   at Microsoft.Data.SqlClient.TdsParser.ThrowExceptionAndWarning(TdsParserStateObject stateObj, SqlCommand command, Boolean callerHasConnectionLock, Boolean asyncClose)
   at Microsoft.Data.SqlClient.TdsParser.TryRun(RunBehavior runBehavior, SqlCommand cmdHandler, SqlDataReader dataStream, BulkCopySimpleResultSet bulkCopyHandler, TdsParserStateObject stateObj, Boolean& dataReady)
   at Microsoft.Data.SqlClient.SqlDataReader.TryHasMoreRows(Boolean& moreRows)
   at Microsoft.Data.SqlClient.SqlDataReader.TryHasMoreResults(Boolean& moreResults)
   at Microsoft.Data.SqlClient.SqlDataReader.TryNextResult(Boolean& more)
   at Microsoft.Data.SqlClient.SqlDataReader.NextResultAsyncExecute(Task task, Object state)
   at Microsoft.Data.SqlClient.SqlDataReader.InvokeAsyncCall[T](SqlDataReaderBaseAsyncCallContext`1 context)
--- End of stack trace from previous location ---
   at Microsoft.EntityFrameworkCore.Update.AffectedCountModificationCommandBatch.ConsumeAsync(RelationalDataReader reader, CancellationToken cancellationToken)
ClientConnectionId:0a2c6ae7-6d5c-4efd-9039-cb5580f4e415
Error Number:2601,State:1,Class:14
   --- End of inner exception stack trace ---
   at Microsoft.EntityFrameworkCore.Update.AffectedCountModificationCommandBatch.ConsumeAsync(RelationalDataReader reader, CancellationToken cancellationToken)
   at Microsoft.EntityFrameworkCore.Update.ReaderModificationCommandBatch.ExecuteAsync(IRelationalConnection connection, CancellationToken cancellationToken)
   at Microsoft.EntityFrameworkCore.Update.ReaderModificationCommandBatch.ExecuteAsync(IRelationalConnection connection, CancellationToken cancellationToken)
   at Microsoft.EntityFrameworkCore.SqlServer.Update.Internal.SqlServerModificationCommandBatch.ExecuteAsync(IRelationalConnection connection, CancellationToken cancellationToken)
   at Microsoft.EntityFrameworkCore.Update.Internal.BatchExecutor.ExecuteAsync(IEnumerable`1 commandBatches, IRelationalConnection connection, CancellationToken cancellationToken)
   at Microsoft.EntityFrameworkCore.Update.Internal.BatchExecutor.ExecuteAsync(IEnumerable`1 commandBatches, IRelationalConnection connection, CancellationToken cancellationToken)
   at Microsoft.EntityFrameworkCore.Update.Internal.BatchExecutor.ExecuteAsync(IEnumerable`1 commandBatches, IRelationalConnection connection, CancellationToken cancellationToken)
   at Microsoft.EntityFrameworkCore.ChangeTracking.Internal.StateManager.SaveChangesAsync(IList`1 entriesToSave, CancellationToken cancellationToken)
   at Microsoft.EntityFrameworkCore.ChangeTracking.Internal.StateManager.SaveChangesAsync(StateManager stateManager, Boolean acceptAllChangesOnSuccess, CancellationToken cancellationToken)
   at Microsoft.EntityFrameworkCore.Storage.ExecutionStrategy.<>c__DisplayClass30_0`2.<<ExecuteAsync>b__0>d.MoveNext()
--- End of stack trace from previous location ---
   at Microsoft.EntityFrameworkCore.Storage.ExecutionStrategy.ExecuteImplementationAsync[TState,TResult](Func`4 operation, Func`4 verifySucceeded, TState state, CancellationToken cancellationToken)
   at Microsoft.EntityFrameworkCore.Storage.ExecutionStrategy.ExecuteImplementationAsync[TState,TResult](Func`4 operation, Func`4 verifySucceeded, TState state, CancellationToken cancellationToken)
   at Microsoft.EntityFrameworkCore.Storage.ExecutionStrategy.ExecuteAsync[TState,TResult](TState state, Func`4 operation, Func`4 verifySucceeded, CancellationToken cancellationToken)
   at Microsoft.EntityFrameworkCore.DbContext.SaveChangesAsync(Boolean acceptAllChangesOnSuccess, CancellationToken cancellationToken)
Microsoft.EntityFrameworkCore.DbUpdateException: An error occurred while saving the entity changes. See the inner exception for details.
 ---> Microsoft.Data.SqlClient.SqlException (0x80131904): Cannot insert duplicate key row in object 'dbo.UserProgresses' with unique index 'IX_UserProgresses_AppUserId_StoryId'. The duplicate key value is (006f3060-3635-4427-59b4-08def7de3b5b, 886d3625-3650-4b0b-8052-a9c5ca89a0be).
   at Microsoft.Data.SqlClient.SqlConnection.OnError(SqlException exception, Boolean breakConnection, Action`1 wrapCloseInAction)
   at Microsoft.Data.SqlClient.SqlInternalConnection.OnError(SqlException exception, Boolean breakConnection, Action`1 wrapCloseInAction)
   at Microsoft.Data.SqlClient.TdsParser.ThrowExceptionAndWarning(TdsParserStateObject stateObj, SqlCommand command, Boolean callerHasConnectionLock, Boolean asyncClose)
   at Microsoft.Data.SqlClient.TdsParser.TryRun(RunBehavior runBehavior, SqlCommand cmdHandler, SqlDataReader dataStream, BulkCopySimpleResultSet bulkCopyHandler, TdsParserStateObject stateObj, Boolean& dataReady)
   at Microsoft.Data.SqlClient.SqlDataReader.TryHasMoreRows(Boolean& moreRows)
   at Microsoft.Data.SqlClient.SqlDataReader.TryHasMoreResults(Boolean& moreResults)
   at Microsoft.Data.SqlClient.SqlDataReader.TryNextResult(Boolean& more)
   at Microsoft.Data.SqlClient.SqlDataReader.NextResultAsyncExecute(Task task, Object state)
   at Microsoft.Data.SqlClient.SqlDataReader.InvokeAsyncCall[T](SqlDataReaderBaseAsyncCallContext`1 context)
--- End of stack trace from previous location ---
   at Microsoft.EntityFrameworkCore.Update.AffectedCountModificationCommandBatch.ConsumeAsync(RelationalDataReader reader, CancellationToken cancellationToken)
ClientConnectionId:0a2c6ae7-6d5c-4efd-9039-cb5580f4e415
Error Number:2601,State:1,Class:14
   --- End of inner exception stack trace ---
   at Microsoft.EntityFrameworkCore.Update.AffectedCountModificationCommandBatch.ConsumeAsync(RelationalDataReader reader, CancellationToken cancellationToken)
   at Microsoft.EntityFrameworkCore.Update.ReaderModificationCommandBatch.ExecuteAsync(IRelationalConnection connection, CancellationToken cancellationToken)
   at Microsoft.EntityFrameworkCore.Update.ReaderModificationCommandBatch.ExecuteAsync(IRelationalConnection connection, CancellationToken cancellationToken)
   at Microsoft.EntityFrameworkCore.SqlServer.Update.Internal.SqlServerModificationCommandBatch.ExecuteAsync(IRelationalConnection connection, CancellationToken cancellationToken)
   at Microsoft.EntityFrameworkCore.Update.Internal.BatchExecutor.ExecuteAsync(IEnumerable`1 commandBatches, IRelationalConnection connection, CancellationToken cancellationToken)
   at Microsoft.EntityFrameworkCore.Update.Internal.BatchExecutor.ExecuteAsync(IEnumerable`1 commandBatches, IRelationalConnection connection, CancellationToken cancellationToken)
   at Microsoft.EntityFrameworkCore.Update.Internal.BatchExecutor.ExecuteAsync(IEnumerable`1 commandBatches, IRelationalConnection connection, CancellationToken cancellationToken)
   at Microsoft.EntityFrameworkCore.ChangeTracking.Internal.StateManager.SaveChangesAsync(IList`1 entriesToSave, CancellationToken cancellationToken)
   at Microsoft.EntityFrameworkCore.ChangeTracking.Internal.StateManager.SaveChangesAsync(StateManager stateManager, Boolean acceptAllChangesOnSuccess, CancellationToken cancellationToken)
   at Microsoft.EntityFrameworkCore.Storage.ExecutionStrategy.<>c__DisplayClass30_0`2.<<ExecuteAsync>b__0>d.MoveNext()
--- End of stack trace from previous location ---
   at Microsoft.EntityFrameworkCore.Storage.ExecutionStrategy.ExecuteImplementationAsync[TState,TResult](Func`4 operation, Func`4 verifySucceeded, TState state, CancellationToken cancellationToken)
   at Microsoft.EntityFrameworkCore.Storage.ExecutionStrategy.ExecuteImplementationAsync[TState,TResult](Func`4 operation, Func`4 verifySucceeded, TState state, CancellationToken cancellationToken)
   at Microsoft.EntityFrameworkCore.Storage.ExecutionStrategy.ExecuteAsync[TState,TResult](TState state, Func`4 operation, Func`4 verifySucceeded, CancellationToken cancellationToken)
   at Microsoft.EntityFrameworkCore.DbContext.SaveChangesAsync(Boolean acceptAllChangesOnSuccess, CancellationToken cancellationToken)
2026-08-23 22:57:37.048 +04:00 [ERR] An exception occurred in the database while saving changes for context type 'EnglishLearningPlatform.Persistence.Context.ApplicationDbContext'.
Microsoft.EntityFrameworkCore.DbUpdateException: An error occurred while saving the entity changes. See the inner exception for details.
 ---> Microsoft.Data.SqlClient.SqlException (0x80131904): Cannot insert duplicate key row in object 'dbo.UserProgresses' with unique index 'IX_UserProgresses_AppUserId_StoryId'. The duplicate key value is (006f3060-3635-4427-59b4-08def7de3b5b, 886d3625-3650-4b0b-8052-a9c5ca89a0be).
   at Microsoft.Data.SqlClient.SqlConnection.OnError(SqlException exception, Boolean breakConnection, Action`1 wrapCloseInAction)
   at Microsoft.Data.SqlClient.SqlInternalConnection.OnError(SqlException exception, Boolean breakConnection, Action`1 wrapCloseInAction)
   at Microsoft.Data.SqlClient.TdsParser.ThrowExceptionAndWarning(TdsParserStateObject stateObj, SqlCommand command, Boolean callerHasConnectionLock, Boolean asyncClose)
   at Microsoft.Data.SqlClient.TdsParser.TryRun(RunBehavior runBehavior, SqlCommand cmdHandler, SqlDataReader dataStream, BulkCopySimpleResultSet bulkCopyHandler, TdsParserStateObject stateObj, Boolean& dataReady)
   at Microsoft.Data.SqlClient.SqlDataReader.TryHasMoreRows(Boolean& moreRows)
   at Microsoft.Data.SqlClient.SqlDataReader.TryHasMoreResults(Boolean& moreResults)
   at Microsoft.Data.SqlClient.SqlDataReader.TryNextResult(Boolean& more)
   at Microsoft.Data.SqlClient.SqlDataReader.NextResultAsyncExecute(Task task, Object state)
   at Microsoft.Data.SqlClient.SqlDataReader.InvokeAsyncCall[T](SqlDataReaderBaseAsyncCallContext`1 context)
--- End of stack trace from previous location ---
   at Microsoft.EntityFrameworkCore.Update.AffectedCountModificationCommandBatch.ConsumeAsync(RelationalDataReader reader, CancellationToken cancellationToken)
ClientConnectionId:2be6152f-c9c5-4446-b1a3-34e64006197e
Error Number:2601,State:1,Class:14
   --- End of inner exception stack trace ---
   at Microsoft.EntityFrameworkCore.Update.AffectedCountModificationCommandBatch.ConsumeAsync(RelationalDataReader reader, CancellationToken cancellationToken)
   at Microsoft.EntityFrameworkCore.Update.ReaderModificationCommandBatch.ExecuteAsync(IRelationalConnection connection, CancellationToken cancellationToken)
   at Microsoft.EntityFrameworkCore.Update.ReaderModificationCommandBatch.ExecuteAsync(IRelationalConnection connection, CancellationToken cancellationToken)
   at Microsoft.EntityFrameworkCore.SqlServer.Update.Internal.SqlServerModificationCommandBatch.ExecuteAsync(IRelationalConnection connection, CancellationToken cancellationToken)
   at Microsoft.EntityFrameworkCore.Update.Internal.BatchExecutor.ExecuteAsync(IEnumerable`1 commandBatches, IRelationalConnection connection, CancellationToken cancellationToken)
   at Microsoft.EntityFrameworkCore.Update.Internal.BatchExecutor.ExecuteAsync(IEnumerable`1 commandBatches, IRelationalConnection connection, CancellationToken cancellationToken)
   at Microsoft.EntityFrameworkCore.Update.Internal.BatchExecutor.ExecuteAsync(IEnumerable`1 commandBatches, IRelationalConnection connection, CancellationToken cancellationToken)
   at Microsoft.EntityFrameworkCore.ChangeTracking.Internal.StateManager.SaveChangesAsync(IList`1 entriesToSave, CancellationToken cancellationToken)
   at Microsoft.EntityFrameworkCore.ChangeTracking.Internal.StateManager.SaveChangesAsync(StateManager stateManager, Boolean acceptAllChangesOnSuccess, CancellationToken cancellationToken)
   at Microsoft.EntityFrameworkCore.Storage.ExecutionStrategy.<>c__DisplayClass30_0`2.<<ExecuteAsync>b__0>d.MoveNext()
--- End of stack trace from previous location ---
   at Microsoft.EntityFrameworkCore.Storage.ExecutionStrategy.ExecuteImplementationAsync[TState,TResult](Func`4 operation, Func`4 verifySucceeded, TState state, CancellationToken cancellationToken)
   at Microsoft.EntityFrameworkCore.Storage.ExecutionStrategy.ExecuteImplementationAsync[TState,TResult](Func`4 operation, Func`4 verifySucceeded, TState state, CancellationToken cancellationToken)
   at Microsoft.EntityFrameworkCore.Storage.ExecutionStrategy.ExecuteAsync[TState,TResult](TState state, Func`4 operation, Func`4 verifySucceeded, CancellationToken cancellationToken)
   at Microsoft.EntityFrameworkCore.DbContext.SaveChangesAsync(Boolean acceptAllChangesOnSuccess, CancellationToken cancellationToken)
Microsoft.EntityFrameworkCore.DbUpdateException: An error occurred while saving the entity changes. See the inner exception for details.
 ---> Microsoft.Data.SqlClient.SqlException (0x80131904): Cannot insert duplicate key row in object 'dbo.UserProgresses' with unique index 'IX_UserProgresses_AppUserId_StoryId'. The duplicate key value is (006f3060-3635-4427-59b4-08def7de3b5b, 886d3625-3650-4b0b-8052-a9c5ca89a0be).
   at Microsoft.Data.SqlClient.SqlConnection.OnError(SqlException exception, Boolean breakConnection, Action`1 wrapCloseInAction)
   at Microsoft.Data.SqlClient.SqlInternalConnection.OnError(SqlException exception, Boolean breakConnection, Action`1 wrapCloseInAction)
   at Microsoft.Data.SqlClient.TdsParser.ThrowExceptionAndWarning(TdsParserStateObject stateObj, SqlCommand command, Boolean callerHasConnectionLock, Boolean asyncClose)
   at Microsoft.Data.SqlClient.TdsParser.TryRun(RunBehavior runBehavior, SqlCommand cmdHandler, SqlDataReader dataStream, BulkCopySimpleResultSet bulkCopyHandler, TdsParserStateObject stateObj, Boolean& dataReady)
   at Microsoft.Data.SqlClient.SqlDataReader.TryHasMoreRows(Boolean& moreRows)
   at Microsoft.Data.SqlClient.SqlDataReader.TryHasMoreResults(Boolean& moreResults)
   at Microsoft.Data.SqlClient.SqlDataReader.TryNextResult(Boolean& more)
   at Microsoft.Data.SqlClient.SqlDataReader.NextResultAsyncExecute(Task task, Object state)
   at Microsoft.Data.SqlClient.SqlDataReader.InvokeAsyncCall[T](SqlDataReaderBaseAsyncCallContext`1 context)
--- End of stack trace from previous location ---
   at Microsoft.EntityFrameworkCore.Update.AffectedCountModificationCommandBatch.ConsumeAsync(RelationalDataReader reader, CancellationToken cancellationToken)
ClientConnectionId:2be6152f-c9c5-4446-b1a3-34e64006197e
Error Number:2601,State:1,Class:14
   --- End of inner exception stack trace ---
   at Microsoft.EntityFrameworkCore.Update.AffectedCountModificationCommandBatch.ConsumeAsync(RelationalDataReader reader, CancellationToken cancellationToken)
   at Microsoft.EntityFrameworkCore.Update.ReaderModificationCommandBatch.ExecuteAsync(IRelationalConnection connection, CancellationToken cancellationToken)
   at Microsoft.EntityFrameworkCore.Update.ReaderModificationCommandBatch.ExecuteAsync(IRelationalConnection connection, CancellationToken cancellationToken)
   at Microsoft.EntityFrameworkCore.SqlServer.Update.Internal.SqlServerModificationCommandBatch.ExecuteAsync(IRelationalConnection connection, CancellationToken cancellationToken)
   at Microsoft.EntityFrameworkCore.Update.Internal.BatchExecutor.ExecuteAsync(IEnumerable`1 commandBatches, IRelationalConnection connection, CancellationToken cancellationToken)
   at Microsoft.EntityFrameworkCore.Update.Internal.BatchExecutor.ExecuteAsync(IEnumerable`1 commandBatches, IRelationalConnection connection, CancellationToken cancellationToken)
   at Microsoft.EntityFrameworkCore.Update.Internal.BatchExecutor.ExecuteAsync(IEnumerable`1 commandBatches, IRelationalConnection connection, CancellationToken cancellationToken)
   at Microsoft.EntityFrameworkCore.ChangeTracking.Internal.StateManager.SaveChangesAsync(IList`1 entriesToSave, CancellationToken cancellationToken)
   at Microsoft.EntityFrameworkCore.ChangeTracking.Internal.StateManager.SaveChangesAsync(StateManager stateManager, Boolean acceptAllChangesOnSuccess, CancellationToken cancellationToken)
   at Microsoft.EntityFrameworkCore.Storage.ExecutionStrategy.<>c__DisplayClass30_0`2.<<ExecuteAsync>b__0>d.MoveNext()
--- End of stack trace from previous location ---
   at Microsoft.EntityFrameworkCore.Storage.ExecutionStrategy.ExecuteImplementationAsync[TState,TResult](Func`4 operation, Func`4 verifySucceeded, TState state, CancellationToken cancellationToken)
   at Microsoft.EntityFrameworkCore.Storage.ExecutionStrategy.ExecuteImplementationAsync[TState,TResult](Func`4 operation, Func`4 verifySucceeded, TState state, CancellationToken cancellationToken)
   at Microsoft.EntityFrameworkCore.Storage.ExecutionStrategy.ExecuteAsync[TState,TResult](TState state, Func`4 operation, Func`4 verifySucceeded, CancellationToken cancellationToken)
   at Microsoft.EntityFrameworkCore.DbContext.SaveChangesAsync(Boolean acceptAllChangesOnSuccess, CancellationToken cancellationToken)
2026-08-23 22:57:37.048 +04:00 [ERR] An exception occurred in the database while saving changes for context type 'EnglishLearningPlatform.Persistence.Context.ApplicationDbContext'.
Microsoft.EntityFrameworkCore.DbUpdateException: An error occurred while saving the entity changes. See the inner exception for details.
 ---> Microsoft.Data.SqlClient.SqlException (0x80131904): Cannot insert duplicate key row in object 'dbo.UserProgresses' with unique index 'IX_UserProgresses_AppUserId_StoryId'. The duplicate key value is (006f3060-3635-4427-59b4-08def7de3b5b, 886d3625-3650-4b0b-8052-a9c5ca89a0be).
   at Microsoft.Data.SqlClient.SqlConnection.OnError(SqlException exception, Boolean breakConnection, Action`1 wrapCloseInAction)
   at Microsoft.Data.SqlClient.SqlInternalConnection.OnError(SqlException exception, Boolean breakConnection, Action`1 wrapCloseInAction)
   at Microsoft.Data.SqlClient.TdsParser.ThrowExceptionAndWarning(TdsParserStateObject stateObj, SqlCommand command, Boolean callerHasConnectionLock, Boolean asyncClose)
   at Microsoft.Data.SqlClient.TdsParser.TryRun(RunBehavior runBehavior, SqlCommand cmdHandler, SqlDataReader dataStream, BulkCopySimpleResultSet bulkCopyHandler, TdsParserStateObject stateObj, Boolean& dataReady)
   at Microsoft.Data.SqlClient.SqlDataReader.TryHasMoreRows(Boolean& moreRows)
   at Microsoft.Data.SqlClient.SqlDataReader.TryHasMoreResults(Boolean& moreResults)
   at Microsoft.Data.SqlClient.SqlDataReader.TryNextResult(Boolean& more)
   at Microsoft.Data.SqlClient.SqlDataReader.NextResultAsyncExecute(Task task, Object state)
   at Microsoft.Data.SqlClient.SqlDataReader.InvokeAsyncCall[T](SqlDataReaderBaseAsyncCallContext`1 context)
--- End of stack trace from previous location ---
   at Microsoft.EntityFrameworkCore.Update.AffectedCountModificationCommandBatch.ConsumeAsync(RelationalDataReader reader, CancellationToken cancellationToken)
ClientConnectionId:bda86fa8-ae14-4850-b4ef-4a6bb9458334
Error Number:2601,State:1,Class:14
   --- End of inner exception stack trace ---
   at Microsoft.EntityFrameworkCore.Update.AffectedCountModificationCommandBatch.ConsumeAsync(RelationalDataReader reader, CancellationToken cancellationToken)
   at Microsoft.EntityFrameworkCore.Update.ReaderModificationCommandBatch.ExecuteAsync(IRelationalConnection connection, CancellationToken cancellationToken)
   at Microsoft.EntityFrameworkCore.Update.ReaderModificationCommandBatch.ExecuteAsync(IRelationalConnection connection, CancellationToken cancellationToken)
   at Microsoft.EntityFrameworkCore.SqlServer.Update.Internal.SqlServerModificationCommandBatch.ExecuteAsync(IRelationalConnection connection, CancellationToken cancellationToken)
   at Microsoft.EntityFrameworkCore.Update.Internal.BatchExecutor.ExecuteAsync(IEnumerable`1 commandBatches, IRelationalConnection connection, CancellationToken cancellationToken)
   at Microsoft.EntityFrameworkCore.Update.Internal.BatchExecutor.ExecuteAsync(IEnumerable`1 commandBatches, IRelationalConnection connection, CancellationToken cancellationToken)
   at Microsoft.EntityFrameworkCore.Update.Internal.BatchExecutor.ExecuteAsync(IEnumerable`1 commandBatches, IRelationalConnection connection, CancellationToken cancellationToken)
   at Microsoft.EntityFrameworkCore.ChangeTracking.Internal.StateManager.SaveChangesAsync(IList`1 entriesToSave, CancellationToken cancellationToken)
   at Microsoft.EntityFrameworkCore.ChangeTracking.Internal.StateManager.SaveChangesAsync(StateManager stateManager, Boolean acceptAllChangesOnSuccess, CancellationToken cancellationToken)
   at Microsoft.EntityFrameworkCore.Storage.ExecutionStrategy.<>c__DisplayClass30_0`2.<<ExecuteAsync>b__0>d.MoveNext()
--- End of stack trace from previous location ---
   at Microsoft.EntityFrameworkCore.Storage.ExecutionStrategy.ExecuteImplementationAsync[TState,TResult](Func`4 operation, Func`4 verifySucceeded, TState state, CancellationToken cancellationToken)
   at Microsoft.EntityFrameworkCore.Storage.ExecutionStrategy.ExecuteImplementationAsync[TState,TResult](Func`4 operation, Func`4 verifySucceeded, TState state, CancellationToken cancellationToken)
   at Microsoft.EntityFrameworkCore.Storage.ExecutionStrategy.ExecuteAsync[TState,TResult](TState state, Func`4 operation, Func`4 verifySucceeded, CancellationToken cancellationToken)
   at Microsoft.EntityFrameworkCore.DbContext.SaveChangesAsync(Boolean acceptAllChangesOnSuccess, CancellationToken cancellationToken)
Microsoft.EntityFrameworkCore.DbUpdateException: An error occurred while saving the entity changes. See the inner exception for details.
 ---> Microsoft.Data.SqlClient.SqlException (0x80131904): Cannot insert duplicate key row in object 'dbo.UserProgresses' with unique index 'IX_UserProgresses_AppUserId_StoryId'. The duplicate key value is (006f3060-3635-4427-59b4-08def7de3b5b, 886d3625-3650-4b0b-8052-a9c5ca89a0be).
   at Microsoft.Data.SqlClient.SqlConnection.OnError(SqlException exception, Boolean breakConnection, Action`1 wrapCloseInAction)
   at Microsoft.Data.SqlClient.SqlInternalConnection.OnError(SqlException exception, Boolean breakConnection, Action`1 wrapCloseInAction)
   at Microsoft.Data.SqlClient.TdsParser.ThrowExceptionAndWarning(TdsParserStateObject stateObj, SqlCommand command, Boolean callerHasConnectionLock, Boolean asyncClose)
   at Microsoft.Data.SqlClient.TdsParser.TryRun(RunBehavior runBehavior, SqlCommand cmdHandler, SqlDataReader dataStream, BulkCopySimpleResultSet bulkCopyHandler, TdsParserStateObject stateObj, Boolean& dataReady)
   at Microsoft.Data.SqlClient.SqlDataReader.TryHasMoreRows(Boolean& moreRows)
   at Microsoft.Data.SqlClient.SqlDataReader.TryHasMoreResults(Boolean& moreResults)
   at Microsoft.Data.SqlClient.SqlDataReader.TryNextResult(Boolean& more)
   at Microsoft.Data.SqlClient.SqlDataReader.NextResultAsyncExecute(Task task, Object state)
   at Microsoft.Data.SqlClient.SqlDataReader.InvokeAsyncCall[T](SqlDataReaderBaseAsyncCallContext`1 context)
--- End of stack trace from previous location ---
   at Microsoft.EntityFrameworkCore.Update.AffectedCountModificationCommandBatch.ConsumeAsync(RelationalDataReader reader, CancellationToken cancellationToken)
ClientConnectionId:bda86fa8-ae14-4850-b4ef-4a6bb9458334
Error Number:2601,State:1,Class:14
   --- End of inner exception stack trace ---
   at Microsoft.EntityFrameworkCore.Update.AffectedCountModificationCommandBatch.ConsumeAsync(RelationalDataReader reader, CancellationToken cancellationToken)
   at Microsoft.EntityFrameworkCore.Update.ReaderModificationCommandBatch.ExecuteAsync(IRelationalConnection connection, CancellationToken cancellationToken)
   at Microsoft.EntityFrameworkCore.Update.ReaderModificationCommandBatch.ExecuteAsync(IRelationalConnection connection, CancellationToken cancellationToken)
   at Microsoft.EntityFrameworkCore.SqlServer.Update.Internal.SqlServerModificationCommandBatch.ExecuteAsync(IRelationalConnection connection, CancellationToken cancellationToken)
   at Microsoft.EntityFrameworkCore.Update.Internal.BatchExecutor.ExecuteAsync(IEnumerable`1 commandBatches, IRelationalConnection connection, CancellationToken cancellationToken)
   at Microsoft.EntityFrameworkCore.Update.Internal.BatchExecutor.ExecuteAsync(IEnumerable`1 commandBatches, IRelationalConnection connection, CancellationToken cancellationToken)
   at Microsoft.EntityFrameworkCore.Update.Internal.BatchExecutor.ExecuteAsync(IEnumerable`1 commandBatches, IRelationalConnection connection, CancellationToken cancellationToken)
   at Microsoft.EntityFrameworkCore.ChangeTracking.Internal.StateManager.SaveChangesAsync(IList`1 entriesToSave, CancellationToken cancellationToken)
   at Microsoft.EntityFrameworkCore.ChangeTracking.Internal.StateManager.SaveChangesAsync(StateManager stateManager, Boolean acceptAllChangesOnSuccess, CancellationToken cancellationToken)
   at Microsoft.EntityFrameworkCore.Storage.ExecutionStrategy.<>c__DisplayClass30_0`2.<<ExecuteAsync>b__0>d.MoveNext()
--- End of stack trace from previous location ---
   at Microsoft.EntityFrameworkCore.Storage.ExecutionStrategy.ExecuteImplementationAsync[TState,TResult](Func`4 operation, Func`4 verifySucceeded, TState state, CancellationToken cancellationToken)
   at Microsoft.EntityFrameworkCore.Storage.ExecutionStrategy.ExecuteImplementationAsync[TState,TResult](Func`4 operation, Func`4 verifySucceeded, TState state, CancellationToken cancellationToken)
   at Microsoft.EntityFrameworkCore.Storage.ExecutionStrategy.ExecuteAsync[TState,TResult](TState state, Func`4 operation, Func`4 verifySucceeded, CancellationToken cancellationToken)
   at Microsoft.EntityFrameworkCore.DbContext.SaveChangesAsync(Boolean acceptAllChangesOnSuccess, CancellationToken cancellationToken)
2026-08-23 22:57:37.094 +04:00 [INF] POST /api/v1/progress responded 200 in 216ms (user: anonymous)
2026-08-23 22:57:37.127 +04:00 [INF] POST /api/v1/progress responded 200 in 235ms (user: anonymous)
2026-08-23 22:57:37.161 +04:00 [INF] POST /api/v1/progress responded 200 in 287ms (user: anonymous)
2026-08-23 22:57:37.166 +04:00 [INF] POST /api/v1/progress/reading-history responded 200 in 121ms (user: anonymous)
2026-08-23 22:57:37.192 +04:00 [ERR] Unhandled exception on /api/v1/progress
Microsoft.EntityFrameworkCore.DbUpdateException: An error occurred while saving the entity changes. See the inner exception for details.
 ---> Microsoft.Data.SqlClient.SqlException (0x80131904): Cannot insert duplicate key row in object 'dbo.UserProgresses' with unique index 'IX_UserProgresses_AppUserId_StoryId'. The duplicate key value is (006f3060-3635-4427-59b4-08def7de3b5b, 886d3625-3650-4b0b-8052-a9c5ca89a0be).
   at Microsoft.Data.SqlClient.SqlConnection.OnError(SqlException exception, Boolean breakConnection, Action`1 wrapCloseInAction)
   at Microsoft.Data.SqlClient.SqlInternalConnection.OnError(SqlException exception, Boolean breakConnection, Action`1 wrapCloseInAction)
   at Microsoft.Data.SqlClient.TdsParser.ThrowExceptionAndWarning(TdsParserStateObject stateObj, SqlCommand command, Boolean callerHasConnectionLock, Boolean asyncClose)
   at Microsoft.Data.SqlClient.TdsParser.TryRun(RunBehavior runBehavior, SqlCommand cmdHandler, SqlDataReader dataStream, BulkCopySimpleResultSet bulkCopyHandler, TdsParserStateObject stateObj, Boolean& dataReady)
   at Microsoft.Data.SqlClient.SqlDataReader.TryHasMoreRows(Boolean& moreRows)
   at Microsoft.Data.SqlClient.SqlDataReader.TryHasMoreResults(Boolean& moreResults)
   at Microsoft.Data.SqlClient.SqlDataReader.TryNextResult(Boolean& more)
   at Microsoft.Data.SqlClient.SqlDataReader.NextResultAsyncExecute(Task task, Object state)
   at Microsoft.Data.SqlClient.SqlDataReader.InvokeAsyncCall[T](SqlDataReaderBaseAsyncCallContext`1 context)
--- End of stack trace from previous location ---
   at Microsoft.EntityFrameworkCore.Update.AffectedCountModificationCommandBatch.ConsumeAsync(RelationalDataReader reader, CancellationToken cancellationToken)
ClientConnectionId:0a2c6ae7-6d5c-4efd-9039-cb5580f4e415
Error Number:2601,State:1,Class:14
   --- End of inner exception stack trace ---
   at Microsoft.EntityFrameworkCore.Update.AffectedCountModificationCommandBatch.ConsumeAsync(RelationalDataReader reader, CancellationToken cancellationToken)
   at Microsoft.EntityFrameworkCore.Update.ReaderModificationCommandBatch.ExecuteAsync(IRelationalConnection connection, CancellationToken cancellationToken)
   at Microsoft.EntityFrameworkCore.Update.ReaderModificationCommandBatch.ExecuteAsync(IRelationalConnection connection, CancellationToken cancellationToken)
   at Microsoft.EntityFrameworkCore.SqlServer.Update.Internal.SqlServerModificationCommandBatch.ExecuteAsync(IRelationalConnection connection, CancellationToken cancellationToken)
   at Microsoft.EntityFrameworkCore.Update.Internal.BatchExecutor.ExecuteAsync(IEnumerable`1 commandBatches, IRelationalConnection connection, CancellationToken cancellationToken)
   at Microsoft.EntityFrameworkCore.Update.Internal.BatchExecutor.ExecuteAsync(IEnumerable`1 commandBatches, IRelationalConnection connection, CancellationToken cancellationToken)
   at Microsoft.EntityFrameworkCore.Update.Internal.BatchExecutor.ExecuteAsync(IEnumerable`1 commandBatches, IRelationalConnection connection, CancellationToken cancellationToken)
   at Microsoft.EntityFrameworkCore.ChangeTracking.Internal.StateManager.SaveChangesAsync(IList`1 entriesToSave, CancellationToken cancellationToken)
   at Microsoft.EntityFrameworkCore.ChangeTracking.Internal.StateManager.SaveChangesAsync(StateManager stateManager, Boolean acceptAllChangesOnSuccess, CancellationToken cancellationToken)
   at Microsoft.EntityFrameworkCore.Storage.ExecutionStrategy.<>c__DisplayClass30_0`2.<<ExecuteAsync>b__0>d.MoveNext()
--- End of stack trace from previous location ---
   at Microsoft.EntityFrameworkCore.Storage.ExecutionStrategy.ExecuteImplementationAsync[TState,TResult](Func`4 operation, Func`4 verifySucceeded, TState state, CancellationToken cancellationToken)
   at Microsoft.EntityFrameworkCore.Storage.ExecutionStrategy.ExecuteImplementationAsync[TState,TResult](Func`4 operation, Func`4 verifySucceeded, TState state, CancellationToken cancellationToken)
   at Microsoft.EntityFrameworkCore.Storage.ExecutionStrategy.ExecuteAsync[TState,TResult](TState state, Func`4 operation, Func`4 verifySucceeded, CancellationToken cancellationToken)
   at Microsoft.EntityFrameworkCore.DbContext.SaveChangesAsync(Boolean acceptAllChangesOnSuccess, CancellationToken cancellationToken)
   at Microsoft.EntityFrameworkCore.DbContext.SaveChangesAsync(Boolean acceptAllChangesOnSuccess, CancellationToken cancellationToken)
   at EnglishLearningPlatform.Persistence.UnitOfWork.UnitOfWork.SaveChangesAsync(CancellationToken cancellationToken) in C:\Users\Ravan999\Desktop\Aygun-Final\Final-Project-ReadLingo-Back\EnglishLearningPlatform.Persistence\UnitOfWork\UnitOfWork.cs:line 88
   at EnglishLearningPlatform.Application.Services.ProgressService.UpsertAsync(Guid userId, UpsertUserProgressDto dto, CancellationToken cancellationToken) in C:\Users\Ravan999\Desktop\Aygun-Final\Final-Project-ReadLingo-Back\EnglishLearningPlatform.Application\Services\ProgressService .cs:line 78
   at EnglishLearningPlatform.API.Controllers.V1.ProgressController.Upsert(UpsertUserProgressDto dto, CancellationToken cancellationToken) in C:\Users\Ravan999\Desktop\Aygun-Final\Final-Project-ReadLingo-Back\EnglishLearningPlatform.API\Controllers\V1\ProgressController.cs:line 35
   at Microsoft.AspNetCore.Mvc.Infrastructure.ActionMethodExecutor.TaskOfIActionResultExecutor.Execute(ActionContext actionContext, IActionResultTypeMapper mapper, ObjectMethodExecutor executor, Object controller, Object[] arguments)
   at Microsoft.AspNetCore.Mvc.Infrastructure.ControllerActionInvoker.<InvokeActionMethodAsync>g__Awaited|12_0(ControllerActionInvoker invoker, ValueTask`1 actionResultValueTask)
   at Microsoft.AspNetCore.Mvc.Infrastructure.ControllerActionInvoker.<InvokeNextActionFilterAsync>g__Awaited|10_0(ControllerActionInvoker invoker, Task lastTask, State next, Scope scope, Object state, Boolean isCompleted)
   at Microsoft.AspNetCore.Mvc.Infrastructure.ControllerActionInvoker.Rethrow(ActionExecutedContextSealed context)
   at Microsoft.AspNetCore.Mvc.Infrastructure.ControllerActionInvoker.Next(State& next, Scope& scope, Object& state, Boolean& isCompleted)
   at Microsoft.AspNetCore.Mvc.Infrastructure.ControllerActionInvoker.<InvokeInnerFilterAsync>g__Awaited|13_0(ControllerActionInvoker invoker, Task lastTask, State next, Scope scope, Object state, Boolean isCompleted)
   at Microsoft.AspNetCore.Mvc.Infrastructure.ResourceInvoker.<InvokeFilterPipelineAsync>g__Awaited|20_0(ResourceInvoker invoker, Task lastTask, State next, Scope scope, Object state, Boolean isCompleted)
   at Microsoft.AspNetCore.Mvc.Infrastructure.ResourceInvoker.<InvokeAsync>g__Awaited|17_0(ResourceInvoker invoker, Task task, IDisposable scope)
   at Microsoft.AspNetCore.Mvc.Infrastructure.ResourceInvoker.<InvokeAsync>g__Awaited|17_0(ResourceInvoker invoker, Task task, IDisposable scope)
   at Microsoft.AspNetCore.Authorization.AuthorizationMiddleware.Invoke(HttpContext context)
   at Microsoft.AspNetCore.Authentication.AuthenticationMiddleware.Invoke(HttpContext context)
   at Microsoft.AspNetCore.RateLimiting.RateLimitingMiddleware.InvokeInternal(HttpContext context, EnableRateLimitingAttribute enableRateLimitingAttribute)
   at Swashbuckle.AspNetCore.SwaggerUI.SwaggerUIMiddleware.Invoke(HttpContext httpContext)
   at Swashbuckle.AspNetCore.Swagger.SwaggerMiddleware.Invoke(HttpContext httpContext, ISwaggerProvider swaggerProvider)
   at EnglishLearningPlatform.API.Middlewares.RequestLoggingMiddleware.InvokeAsync(HttpContext context) in C:\Users\Ravan999\Desktop\Aygun-Final\Final-Project-ReadLingo-Back\EnglishLearningPlatform.API\Middlewares\RequestLoggingMiddleware.cs:line 24
   at EnglishLearningPlatform.API.Middlewares.ExceptionHandlingMiddleware.InvokeAsync(HttpContext context) in C:\Users\Ravan999\Desktop\Aygun-Final\Final-Project-ReadLingo-Back\EnglishLearningPlatform.API\Middlewares\ExceptionHandlingMiddleware.cs:line 27
2026-08-23 22:57:37.192 +04:00 [ERR] Unhandled exception on /api/v1/progress
Microsoft.EntityFrameworkCore.DbUpdateException: An error occurred while saving the entity changes. See the inner exception for details.
 ---> Microsoft.Data.SqlClient.SqlException (0x80131904): Cannot insert duplicate key row in object 'dbo.UserProgresses' with unique index 'IX_UserProgresses_AppUserId_StoryId'. The duplicate key value is (006f3060-3635-4427-59b4-08def7de3b5b, 886d3625-3650-4b0b-8052-a9c5ca89a0be).
   at Microsoft.Data.SqlClient.SqlConnection.OnError(SqlException exception, Boolean breakConnection, Action`1 wrapCloseInAction)
   at Microsoft.Data.SqlClient.SqlInternalConnection.OnError(SqlException exception, Boolean breakConnection, Action`1 wrapCloseInAction)
   at Microsoft.Data.SqlClient.TdsParser.ThrowExceptionAndWarning(TdsParserStateObject stateObj, SqlCommand command, Boolean callerHasConnectionLock, Boolean asyncClose)
   at Microsoft.Data.SqlClient.TdsParser.TryRun(RunBehavior runBehavior, SqlCommand cmdHandler, SqlDataReader dataStream, BulkCopySimpleResultSet bulkCopyHandler, TdsParserStateObject stateObj, Boolean& dataReady)
   at Microsoft.Data.SqlClient.SqlDataReader.TryHasMoreRows(Boolean& moreRows)
   at Microsoft.Data.SqlClient.SqlDataReader.TryHasMoreResults(Boolean& moreResults)
   at Microsoft.Data.SqlClient.SqlDataReader.TryNextResult(Boolean& more)
   at Microsoft.Data.SqlClient.SqlDataReader.NextResultAsyncExecute(Task task, Object state)
   at Microsoft.Data.SqlClient.SqlDataReader.InvokeAsyncCall[T](SqlDataReaderBaseAsyncCallContext`1 context)
--- End of stack trace from previous location ---
   at Microsoft.EntityFrameworkCore.Update.AffectedCountModificationCommandBatch.ConsumeAsync(RelationalDataReader reader, CancellationToken cancellationToken)
ClientConnectionId:2be6152f-c9c5-4446-b1a3-34e64006197e
Error Number:2601,State:1,Class:14
   --- End of inner exception stack trace ---
   at Microsoft.EntityFrameworkCore.Update.AffectedCountModificationCommandBatch.ConsumeAsync(RelationalDataReader reader, CancellationToken cancellationToken)
   at Microsoft.EntityFrameworkCore.Update.ReaderModificationCommandBatch.ExecuteAsync(IRelationalConnection connection, CancellationToken cancellationToken)
   at Microsoft.EntityFrameworkCore.Update.ReaderModificationCommandBatch.ExecuteAsync(IRelationalConnection connection, CancellationToken cancellationToken)
   at Microsoft.EntityFrameworkCore.SqlServer.Update.Internal.SqlServerModificationCommandBatch.ExecuteAsync(IRelationalConnection connection, CancellationToken cancellationToken)
   at Microsoft.EntityFrameworkCore.Update.Internal.BatchExecutor.ExecuteAsync(IEnumerable`1 commandBatches, IRelationalConnection connection, CancellationToken cancellationToken)
   at Microsoft.EntityFrameworkCore.Update.Internal.BatchExecutor.ExecuteAsync(IEnumerable`1 commandBatches, IRelationalConnection connection, CancellationToken cancellationToken)
   at Microsoft.EntityFrameworkCore.Update.Internal.BatchExecutor.ExecuteAsync(IEnumerable`1 commandBatches, IRelationalConnection connection, CancellationToken cancellationToken)
   at Microsoft.EntityFrameworkCore.ChangeTracking.Internal.StateManager.SaveChangesAsync(IList`1 entriesToSave, CancellationToken cancellationToken)
   at Microsoft.EntityFrameworkCore.ChangeTracking.Internal.StateManager.SaveChangesAsync(StateManager stateManager, Boolean acceptAllChangesOnSuccess, CancellationToken cancellationToken)
   at Microsoft.EntityFrameworkCore.Storage.ExecutionStrategy.<>c__DisplayClass30_0`2.<<ExecuteAsync>b__0>d.MoveNext()
--- End of stack trace from previous location ---
   at Microsoft.EntityFrameworkCore.Storage.ExecutionStrategy.ExecuteImplementationAsync[TState,TResult](Func`4 operation, Func`4 verifySucceeded, TState state, CancellationToken cancellationToken)
   at Microsoft.EntityFrameworkCore.Storage.ExecutionStrategy.ExecuteImplementationAsync[TState,TResult](Func`4 operation, Func`4 verifySucceeded, TState state, CancellationToken cancellationToken)
   at Microsoft.EntityFrameworkCore.Storage.ExecutionStrategy.ExecuteAsync[TState,TResult](TState state, Func`4 operation, Func`4 verifySucceeded, CancellationToken cancellationToken)
   at Microsoft.EntityFrameworkCore.DbContext.SaveChangesAsync(Boolean acceptAllChangesOnSuccess, CancellationToken cancellationToken)
   at Microsoft.EntityFrameworkCore.DbContext.SaveChangesAsync(Boolean acceptAllChangesOnSuccess, CancellationToken cancellationToken)
   at EnglishLearningPlatform.Persistence.UnitOfWork.UnitOfWork.SaveChangesAsync(CancellationToken cancellationToken) in C:\Users\Ravan999\Desktop\Aygun-Final\Final-Project-ReadLingo-Back\EnglishLearningPlatform.Persistence\UnitOfWork\UnitOfWork.cs:line 88
   at EnglishLearningPlatform.Application.Services.ProgressService.UpsertAsync(Guid userId, UpsertUserProgressDto dto, CancellationToken cancellationToken) in C:\Users\Ravan999\Desktop\Aygun-Final\Final-Project-ReadLingo-Back\EnglishLearningPlatform.Application\Services\ProgressService .cs:line 78
   at EnglishLearningPlatform.API.Controllers.V1.ProgressController.Upsert(UpsertUserProgressDto dto, CancellationToken cancellationToken) in C:\Users\Ravan999\Desktop\Aygun-Final\Final-Project-ReadLingo-Back\EnglishLearningPlatform.API\Controllers\V1\ProgressController.cs:line 35
   at Microsoft.AspNetCore.Mvc.Infrastructure.ActionMethodExecutor.TaskOfIActionResultExecutor.Execute(ActionContext actionContext, IActionResultTypeMapper mapper, ObjectMethodExecutor executor, Object controller, Object[] arguments)
   at Microsoft.AspNetCore.Mvc.Infrastructure.ControllerActionInvoker.<InvokeActionMethodAsync>g__Awaited|12_0(ControllerActionInvoker invoker, ValueTask`1 actionResultValueTask)
   at Microsoft.AspNetCore.Mvc.Infrastructure.ControllerActionInvoker.<InvokeNextActionFilterAsync>g__Awaited|10_0(ControllerActionInvoker invoker, Task lastTask, State next, Scope scope, Object state, Boolean isCompleted)
   at Microsoft.AspNetCore.Mvc.Infrastructure.ControllerActionInvoker.Rethrow(ActionExecutedContextSealed context)
   at Microsoft.AspNetCore.Mvc.Infrastructure.ControllerActionInvoker.Next(State& next, Scope& scope, Object& state, Boolean& isCompleted)
   at Microsoft.AspNetCore.Mvc.Infrastructure.ControllerActionInvoker.<InvokeInnerFilterAsync>g__Awaited|13_0(ControllerActionInvoker invoker, Task lastTask, State next, Scope scope, Object state, Boolean isCompleted)
   at Microsoft.AspNetCore.Mvc.Infrastructure.ResourceInvoker.<InvokeFilterPipelineAsync>g__Awaited|20_0(ResourceInvoker invoker, Task lastTask, State next, Scope scope, Object state, Boolean isCompleted)
   at Microsoft.AspNetCore.Mvc.Infrastructure.ResourceInvoker.<InvokeAsync>g__Awaited|17_0(ResourceInvoker invoker, Task task, IDisposable scope)
   at Microsoft.AspNetCore.Mvc.Infrastructure.ResourceInvoker.<InvokeAsync>g__Awaited|17_0(ResourceInvoker invoker, Task task, IDisposable scope)
   at Microsoft.AspNetCore.Authorization.AuthorizationMiddleware.Invoke(HttpContext context)
   at Microsoft.AspNetCore.Authentication.AuthenticationMiddleware.Invoke(HttpContext context)
   at Microsoft.AspNetCore.RateLimiting.RateLimitingMiddleware.InvokeInternal(HttpContext context, EnableRateLimitingAttribute enableRateLimitingAttribute)
   at Swashbuckle.AspNetCore.SwaggerUI.SwaggerUIMiddleware.Invoke(HttpContext httpContext)
   at Swashbuckle.AspNetCore.Swagger.SwaggerMiddleware.Invoke(HttpContext httpContext, ISwaggerProvider swaggerProvider)
   at EnglishLearningPlatform.API.Middlewares.RequestLoggingMiddleware.InvokeAsync(HttpContext context) in C:\Users\Ravan999\Desktop\Aygun-Final\Final-Project-ReadLingo-Back\EnglishLearningPlatform.API\Middlewares\RequestLoggingMiddleware.cs:line 24
   at EnglishLearningPlatform.API.Middlewares.ExceptionHandlingMiddleware.InvokeAsync(HttpContext context) in C:\Users\Ravan999\Desktop\Aygun-Final\Final-Project-ReadLingo-Back\EnglishLearningPlatform.API\Middlewares\ExceptionHandlingMiddleware.cs:line 27
2026-08-23 22:57:37.192 +04:00 [ERR] Unhandled exception on /api/v1/progress
Microsoft.EntityFrameworkCore.DbUpdateException: An error occurred while saving the entity changes. See the inner exception for details.
 ---> Microsoft.Data.SqlClient.SqlException (0x80131904): Cannot insert duplicate key row in object 'dbo.UserProgresses' with unique index 'IX_UserProgresses_AppUserId_StoryId'. The duplicate key value is (006f3060-3635-4427-59b4-08def7de3b5b, 886d3625-3650-4b0b-8052-a9c5ca89a0be).
   at Microsoft.Data.SqlClient.SqlConnection.OnError(SqlException exception, Boolean breakConnection, Action`1 wrapCloseInAction)
   at Microsoft.Data.SqlClient.SqlInternalConnection.OnError(SqlException exception, Boolean breakConnection, Action`1 wrapCloseInAction)
   at Microsoft.Data.SqlClient.TdsParser.ThrowExceptionAndWarning(TdsParserStateObject stateObj, SqlCommand command, Boolean callerHasConnectionLock, Boolean asyncClose)
   at Microsoft.Data.SqlClient.TdsParser.TryRun(RunBehavior runBehavior, SqlCommand cmdHandler, SqlDataReader dataStream, BulkCopySimpleResultSet bulkCopyHandler, TdsParserStateObject stateObj, Boolean& dataReady)
   at Microsoft.Data.SqlClient.SqlDataReader.TryHasMoreRows(Boolean& moreRows)
   at Microsoft.Data.SqlClient.SqlDataReader.TryHasMoreResults(Boolean& moreResults)
   at Microsoft.Data.SqlClient.SqlDataReader.TryNextResult(Boolean& more)
   at Microsoft.Data.SqlClient.SqlDataReader.NextResultAsyncExecute(Task task, Object state)
   at Microsoft.Data.SqlClient.SqlDataReader.InvokeAsyncCall[T](SqlDataReaderBaseAsyncCallContext`1 context)
--- End of stack trace from previous location ---
   at Microsoft.EntityFrameworkCore.Update.AffectedCountModificationCommandBatch.ConsumeAsync(RelationalDataReader reader, CancellationToken cancellationToken)
ClientConnectionId:bda86fa8-ae14-4850-b4ef-4a6bb9458334
Error Number:2601,State:1,Class:14
   --- End of inner exception stack trace ---
   at Microsoft.EntityFrameworkCore.Update.AffectedCountModificationCommandBatch.ConsumeAsync(RelationalDataReader reader, CancellationToken cancellationToken)
   at Microsoft.EntityFrameworkCore.Update.ReaderModificationCommandBatch.ExecuteAsync(IRelationalConnection connection, CancellationToken cancellationToken)
   at Microsoft.EntityFrameworkCore.Update.ReaderModificationCommandBatch.ExecuteAsync(IRelationalConnection connection, CancellationToken cancellationToken)
   at Microsoft.EntityFrameworkCore.SqlServer.Update.Internal.SqlServerModificationCommandBatch.ExecuteAsync(IRelationalConnection connection, CancellationToken cancellationToken)
   at Microsoft.EntityFrameworkCore.Update.Internal.BatchExecutor.ExecuteAsync(IEnumerable`1 commandBatches, IRelationalConnection connection, CancellationToken cancellationToken)
   at Microsoft.EntityFrameworkCore.Update.Internal.BatchExecutor.ExecuteAsync(IEnumerable`1 commandBatches, IRelationalConnection connection, CancellationToken cancellationToken)
   at Microsoft.EntityFrameworkCore.Update.Internal.BatchExecutor.ExecuteAsync(IEnumerable`1 commandBatches, IRelationalConnection connection, CancellationToken cancellationToken)
   at Microsoft.EntityFrameworkCore.ChangeTracking.Internal.StateManager.SaveChangesAsync(IList`1 entriesToSave, CancellationToken cancellationToken)
   at Microsoft.EntityFrameworkCore.ChangeTracking.Internal.StateManager.SaveChangesAsync(StateManager stateManager, Boolean acceptAllChangesOnSuccess, CancellationToken cancellationToken)
   at Microsoft.EntityFrameworkCore.Storage.ExecutionStrategy.<>c__DisplayClass30_0`2.<<ExecuteAsync>b__0>d.MoveNext()
--- End of stack trace from previous location ---
   at Microsoft.EntityFrameworkCore.Storage.ExecutionStrategy.ExecuteImplementationAsync[TState,TResult](Func`4 operation, Func`4 verifySucceeded, TState state, CancellationToken cancellationToken)
   at Microsoft.EntityFrameworkCore.Storage.ExecutionStrategy.ExecuteImplementationAsync[TState,TResult](Func`4 operation, Func`4 verifySucceeded, TState state, CancellationToken cancellationToken)
   at Microsoft.EntityFrameworkCore.Storage.ExecutionStrategy.ExecuteAsync[TState,TResult](TState state, Func`4 operation, Func`4 verifySucceeded, CancellationToken cancellationToken)
   at Microsoft.EntityFrameworkCore.DbContext.SaveChangesAsync(Boolean acceptAllChangesOnSuccess, CancellationToken cancellationToken)
   at Microsoft.EntityFrameworkCore.DbContext.SaveChangesAsync(Boolean acceptAllChangesOnSuccess, CancellationToken cancellationToken)
   at EnglishLearningPlatform.Persistence.UnitOfWork.UnitOfWork.SaveChangesAsync(CancellationToken cancellationToken) in C:\Users\Ravan999\Desktop\Aygun-Final\Final-Project-ReadLingo-Back\EnglishLearningPlatform.Persistence\UnitOfWork\UnitOfWork.cs:line 88
   at EnglishLearningPlatform.Application.Services.ProgressService.UpsertAsync(Guid userId, UpsertUserProgressDto dto, CancellationToken cancellationToken) in C:\Users\Ravan999\Desktop\Aygun-Final\Final-Project-ReadLingo-Back\EnglishLearningPlatform.Application\Services\ProgressService .cs:line 78
   at EnglishLearningPlatform.API.Controllers.V1.ProgressController.Upsert(UpsertUserProgressDto dto, CancellationToken cancellationToken) in C:\Users\Ravan999\Desktop\Aygun-Final\Final-Project-ReadLingo-Back\EnglishLearningPlatform.API\Controllers\V1\ProgressController.cs:line 35
   at Microsoft.AspNetCore.Mvc.Infrastructure.ActionMethodExecutor.TaskOfIActionResultExecutor.Execute(ActionContext actionContext, IActionResultTypeMapper mapper, ObjectMethodExecutor executor, Object controller, Object[] arguments)
   at Microsoft.AspNetCore.Mvc.Infrastructure.ControllerActionInvoker.<InvokeActionMethodAsync>g__Awaited|12_0(ControllerActionInvoker invoker, ValueTask`1 actionResultValueTask)
   at Microsoft.AspNetCore.Mvc.Infrastructure.ControllerActionInvoker.<InvokeNextActionFilterAsync>g__Awaited|10_0(ControllerActionInvoker invoker, Task lastTask, State next, Scope scope, Object state, Boolean isCompleted)
   at Microsoft.AspNetCore.Mvc.Infrastructure.ControllerActionInvoker.Rethrow(ActionExecutedContextSealed context)
   at Microsoft.AspNetCore.Mvc.Infrastructure.ControllerActionInvoker.Next(State& next, Scope& scope, Object& state, Boolean& isCompleted)
   at Microsoft.AspNetCore.Mvc.Infrastructure.ControllerActionInvoker.<InvokeInnerFilterAsync>g__Awaited|13_0(ControllerActionInvoker invoker, Task lastTask, State next, Scope scope, Object state, Boolean isCompleted)
   at Microsoft.AspNetCore.Mvc.Infrastructure.ResourceInvoker.<InvokeFilterPipelineAsync>g__Awaited|20_0(ResourceInvoker invoker, Task lastTask, State next, Scope scope, Object state, Boolean isCompleted)
   at Microsoft.AspNetCore.Mvc.Infrastructure.ResourceInvoker.<InvokeAsync>g__Awaited|17_0(ResourceInvoker invoker, Task task, IDisposable scope)
   at Microsoft.AspNetCore.Mvc.Infrastructure.ResourceInvoker.<InvokeAsync>g__Awaited|17_0(ResourceInvoker invoker, Task task, IDisposable scope)
   at Microsoft.AspNetCore.Authorization.AuthorizationMiddleware.Invoke(HttpContext context)
   at Microsoft.AspNetCore.Authentication.AuthenticationMiddleware.Invoke(HttpContext context)
   at Microsoft.AspNetCore.RateLimiting.RateLimitingMiddleware.InvokeInternal(HttpContext context, EnableRateLimitingAttribute enableRateLimitingAttribute)
   at Swashbuckle.AspNetCore.SwaggerUI.SwaggerUIMiddleware.Invoke(HttpContext httpContext)
   at Swashbuckle.AspNetCore.Swagger.SwaggerMiddleware.Invoke(HttpContext httpContext, ISwaggerProvider swaggerProvider)
   at EnglishLearningPlatform.API.Middlewares.RequestLoggingMiddleware.InvokeAsync(HttpContext context) in C:\Users\Ravan999\Desktop\Aygun-Final\Final-Project-ReadLingo-Back\EnglishLearningPlatform.API\Middlewares\RequestLoggingMiddleware.cs:line 24
   at EnglishLearningPlatform.API.Middlewares.ExceptionHandlingMiddleware.InvokeAsync(HttpContext context) in C:\Users\Ravan999\Desktop\Aygun-Final\Final-Project-ReadLingo-Back\EnglishLearningPlatform.API\Middlewares\ExceptionHandlingMiddleware.cs:line 27
2026-08-23 22:57:37.205 +04:00 [INF] OPTIONS /api/v1/progress/streak responded 204 in 0ms (user: anonymous)
2026-08-23 22:57:37.360 +04:00 [INF] GET /api/v1/progress/streak responded 200 in 31ms (user: anonymous)
2026-08-23 22:57:40.879 +04:00 [INF] OPTIONS /api/v1/translations/translate responded 204 in 0ms (user: anonymous)
2026-08-23 22:57:42.937 +04:00 [INF] POST /api/v1/translations/translate responded 200 in 2044ms (user: anonymous)
2026-08-23 22:57:48.296 +04:00 [INF] OPTIONS /api/v1/translations/translate responded 204 in 0ms (user: anonymous)
2026-08-23 22:57:49.886 +04:00 [INF] POST /api/v1/translations/translate responded 200 in 1572ms (user: anonymous)
2026-08-23 22:57:55.863 +04:00 [INF] OPTIONS /api/v1/quizzes/story/886d3625-3650-4b0b-8052-a9c5ca89a0be responded 204 in 0ms (user: anonymous)
2026-08-23 22:57:59.756 +04:00 [INF] GET /api/v1/quizzes/story/886d3625-3650-4b0b-8052-a9c5ca89a0be responded 200 in 3870ms (user: anonymous)
2026-08-23 22:57:59.780 +04:00 [INF] OPTIONS /api/v1/profile responded 204 in 0ms (user: anonymous)
2026-08-23 22:57:59.806 +04:00 [INF] GET /api/v1/profile responded 200 in 13ms (user: anonymous)
2026-08-23 22:58:10.364 +04:00 [INF] OPTIONS /api/v1/profile responded 204 in 0ms (user: anonymous)
2026-08-23 22:58:10.364 +04:00 [INF] OPTIONS /api/v1/profile responded 204 in 0ms (user: anonymous)
2026-08-23 22:58:10.451 +04:00 [INF] PUT /api/v1/profile responded 200 in 68ms (user: anonymous)
2026-08-23 22:58:10.476 +04:00 [INF] PUT /api/v1/profile responded 200 in 18ms (user: anonymous)
2026-08-23 22:58:10.511 +04:00 [INF] GET /api/v1/profile responded 200 in 19ms (user: anonymous)
2026-08-23 22:58:10.538 +04:00 [INF] GET /api/v1/profile responded 200 in 18ms (user: anonymous)
2026-08-23 22:58:10.570 +04:00 [INF] GET /api/v1/profile responded 200 in 22ms (user: anonymous)
2026-08-23 22:58:10.603 +04:00 [INF] GET /api/v1/profile responded 200 in 26ms (user: anonymous)
2026-08-23 22:58:17.273 +04:00 [INF] OPTIONS /api/v1/profile responded 204 in 0ms (user: anonymous)
2026-08-23 22:58:17.274 +04:00 [INF] OPTIONS /api/v1/profile responded 204 in 0ms (user: anonymous)
2026-08-23 22:58:17.303 +04:00 [INF] PUT /api/v1/profile responded 200 in 7ms (user: anonymous)
2026-08-23 22:58:17.333 +04:00 [INF] PUT /api/v1/profile responded 200 in 18ms (user: anonymous)
2026-08-23 22:58:17.380 +04:00 [INF] GET /api/v1/profile responded 200 in 27ms (user: anonymous)
2026-08-23 22:58:17.409 +04:00 [INF] GET /api/v1/profile responded 200 in 20ms (user: anonymous)
2026-08-23 22:58:17.434 +04:00 [INF] GET /api/v1/profile responded 200 in 21ms (user: anonymous)
2026-08-23 22:58:17.457 +04:00 [INF] GET /api/v1/profile responded 200 in 14ms (user: anonymous)
2026-08-23 22:58:18.577 +04:00 [INF] OPTIONS /api/v1/quizzes/record-result responded 204 in 0ms (user: anonymous)
2026-08-23 22:58:18.669 +04:00 [INF] POST /api/v1/quizzes/record-result responded 200 in 86ms (user: anonymous)
2026-08-23 22:58:29.788 +04:00 [INF] OPTIONS /api/v1/profile responded 204 in 0ms (user: anonymous)
2026-08-23 22:58:29.788 +04:00 [INF] OPTIONS /api/v1/stories/886d3625-3650-4b0b-8052-a9c5ca89a0be responded 204 in 0ms (user: anonymous)
2026-08-23 22:58:29.796 +04:00 [INF] OPTIONS /api/v1/profile responded 204 in 0ms (user: anonymous)
2026-08-23 22:58:29.796 +04:00 [INF] OPTIONS /api/v1/favorites responded 204 in 0ms (user: anonymous)
2026-08-23 22:58:29.796 +04:00 [INF] OPTIONS /api/v1/stories/886d3625-3650-4b0b-8052-a9c5ca89a0be responded 204 in 0ms (user: anonymous)
2026-08-23 22:58:29.797 +04:00 [INF] OPTIONS /api/v1/favorites responded 204 in 0ms (user: anonymous)
2026-08-23 22:58:29.817 +04:00 [INF] GET /api/v1/profile responded 200 in 10ms (user: anonymous)
2026-08-23 22:58:29.835 +04:00 [INF] GET /api/v1/stories/886d3625-3650-4b0b-8052-a9c5ca89a0be responded 200 in 15ms (user: anonymous)
2026-08-23 22:58:29.865 +04:00 [INF] GET /api/v1/profile responded 200 in 22ms (user: anonymous)
2026-08-23 22:58:29.869 +04:00 [INF] GET /api/v1/favorites responded 200 in 4ms (user: anonymous)
2026-08-23 22:58:29.878 +04:00 [INF] GET /api/v1/stories/886d3625-3650-4b0b-8052-a9c5ca89a0be responded 200 in 2ms (user: anonymous)
2026-08-23 22:58:29.883 +04:00 [INF] GET /api/v1/favorites responded 200 in 2ms (user: anonymous)
2026-08-23 22:58:30.952 +04:00 [INF] GET /api/v1/stories/886d3625-3650-4b0b-8052-a9c5ca89a0be responded 200 in 4ms (user: anonymous)
2026-08-23 22:58:30.952 +04:00 [INF] GET /api/v1/favorites responded 200 in 5ms (user: anonymous)
2026-08-23 22:58:30.969 +04:00 [INF] GET /api/v1/stories/886d3625-3650-4b0b-8052-a9c5ca89a0be responded 200 in 9ms (user: anonymous)
2026-08-23 22:58:30.969 +04:00 [INF] GET /api/v1/favorites responded 200 in 8ms (user: anonymous)
2026-08-23 22:58:30.971 +04:00 [INF] GET /api/v1/profile responded 200 in 24ms (user: anonymous)
2026-08-23 22:58:30.989 +04:00 [INF] GET /api/v1/profile responded 200 in 11ms (user: anonymous)
2026-08-23 22:58:31.003 +04:00 [INF] GET /api/v1/profile responded 200 in 10ms (user: anonymous)
2026-08-23 22:58:31.004 +04:00 [INF] GET /api/v1/profile responded 200 in 11ms (user: anonymous)
2026-08-23 22:58:31.075 +04:00 [INF] OPTIONS /api/v1/progress responded 204 in 0ms (user: anonymous)
2026-08-23 22:58:31.099 +04:00 [INF] OPTIONS /api/v1/progress responded 204 in 0ms (user: anonymous)
2026-08-23 22:58:31.164 +04:00 [INF] POST /api/v1/progress responded 200 in 37ms (user: anonymous)
2026-08-23 22:58:31.166 +04:00 [INF] POST /api/v1/progress responded 200 in 10ms (user: anonymous)
2026-08-23 22:58:31.175 +04:00 [INF] POST /api/v1/progress responded 200 in 65ms (user: anonymous)
2026-08-23 22:58:31.176 +04:00 [INF] POST /api/v1/progress responded 200 in 70ms (user: anonymous)
2026-08-23 22:58:31.183 +04:00 [INF] OPTIONS /api/v1/progress/reading-history responded 204 in 0ms (user: anonymous)
2026-08-23 22:58:31.195 +04:00 [INF] OPTIONS /api/v1/progress/reading-history responded 204 in 0ms (user: anonymous)
2026-08-23 22:58:31.199 +04:00 [INF] OPTIONS /api/v1/progress/reading-history responded 204 in 0ms (user: anonymous)
2026-08-23 22:58:31.209 +04:00 [INF] OPTIONS /api/v1/progress/reading-history responded 204 in 0ms (user: anonymous)
2026-08-23 22:58:31.221 +04:00 [INF] POST /api/v1/progress/reading-history responded 200 in 7ms (user: anonymous)
2026-08-23 22:58:31.226 +04:00 [INF] POST /api/v1/progress/reading-history responded 200 in 7ms (user: anonymous)
2026-08-23 22:58:31.243 +04:00 [INF] POST /api/v1/progress/reading-history responded 200 in 12ms (user: anonymous)
2026-08-23 22:58:31.247 +04:00 [INF] POST /api/v1/progress/reading-history responded 200 in 9ms (user: anonymous)
2026-08-23 22:58:31.249 +04:00 [INF] OPTIONS /api/v1/progress/streak responded 204 in 0ms (user: anonymous)
2026-08-23 22:58:31.265 +04:00 [INF] OPTIONS /api/v1/progress/streak responded 204 in 0ms (user: anonymous)
2026-08-23 22:58:31.270 +04:00 [INF] OPTIONS /api/v1/progress/streak responded 204 in 0ms (user: anonymous)
2026-08-23 22:58:31.278 +04:00 [INF] OPTIONS /api/v1/progress/streak responded 204 in 0ms (user: anonymous)
2026-08-23 22:58:31.293 +04:00 [INF] GET /api/v1/progress/streak responded 200 in 10ms (user: anonymous)
2026-08-23 22:58:31.301 +04:00 [INF] GET /api/v1/progress/streak responded 200 in 5ms (user: anonymous)
2026-08-23 22:58:31.315 +04:00 [INF] GET /api/v1/progress/streak responded 200 in 7ms (user: anonymous)
2026-08-23 22:58:31.317 +04:00 [INF] GET /api/v1/progress/streak responded 200 in 10ms (user: anonymous)
2026-08-23 22:58:34.122 +04:00 [INF] GET /api/v1/stories/886d3625-3650-4b0b-8052-a9c5ca89a0be responded 200 in 3ms (user: anonymous)
2026-08-23 22:58:34.122 +04:00 [INF] GET /api/v1/favorites responded 200 in 3ms (user: anonymous)
2026-08-23 22:58:34.129 +04:00 [INF] GET /api/v1/stories/886d3625-3650-4b0b-8052-a9c5ca89a0be responded 200 in 2ms (user: anonymous)
2026-08-23 22:58:34.129 +04:00 [INF] GET /api/v1/favorites responded 200 in 2ms (user: anonymous)
2026-08-23 22:58:34.129 +04:00 [INF] GET /api/v1/profile responded 200 in 10ms (user: anonymous)
2026-08-23 22:58:34.158 +04:00 [INF] GET /api/v1/profile responded 200 in 22ms (user: anonymous)
2026-08-23 22:58:36.846 +04:00 [INF] OPTIONS /api/v1/stories responded 204 in 0ms (user: anonymous)
2026-08-23 22:58:36.846 +04:00 [INF] OPTIONS /api/v1/profile responded 204 in 0ms (user: anonymous)
2026-08-23 22:58:36.846 +04:00 [INF] OPTIONS /api/v1/profile responded 204 in 0ms (user: anonymous)
2026-08-23 22:58:36.846 +04:00 [INF] OPTIONS /api/v1/favorites responded 204 in 0ms (user: anonymous)
2026-08-23 22:58:36.847 +04:00 [INF] OPTIONS /api/v1/profile responded 204 in 0ms (user: anonymous)
2026-08-23 22:58:36.847 +04:00 [INF] OPTIONS /api/v1/profile responded 204 in 0ms (user: anonymous)
2026-08-23 22:58:36.847 +04:00 [INF] OPTIONS /api/v1/stories responded 204 in 0ms (user: anonymous)
2026-08-23 22:58:36.848 +04:00 [INF] OPTIONS /api/v1/favorites responded 204 in 0ms (user: anonymous)
2026-08-23 22:58:36.868 +04:00 [INF] GET /api/v1/stories responded 200 in 2ms (user: anonymous)
2026-08-23 22:58:36.891 +04:00 [INF] GET /api/v1/profile responded 200 in 13ms (user: anonymous)
2026-08-23 22:58:36.904 +04:00 [INF] GET /api/v1/favorites responded 200 in 6ms (user: anonymous)
2026-08-23 22:58:36.912 +04:00 [INF] GET /api/v1/profile responded 200 in 18ms (user: anonymous)
2026-08-23 22:58:36.927 +04:00 [INF] GET /api/v1/profile responded 200 in 12ms (user: anonymous)
2026-08-23 22:58:36.928 +04:00 [INF] GET /api/v1/stories responded 200 in 1ms (user: anonymous)
2026-08-23 22:58:36.928 +04:00 [INF] GET /api/v1/profile responded 200 in 11ms (user: anonymous)
2026-08-23 22:58:36.939 +04:00 [INF] GET /api/v1/favorites responded 200 in 6ms (user: anonymous)
2026-08-23 22:58:39.368 +04:00 [INF] OPTIONS /api/v1/story-categories responded 204 in 0ms (user: anonymous)
2026-08-23 22:58:39.369 +04:00 [INF] OPTIONS /api/v1/story-categories responded 204 in 0ms (user: anonymous)
2026-08-23 22:58:39.372 +04:00 [INF] GET /api/v1/stories responded 200 in 1ms (user: anonymous)
2026-08-23 22:58:39.377 +04:00 [INF] GET /api/v1/favorites responded 200 in 6ms (user: anonymous)
2026-08-23 22:58:39.378 +04:00 [INF] GET /api/v1/stories responded 200 in 2ms (user: anonymous)
2026-08-23 22:58:39.384 +04:00 [INF] GET /api/v1/profile responded 200 in 14ms (user: anonymous)
2026-08-23 22:58:39.390 +04:00 [INF] GET /api/v1/favorites responded 200 in 7ms (user: anonymous)
2026-08-23 22:58:39.391 +04:00 [INF] GET /api/v1/story-categories responded 200 in 1ms (user: anonymous)
2026-08-23 22:58:39.410 +04:00 [INF] GET /api/v1/story-categories responded 200 in 1ms (user: anonymous)
2026-08-23 22:58:39.413 +04:00 [INF] GET /api/v1/profile responded 200 in 23ms (user: anonymous)
2026-08-23 22:58:41.304 +04:00 [INF] OPTIONS /api/v1/stories/ff71137a-c796-499b-9a8e-5cc111b19174 responded 204 in 0ms (user: anonymous)
2026-08-23 22:58:41.305 +04:00 [INF] OPTIONS /api/v1/stories/ff71137a-c796-499b-9a8e-5cc111b19174 responded 204 in 0ms (user: anonymous)
2026-08-23 22:58:41.310 +04:00 [INF] GET /api/v1/favorites responded 200 in 4ms (user: anonymous)
2026-08-23 22:58:41.321 +04:00 [INF] GET /api/v1/favorites responded 200 in 6ms (user: anonymous)
2026-08-23 22:58:41.322 +04:00 [INF] GET /api/v1/profile responded 200 in 17ms (user: anonymous)
2026-08-23 22:58:41.355 +04:00 [INF] GET /api/v1/stories/ff71137a-c796-499b-9a8e-5cc111b19174 responded 200 in 13ms (user: anonymous)
2026-08-23 22:58:41.360 +04:00 [INF] GET /api/v1/profile responded 200 in 18ms (user: anonymous)
2026-08-23 22:58:41.365 +04:00 [INF] GET /api/v1/stories/ff71137a-c796-499b-9a8e-5cc111b19174 responded 200 in 5ms (user: anonymous)
2026-08-23 22:58:42.954 +04:00 [INF] OPTIONS /api/v1/profile responded 204 in 0ms (user: anonymous)
2026-08-23 22:58:42.955 +04:00 [INF] OPTIONS /api/v1/favorites responded 204 in 0ms (user: anonymous)
2026-08-23 22:58:42.955 +04:00 [INF] OPTIONS /api/v1/profile responded 204 in 0ms (user: anonymous)
2026-08-23 22:58:42.955 +04:00 [INF] OPTIONS /api/v1/profile responded 204 in 0ms (user: anonymous)
2026-08-23 22:58:42.956 +04:00 [INF] OPTIONS /api/v1/favorites responded 204 in 0ms (user: anonymous)
2026-08-23 22:58:42.956 +04:00 [INF] OPTIONS /api/v1/profile responded 204 in 0ms (user: anonymous)
2026-08-23 22:58:42.962 +04:00 [INF] GET /api/v1/stories/ff71137a-c796-499b-9a8e-5cc111b19174 responded 200 in 5ms (user: anonymous)
2026-08-23 22:58:42.976 +04:00 [INF] GET /api/v1/stories/ff71137a-c796-499b-9a8e-5cc111b19174 responded 200 in 9ms (user: anonymous)
2026-08-23 22:58:42.998 +04:00 [INF] GET /api/v1/profile responded 200 in 13ms (user: anonymous)
2026-08-23 22:58:43.004 +04:00 [INF] GET /api/v1/favorites responded 200 in 5ms (user: anonymous)
2026-08-23 22:58:43.030 +04:00 [INF] GET /api/v1/profile responded 200 in 16ms (user: anonymous)
2026-08-23 22:58:43.043 +04:00 [INF] GET /api/v1/profile responded 200 in 10ms (user: anonymous)
2026-08-23 22:58:43.049 +04:00 [INF] GET /api/v1/favorites responded 200 in 3ms (user: anonymous)
2026-08-23 22:58:43.073 +04:00 [INF] GET /api/v1/profile responded 200 in 14ms (user: anonymous)
2026-08-23 22:58:43.129 +04:00 [INF] OPTIONS /api/v1/progress responded 204 in 0ms (user: anonymous)
2026-08-23 22:58:43.183 +04:00 [INF] OPTIONS /api/v1/progress responded 204 in 0ms (user: anonymous)
2026-08-23 22:58:43.233 +04:00 [INF] POST /api/v1/progress responded 200 in 30ms (user: anonymous)
2026-08-23 22:58:43.244 +04:00 [INF] POST /api/v1/progress responded 200 in 35ms (user: anonymous)
2026-08-23 22:58:43.245 +04:00 [INF] POST /api/v1/progress responded 200 in 51ms (user: anonymous)
2026-08-23 22:58:43.255 +04:00 [INF] POST /api/v1/progress responded 200 in 15ms (user: anonymous)
2026-08-23 22:58:43.262 +04:00 [INF] OPTIONS /api/v1/progress/reading-history responded 204 in 0ms (user: anonymous)
2026-08-23 22:58:43.277 +04:00 [INF] OPTIONS /api/v1/progress/reading-history responded 204 in 0ms (user: anonymous)
2026-08-23 22:58:43.286 +04:00 [INF] OPTIONS /api/v1/progress/reading-history responded 204 in 0ms (user: anonymous)
2026-08-23 22:58:43.292 +04:00 [INF] OPTIONS /api/v1/progress/reading-history responded 204 in 0ms (user: anonymous)
2026-08-23 22:58:43.305 +04:00 [INF] POST /api/v1/progress/reading-history responded 200 in 9ms (user: anonymous)
2026-08-23 22:58:43.311 +04:00 [INF] POST /api/v1/progress/reading-history responded 200 in 5ms (user: anonymous)
2026-08-23 22:58:43.323 +04:00 [INF] POST /api/v1/progress/reading-history responded 200 in 12ms (user: anonymous)
2026-08-23 22:58:43.330 +04:00 [INF] POST /api/v1/progress/reading-history responded 200 in 5ms (user: anonymous)
2026-08-23 22:58:43.340 +04:00 [INF] OPTIONS /api/v1/progress/streak responded 204 in 0ms (user: anonymous)
2026-08-23 22:58:43.341 +04:00 [INF] OPTIONS /api/v1/progress/streak responded 204 in 0ms (user: anonymous)
2026-08-23 22:58:43.353 +04:00 [INF] OPTIONS /api/v1/progress/streak responded 204 in 0ms (user: anonymous)
2026-08-23 22:58:43.359 +04:00 [INF] OPTIONS /api/v1/progress/streak responded 204 in 0ms (user: anonymous)
2026-08-23 22:58:43.378 +04:00 [INF] GET /api/v1/progress/streak responded 200 in 7ms (user: anonymous)
2026-08-23 22:58:43.396 +04:00 [INF] GET /api/v1/progress/streak responded 200 in 10ms (user: anonymous)
2026-08-23 22:58:43.407 +04:00 [INF] GET /api/v1/progress/streak responded 200 in 9ms (user: anonymous)
2026-08-23 22:58:43.408 +04:00 [INF] GET /api/v1/progress/streak responded 200 in 10ms (user: anonymous)
2026-08-23 22:58:45.356 +04:00 [INF] OPTIONS /api/v1/quizzes/story/ff71137a-c796-499b-9a8e-5cc111b19174 responded 204 in 0ms (user: anonymous)
2026-08-23 22:58:48.920 +04:00 [INF] GET /api/v1/quizzes/story/ff71137a-c796-499b-9a8e-5cc111b19174 responded 200 in 3549ms (user: anonymous)
2026-08-23 22:58:48.942 +04:00 [INF] OPTIONS /api/v1/profile responded 204 in 0ms (user: anonymous)
2026-08-23 22:58:48.972 +04:00 [INF] GET /api/v1/profile responded 200 in 10ms (user: anonymous)
2026-08-23 22:58:52.699 +04:00 [INF] OPTIONS /api/v1/profile responded 204 in 0ms (user: anonymous)
2026-08-23 22:58:52.699 +04:00 [INF] OPTIONS /api/v1/profile responded 204 in 0ms (user: anonymous)
2026-08-23 22:58:52.733 +04:00 [INF] PUT /api/v1/profile responded 200 in 14ms (user: anonymous)
2026-08-23 22:58:52.751 +04:00 [INF] PUT /api/v1/profile responded 200 in 12ms (user: anonymous)
2026-08-23 22:58:52.791 +04:00 [INF] GET /api/v1/profile responded 200 in 23ms (user: anonymous)
2026-08-23 22:58:52.822 +04:00 [INF] GET /api/v1/profile responded 200 in 28ms (user: anonymous)
2026-08-23 22:58:52.854 +04:00 [INF] GET /api/v1/profile responded 200 in 28ms (user: anonymous)
2026-08-23 22:58:52.878 +04:00 [INF] GET /api/v1/profile responded 200 in 18ms (user: anonymous)
2026-08-23 22:58:55.489 +04:00 [INF] PUT /api/v1/profile responded 200 in 14ms (user: anonymous)
2026-08-23 22:58:55.514 +04:00 [INF] PUT /api/v1/profile responded 200 in 21ms (user: anonymous)
2026-08-23 22:58:55.555 +04:00 [INF] GET /api/v1/profile responded 200 in 24ms (user: anonymous)
2026-08-23 22:58:55.582 +04:00 [INF] GET /api/v1/profile responded 200 in 23ms (user: anonymous)
2026-08-23 22:58:55.609 +04:00 [INF] GET /api/v1/profile responded 200 in 21ms (user: anonymous)
2026-08-23 22:58:55.638 +04:00 [INF] GET /api/v1/profile responded 200 in 19ms (user: anonymous)
2026-08-23 22:58:59.736 +04:00 [INF] OPTIONS /api/v1/profile responded 204 in 0ms (user: anonymous)
2026-08-23 22:58:59.736 +04:00 [INF] OPTIONS /api/v1/profile responded 204 in 0ms (user: anonymous)
2026-08-23 22:58:59.782 +04:00 [INF] PUT /api/v1/profile responded 200 in 26ms (user: anonymous)
2026-08-23 22:58:59.807 +04:00 [INF] PUT /api/v1/profile responded 200 in 17ms (user: anonymous)
2026-08-23 22:58:59.846 +04:00 [INF] GET /api/v1/profile responded 200 in 27ms (user: anonymous)
2026-08-23 22:58:59.871 +04:00 [INF] GET /api/v1/profile responded 200 in 19ms (user: anonymous)
2026-08-23 22:58:59.903 +04:00 [INF] GET /api/v1/profile responded 200 in 24ms (user: anonymous)
2026-08-23 22:58:59.930 +04:00 [INF] GET /api/v1/profile responded 200 in 22ms (user: anonymous)
2026-08-23 22:59:02.739 +04:00 [INF] PUT /api/v1/profile responded 200 in 11ms (user: anonymous)
2026-08-23 22:59:02.757 +04:00 [INF] PUT /api/v1/profile responded 200 in 14ms (user: anonymous)
2026-08-23 22:59:02.787 +04:00 [INF] GET /api/v1/profile responded 200 in 21ms (user: anonymous)
2026-08-23 22:59:02.821 +04:00 [INF] GET /api/v1/profile responded 200 in 22ms (user: anonymous)
2026-08-23 22:59:02.850 +04:00 [INF] GET /api/v1/profile responded 200 in 24ms (user: anonymous)
2026-08-23 22:59:02.887 +04:00 [INF] GET /api/v1/profile responded 200 in 27ms (user: anonymous)
2026-08-23 22:59:04.271 +04:00 [INF] OPTIONS /api/v1/quizzes/record-result responded 204 in 0ms (user: anonymous)
2026-08-23 22:59:04.286 +04:00 [INF] POST /api/v1/quizzes/record-result responded 429 in 2ms (user: anonymous)
2026-08-23 22:59:07.178 +04:00 [INF] OPTIONS /api/v1/progress responded 204 in 0ms (user: anonymous)
2026-08-23 22:59:07.204 +04:00 [INF] POST /api/v1/progress responded 429 in 1ms (user: anonymous)
2026-08-23 22:59:08.215 +04:00 [INF] OPTIONS /api/v1/profile responded 204 in 0ms (user: anonymous)
2026-08-23 22:59:08.215 +04:00 [INF] OPTIONS /api/v1/profile responded 204 in 0ms (user: anonymous)
2026-08-23 22:59:08.215 +04:00 [INF] OPTIONS /api/v1/stories responded 204 in 0ms (user: anonymous)
2026-08-23 22:59:08.215 +04:00 [INF] OPTIONS /api/v1/favorites responded 204 in 0ms (user: anonymous)
2026-08-23 22:59:08.217 +04:00 [INF] OPTIONS /api/v1/profile responded 204 in 0ms (user: anonymous)
2026-08-23 22:59:08.218 +04:00 [INF] OPTIONS /api/v1/profile responded 204 in 0ms (user: anonymous)
2026-08-23 22:59:08.219 +04:00 [INF] OPTIONS /api/v1/stories responded 204 in 0ms (user: anonymous)
2026-08-23 22:59:08.223 +04:00 [INF] OPTIONS /api/v1/favorites responded 204 in 0ms (user: anonymous)
2026-08-23 22:59:08.235 +04:00 [INF] GET /api/v1/profile responded 429 in 0ms (user: anonymous)
2026-08-23 22:59:08.271 +04:00 [INF] GET /api/v1/stories responded 429 in 0ms (user: anonymous)
2026-08-23 22:59:08.289 +04:00 [INF] GET /api/v1/favorites responded 429 in 0ms (user: anonymous)
2026-08-23 22:59:08.350 +04:00 [INF] GET /api/v1/profile responded 429 in 0ms (user: anonymous)
2026-08-23 22:59:08.363 +04:00 [INF] GET /api/v1/stories responded 429 in 0ms (user: anonymous)
2026-08-23 22:59:08.375 +04:00 [INF] GET /api/v1/favorites responded 429 in 0ms (user: anonymous)
2026-08-23 22:59:08.393 +04:00 [INF] GET /api/v1/profile responded 429 in 0ms (user: anonymous)
2026-08-23 22:59:08.429 +04:00 [INF] GET /api/v1/profile responded 429 in 0ms (user: anonymous)
2026-08-23 22:59:13.440 +04:00 [INF] OPTIONS /api/v1/profile responded 204 in 0ms (user: anonymous)
2026-08-23 22:59:13.446 +04:00 [INF] OPTIONS /api/v1/favorites responded 204 in 0ms (user: anonymous)
2026-08-23 22:59:13.446 +04:00 [INF] OPTIONS /api/v1/story-categories responded 204 in 0ms (user: anonymous)
2026-08-23 22:59:13.446 +04:00 [INF] OPTIONS /api/v1/stories responded 204 in 0ms (user: anonymous)
2026-08-23 22:59:13.447 +04:00 [INF] OPTIONS /api/v1/profile responded 204 in 0ms (user: anonymous)
2026-08-23 22:59:13.447 +04:00 [INF] OPTIONS /api/v1/stories responded 204 in 0ms (user: anonymous)
2026-08-23 22:59:13.447 +04:00 [INF] OPTIONS /api/v1/favorites responded 204 in 0ms (user: anonymous)
2026-08-23 22:59:13.447 +04:00 [INF] OPTIONS /api/v1/story-categories responded 204 in 0ms (user: anonymous)
2026-08-23 22:59:13.469 +04:00 [INF] GET /api/v1/profile responded 429 in 0ms (user: anonymous)
2026-08-23 22:59:13.485 +04:00 [INF] GET /api/v1/favorites responded 429 in 0ms (user: anonymous)
2026-08-23 22:59:13.505 +04:00 [INF] GET /api/v1/story-categories responded 429 in 0ms (user: anonymous)
2026-08-23 22:59:13.523 +04:00 [INF] GET /api/v1/stories responded 429 in 0ms (user: anonymous)
2026-08-23 22:59:13.592 +04:00 [INF] GET /api/v1/profile responded 429 in 0ms (user: anonymous)
2026-08-23 22:59:13.607 +04:00 [INF] GET /api/v1/favorites responded 429 in 0ms (user: anonymous)
2026-08-23 22:59:13.622 +04:00 [INF] GET /api/v1/story-categories responded 429 in 0ms (user: anonymous)
2026-08-23 22:59:13.638 +04:00 [INF] GET /api/v1/stories responded 429 in 0ms (user: anonymous)
2026-08-23 22:59:16.017 +04:00 [INF] GET /api/v1/favorites responded 429 in 0ms (user: anonymous)
2026-08-23 22:59:16.017 +04:00 [INF] GET /api/v1/profile responded 429 in 0ms (user: anonymous)
2026-08-23 22:59:16.017 +04:00 [INF] GET /api/v1/stories responded 429 in 0ms (user: anonymous)
2026-08-23 22:59:16.017 +04:00 [INF] GET /api/v1/story-categories responded 429 in 0ms (user: anonymous)
2026-08-23 22:59:16.038 +04:00 [INF] GET /api/v1/favorites responded 429 in 0ms (user: anonymous)
2026-08-23 22:59:16.049 +04:00 [INF] GET /api/v1/profile responded 429 in 0ms (user: anonymous)
2026-08-23 22:59:16.061 +04:00 [INF] GET /api/v1/stories responded 429 in 0ms (user: anonymous)
2026-08-23 22:59:16.074 +04:00 [INF] GET /api/v1/story-categories responded 429 in 0ms (user: anonymous)
2026-08-23 22:59:17.102 +04:00 [INF] GET /api/v1/profile responded 429 in 0ms (user: anonymous)
2026-08-23 22:59:17.102 +04:00 [INF] GET /api/v1/stories responded 429 in 0ms (user: anonymous)
2026-08-23 22:59:17.102 +04:00 [INF] GET /api/v1/story-categories responded 429 in 0ms (user: anonymous)
2026-08-23 22:59:17.103 +04:00 [INF] GET /api/v1/favorites responded 429 in 0ms (user: anonymous)
2026-08-23 22:59:17.124 +04:00 [INF] GET /api/v1/profile responded 429 in 0ms (user: anonymous)
2026-08-23 22:59:17.139 +04:00 [INF] GET /api/v1/stories responded 429 in 0ms (user: anonymous)
2026-08-23 22:59:17.155 +04:00 [INF] GET /api/v1/story-categories responded 429 in 0ms (user: anonymous)
2026-08-23 22:59:17.170 +04:00 [INF] GET /api/v1/favorites responded 429 in 0ms (user: anonymous)
2026-08-23 22:59:20.607 +04:00 [INF] OPTIONS /api/v1/auth/logout responded 204 in 0ms (user: anonymous)
2026-08-23 22:59:20.627 +04:00 [INF] POST /api/v1/auth/logout responded 429 in 0ms (user: anonymous)
2026-08-23 22:59:24.498 +04:00 [INF] OPTIONS /api/v1/auth/login responded 204 in 0ms (user: anonymous)
2026-08-23 22:59:24.661 +04:00 [INF] POST /api/v1/auth/login responded 200 in 145ms (user: anonymous)
2026-08-23 22:59:24.698 +04:00 [INF] OPTIONS /api/v1/profile responded 204 in 0ms (user: anonymous)
2026-08-23 22:59:24.698 +04:00 [INF] OPTIONS /api/v1/stories responded 204 in 0ms (user: anonymous)
2026-08-23 22:59:24.698 +04:00 [INF] OPTIONS /api/v1/profile responded 204 in 0ms (user: anonymous)
2026-08-23 22:59:24.699 +04:00 [INF] OPTIONS /api/v1/profile responded 204 in 0ms (user: anonymous)
2026-08-23 22:59:24.699 +04:00 [INF] OPTIONS /api/v1/favorites responded 204 in 0ms (user: anonymous)
2026-08-23 22:59:24.699 +04:00 [INF] OPTIONS /api/v1/profile responded 204 in 0ms (user: anonymous)
2026-08-23 22:59:24.699 +04:00 [INF] OPTIONS /api/v1/stories responded 204 in 0ms (user: anonymous)
2026-08-23 22:59:24.700 +04:00 [INF] OPTIONS /api/v1/favorites responded 204 in 0ms (user: anonymous)
2026-08-23 22:59:24.737 +04:00 [INF] GET /api/v1/profile responded 200 in 12ms (user: anonymous)
2026-08-23 22:59:24.744 +04:00 [INF] GET /api/v1/stories responded 200 in 2ms (user: anonymous)
2026-08-23 22:59:24.763 +04:00 [INF] GET /api/v1/profile responded 200 in 9ms (user: anonymous)
2026-08-23 22:59:24.784 +04:00 [INF] GET /api/v1/profile responded 200 in 17ms (user: anonymous)
2026-08-23 22:59:24.795 +04:00 [INF] GET /api/v1/favorites responded 200 in 7ms (user: anonymous)
2026-08-23 22:59:24.816 +04:00 [INF] GET /api/v1/profile responded 200 in 15ms (user: anonymous)
2026-08-23 22:59:24.819 +04:00 [INF] GET /api/v1/stories responded 200 in 0ms (user: anonymous)
2026-08-23 22:59:24.834 +04:00 [INF] GET /api/v1/favorites responded 200 in 3ms (user: anonymous)
2026-08-23 22:59:27.348 +04:00 [INF] OPTIONS /api/v1/story-categories responded 204 in 0ms (user: anonymous)
2026-08-23 22:59:27.348 +04:00 [INF] OPTIONS /api/v1/story-categories responded 204 in 0ms (user: anonymous)
2026-08-23 22:59:27.355 +04:00 [INF] GET /api/v1/favorites responded 200 in 6ms (user: anonymous)
2026-08-23 22:59:27.359 +04:00 [INF] GET /api/v1/stories responded 200 in 11ms (user: anonymous)
2026-08-23 22:59:27.363 +04:00 [INF] GET /api/v1/favorites responded 200 in 4ms (user: anonymous)
2026-08-23 22:59:27.363 +04:00 [INF] GET /api/v1/profile responded 200 in 15ms (user: anonymous)
2026-08-23 22:59:27.364 +04:00 [INF] GET /api/v1/stories responded 200 in 1ms (user: anonymous)
2026-08-23 22:59:27.391 +04:00 [INF] GET /api/v1/profile responded 200 in 13ms (user: anonymous)
2026-08-23 22:59:27.427 +04:00 [INF] GET /api/v1/story-categories responded 200 in 48ms (user: anonymous)
2026-08-23 22:59:27.433 +04:00 [INF] GET /api/v1/story-categories responded 200 in 1ms (user: anonymous)
2026-08-23 22:59:28.192 +04:00 [INF] OPTIONS /api/v1/chat/usage responded 204 in 0ms (user: anonymous)
2026-08-23 22:59:28.192 +04:00 [INF] OPTIONS /api/v1/chat/conversations responded 204 in 0ms (user: anonymous)
2026-08-23 22:59:28.192 +04:00 [INF] OPTIONS /api/v1/chat/conversations responded 204 in 0ms (user: anonymous)
2026-08-23 22:59:28.193 +04:00 [INF] OPTIONS /api/v1/chat/usage responded 204 in 0ms (user: anonymous)
2026-08-23 22:59:28.207 +04:00 [INF] GET /api/v1/profile responded 200 in 13ms (user: anonymous)
2026-08-23 22:59:28.230 +04:00 [INF] GET /api/v1/profile responded 200 in 16ms (user: anonymous)
2026-08-23 22:59:28.244 +04:00 [INF] GET /api/v1/chat/conversations responded 200 in 11ms (user: anonymous)
2026-08-23 22:59:28.256 +04:00 [INF] GET /api/v1/chat/conversations responded 200 in 7ms (user: anonymous)
2026-08-23 22:59:28.265 +04:00 [INF] GET /api/v1/chat/usage responded 200 in 50ms (user: anonymous)
2026-08-23 22:59:28.285 +04:00 [INF] GET /api/v1/chat/usage responded 200 in 13ms (user: anonymous)
2026-08-23 22:59:30.967 +04:00 [INF] OPTIONS /api/v1/vocabularies responded 204 in 0ms (user: anonymous)
2026-08-23 22:59:30.967 +04:00 [INF] OPTIONS /api/v1/profile responded 204 in 0ms (user: anonymous)
2026-08-23 22:59:30.967 +04:00 [INF] OPTIONS /api/v1/profile responded 204 in 0ms (user: anonymous)
2026-08-23 22:59:30.967 +04:00 [INF] OPTIONS /api/v1/vocabularies responded 204 in 0ms (user: anonymous)
2026-08-23 22:59:31.032 +04:00 [INF] GET /api/v1/profile responded 200 in 14ms (user: anonymous)
2026-08-23 22:59:31.055 +04:00 [INF] GET /api/v1/profile responded 200 in 19ms (user: anonymous)
2026-08-23 22:59:31.161 +04:00 [INF] GET /api/v1/vocabularies responded 200 in 157ms (user: anonymous)
2026-08-23 22:59:31.185 +04:00 [INF] GET /api/v1/vocabularies responded 200 in 19ms (user: anonymous)
2026-08-23 22:59:31.251 +04:00 [INF] GET /api/v1/vocabularies responded 200 in 18ms (user: anonymous)
2026-08-23 22:59:31.272 +04:00 [INF] GET /api/v1/vocabularies responded 200 in 17ms (user: anonymous)
2026-08-23 22:59:31.317 +04:00 [INF] OPTIONS /api/v1/translations/translate responded 204 in 0ms (user: anonymous)
2026-08-23 22:59:33.017 +04:00 [INF] POST /api/v1/translations/translate responded 200 in 1658ms (user: anonymous)
2026-08-23 22:59:50.633 +04:00 [INF] OPTIONS /api/v1/profile responded 204 in 0ms (user: anonymous)
2026-08-23 22:59:50.633 +04:00 [INF] OPTIONS /api/v1/leaderboard responded 204 in 0ms (user: anonymous)
2026-08-23 22:59:50.633 +04:00 [INF] OPTIONS /api/v1/profile responded 204 in 0ms (user: anonymous)
2026-08-23 22:59:50.633 +04:00 [INF] OPTIONS /api/v1/leaderboard responded 204 in 0ms (user: anonymous)
2026-08-23 22:59:50.633 +04:00 [INF] OPTIONS /api/v1/profile responded 204 in 0ms (user: anonymous)
2026-08-23 22:59:50.633 +04:00 [INF] OPTIONS /api/v1/profile responded 204 in 0ms (user: anonymous)
2026-08-23 22:59:50.660 +04:00 [INF] GET /api/v1/profile responded 200 in 11ms (user: anonymous)
2026-08-23 22:59:50.689 +04:00 [INF] GET /api/v1/profile responded 200 in 16ms (user: anonymous)
2026-08-23 22:59:50.719 +04:00 [INF] GET /api/v1/profile responded 200 in 16ms (user: anonymous)
2026-08-23 22:59:50.736 +04:00 [INF] GET /api/v1/profile responded 200 in 11ms (user: anonymous)
2026-08-23 22:59:50.791 +04:00 [INF] GET /api/v1/leaderboard responded 200 in 123ms (user: anonymous)
2026-08-23 22:59:50.821 +04:00 [INF] GET /api/v1/leaderboard responded 200 in 25ms (user: anonymous)
2026-08-23 22:59:54.355 +04:00 [INF] GET /api/v1/profile responded 200 in 12ms (user: anonymous)
2026-08-23 22:59:54.371 +04:00 [INF] GET /api/v1/profile responded 200 in 11ms (user: anonymous)
2026-08-23 22:59:54.390 +04:00 [INF] GET /api/v1/profile responded 200 in 15ms (user: anonymous)
2026-08-23 22:59:54.390 +04:00 [INF] GET /api/v1/profile responded 200 in 15ms (user: anonymous)
2026-08-23 22:59:54.407 +04:00 [INF] GET /api/v1/profile responded 200 in 14ms (user: anonymous)
2026-08-23 22:59:54.455 +04:00 [INF] GET /api/v1/profile responded 200 in 14ms (user: anonymous)
2026-08-23 22:59:58.117 +04:00 [INF] OPTIONS /api/v1/profile responded 204 in 0ms (user: anonymous)
2026-08-23 22:59:58.117 +04:00 [INF] OPTIONS /api/v1/profile responded 204 in 0ms (user: anonymous)
2026-08-23 22:59:58.117 +04:00 [INF] OPTIONS /api/v1/vocabularies responded 204 in 0ms (user: anonymous)
2026-08-23 22:59:58.117 +04:00 [INF] OPTIONS /api/v1/vocabularies responded 204 in 0ms (user: anonymous)
2026-08-23 22:59:58.156 +04:00 [INF] GET /api/v1/profile responded 200 in 16ms (user: anonymous)
2026-08-23 22:59:58.170 +04:00 [INF] GET /api/v1/profile responded 200 in 10ms (user: anonymous)
2026-08-23 22:59:58.190 +04:00 [INF] GET /api/v1/vocabularies responded 200 in 17ms (user: anonymous)
2026-08-23 22:59:58.206 +04:00 [INF] GET /api/v1/vocabularies responded 200 in 13ms (user: anonymous)
2026-08-23 22:59:58.298 +04:00 [INF] GET /api/v1/vocabularies responded 200 in 13ms (user: anonymous)
2026-08-23 22:59:58.376 +04:00 [INF] GET /api/v1/vocabularies responded 200 in 74ms (user: anonymous)
2026-08-23 22:59:58.439 +04:00 [INF] OPTIONS /api/v1/translations/translate responded 204 in 0ms (user: anonymous)
2026-08-23 23:00:00.682 +04:00 [INF] POST /api/v1/translations/translate responded 200 in 2169ms (user: anonymous)
2026-08-23 23:00:00.706 +04:00 [INF] OPTIONS /api/v1/leaderboard responded 204 in 0ms (user: anonymous)
2026-08-23 23:00:00.706 +04:00 [INF] OPTIONS /api/v1/leaderboard responded 204 in 0ms (user: anonymous)
2026-08-23 23:00:00.723 +04:00 [INF] GET /api/v1/profile responded 200 in 17ms (user: anonymous)
2026-08-23 23:00:00.747 +04:00 [INF] GET /api/v1/profile responded 200 in 16ms (user: anonymous)
2026-08-23 23:00:00.777 +04:00 [INF] GET /api/v1/profile responded 200 in 25ms (user: anonymous)
2026-08-23 23:00:00.777 +04:00 [INF] GET /api/v1/profile responded 200 in 25ms (user: anonymous)
2026-08-23 23:00:00.781 +04:00 [INF] GET /api/v1/leaderboard responded 200 in 50ms (user: anonymous)
2026-08-23 23:00:00.810 +04:00 [INF] GET /api/v1/leaderboard responded 200 in 23ms (user: anonymous)
2026-08-23 23:00:04.524 +04:00 [INF] OPTIONS /api/v1/leaderboard/privacy responded 204 in 0ms (user: anonymous)
2026-08-23 23:00:04.570 +04:00 [INF] PATCH /api/v1/leaderboard/privacy responded 200 in 20ms (user: anonymous)
2026-08-23 23:00:04.589 +04:00 [INF] OPTIONS /api/v1/profile responded 204 in 0ms (user: anonymous)
2026-08-23 23:00:04.612 +04:00 [INF] GET /api/v1/profile responded 200 in 7ms (user: anonymous)
2026-08-23 23:00:04.615 +04:00 [INF] GET /api/v1/leaderboard responded 200 in 25ms (user: anonymous)
2026-08-23 23:00:10.705 +04:00 [INF] OPTIONS /api/v1/profile responded 204 in 0ms (user: anonymous)
2026-08-23 23:00:10.705 +04:00 [INF] OPTIONS /api/v1/profile responded 204 in 0ms (user: anonymous)
2026-08-23 23:00:10.705 +04:00 [INF] OPTIONS /api/v1/profile responded 204 in 0ms (user: anonymous)
2026-08-23 23:00:10.705 +04:00 [INF] OPTIONS /api/v1/profile responded 204 in 0ms (user: anonymous)
2026-08-23 23:00:10.734 +04:00 [INF] GET /api/v1/profile responded 200 in 12ms (user: anonymous)
2026-08-23 23:00:10.747 +04:00 [INF] GET /api/v1/profile responded 200 in 8ms (user: anonymous)
2026-08-23 23:00:10.773 +04:00 [INF] GET /api/v1/profile responded 200 in 23ms (user: anonymous)
2026-08-23 23:00:10.774 +04:00 [INF] GET /api/v1/profile responded 200 in 22ms (user: anonymous)
2026-08-23 23:00:10.797 +04:00 [INF] GET /api/v1/profile responded 200 in 21ms (user: anonymous)
2026-08-23 23:00:10.848 +04:00 [INF] GET /api/v1/profile responded 200 in 16ms (user: anonymous)
2026-08-23 23:00:11.615 +04:00 [INF] OPTIONS /api/v1/progress/sessions responded 204 in 0ms (user: anonymous)
2026-08-23 23:00:11.615 +04:00 [INF] OPTIONS /api/v1/progress/achievements responded 204 in 0ms (user: anonymous)
2026-08-23 23:00:11.616 +04:00 [INF] OPTIONS /api/v1/profile/badges responded 204 in 0ms (user: anonymous)
2026-08-23 23:00:11.616 +04:00 [INF] OPTIONS /api/v1/progress/sessions responded 204 in 0ms (user: anonymous)
2026-08-23 23:00:11.616 +04:00 [INF] OPTIONS /api/v1/progress/achievements responded 204 in 0ms (user: anonymous)
2026-08-23 23:00:11.616 +04:00 [INF] OPTIONS /api/v1/profile/badges responded 204 in 0ms (user: anonymous)
2026-08-23 23:00:11.632 +04:00 [INF] GET /api/v1/profile responded 200 in 16ms (user: anonymous)
2026-08-23 23:00:11.650 +04:00 [INF] GET /api/v1/progress/sessions responded 404 in 0ms (user: anonymous)
2026-08-23 23:00:11.657 +04:00 [INF] GET /api/v1/profile responded 200 in 19ms (user: anonymous)
2026-08-23 23:00:11.661 +04:00 [INF] GET /api/v1/progress/achievements responded 404 in 0ms (user: anonymous)
2026-08-23 23:00:11.670 +04:00 [INF] GET /api/v1/profile responded 200 in 11ms (user: anonymous)
2026-08-23 23:00:11.672 +04:00 [INF] GET /api/v1/profile responded 200 in 13ms (user: anonymous)
2026-08-23 23:00:11.676 +04:00 [INF] GET /api/v1/profile/badges responded 404 in 0ms (user: anonymous)
2026-08-23 23:00:11.736 +04:00 [INF] GET /api/v1/progress/sessions responded 404 in 0ms (user: anonymous)
2026-08-23 23:00:11.759 +04:00 [INF] GET /api/v1/progress/achievements responded 404 in 0ms (user: anonymous)
2026-08-23 23:00:11.788 +04:00 [INF] GET /api/v1/profile/badges responded 404 in 0ms (user: anonymous)
2026-08-23 23:00:15.167 +04:00 [INF] GET /api/v1/profile responded 200 in 9ms (user: anonymous)
2026-08-23 23:00:15.186 +04:00 [INF] GET /api/v1/profile responded 200 in 15ms (user: anonymous)
2026-08-23 23:00:15.206 +04:00 [INF] GET /api/v1/profile responded 200 in 14ms (user: anonymous)
2026-08-23 23:00:15.224 +04:00 [INF] GET /api/v1/profile responded 200 in 14ms (user: anonymous)
2026-08-23 23:00:19.543 +04:00 [INF] OPTIONS /api/v1/profile responded 204 in 0ms (user: anonymous)
2026-08-23 23:00:19.543 +04:00 [INF] OPTIONS /api/v1/progress/achievements responded 204 in 0ms (user: anonymous)
2026-08-23 23:00:19.544 +04:00 [INF] OPTIONS /api/v1/progress/sessions responded 204 in 0ms (user: anonymous)
2026-08-23 23:00:19.544 +04:00 [INF] OPTIONS /api/v1/profile responded 204 in 0ms (user: anonymous)
2026-08-23 23:00:19.545 +04:00 [INF] OPTIONS /api/v1/profile/badges responded 204 in 0ms (user: anonymous)
2026-08-23 23:00:19.546 +04:00 [INF] OPTIONS /api/v1/profile/badges responded 204 in 0ms (user: anonymous)
2026-08-23 23:00:19.546 +04:00 [INF] OPTIONS /api/v1/progress/achievements responded 204 in 0ms (user: anonymous)
2026-08-23 23:00:19.546 +04:00 [INF] OPTIONS /api/v1/progress/sessions responded 204 in 0ms (user: anonymous)
2026-08-23 23:00:19.546 +04:00 [INF] OPTIONS /api/v1/profile responded 204 in 0ms (user: anonymous)
2026-08-23 23:00:19.546 +04:00 [INF] OPTIONS /api/v1/profile responded 204 in 0ms (user: anonymous)
2026-08-23 23:00:19.576 +04:00 [INF] GET /api/v1/progress/achievements responded 404 in 0ms (user: anonymous)
2026-08-23 23:00:19.576 +04:00 [INF] GET /api/v1/profile responded 200 in 11ms (user: anonymous)
2026-08-23 23:00:19.591 +04:00 [INF] GET /api/v1/progress/sessions responded 404 in 0ms (user: anonymous)
2026-08-23 23:00:19.616 +04:00 [INF] GET /api/v1/profile responded 200 in 11ms (user: anonymous)
2026-08-23 23:00:19.618 +04:00 [INF] GET /api/v1/profile/badges responded 404 in 0ms (user: anonymous)
2026-08-23 23:00:19.698 +04:00 [INF] GET /api/v1/profile responded 200 in 11ms (user: anonymous)
2026-08-23 23:00:19.718 +04:00 [INF] GET /api/v1/profile responded 200 in 12ms (user: anonymous)
2026-08-23 23:00:19.728 +04:00 [INF] GET /api/v1/progress/achievements responded 404 in 1ms (user: anonymous)
2026-08-23 23:00:19.769 +04:00 [INF] GET /api/v1/progress/sessions responded 404 in 0ms (user: anonymous)
2026-08-23 23:00:19.805 +04:00 [INF] GET /api/v1/profile/badges responded 404 in 0ms (user: anonymous)
2026-08-23 23:00:40.931 +04:00 [INF] OPTIONS /api/v1/chat/conversations responded 204 in 0ms (user: anonymous)
2026-08-23 23:00:40.932 +04:00 [INF] OPTIONS /api/v1/profile responded 204 in 0ms (user: anonymous)
2026-08-23 23:00:40.933 +04:00 [INF] OPTIONS /api/v1/chat/usage responded 204 in 0ms (user: anonymous)
2026-08-23 23:00:40.937 +04:00 [INF] OPTIONS /api/v1/profile responded 204 in 0ms (user: anonymous)
2026-08-23 23:00:40.938 +04:00 [INF] OPTIONS /api/v1/chat/usage responded 204 in 0ms (user: anonymous)
2026-08-23 23:00:40.939 +04:00 [INF] OPTIONS /api/v1/chat/conversations responded 204 in 0ms (user: anonymous)
2026-08-23 23:00:40.957 +04:00 [INF] GET /api/v1/chat/conversations responded 200 in 5ms (user: anonymous)
2026-08-23 23:00:40.978 +04:00 [INF] GET /api/v1/profile responded 200 in 15ms (user: anonymous)
2026-08-23 23:00:40.982 +04:00 [INF] GET /api/v1/chat/usage responded 200 in 4ms (user: anonymous)
2026-08-23 23:00:41.006 +04:00 [INF] GET /api/v1/profile responded 200 in 16ms (user: anonymous)
2026-08-23 23:00:41.028 +04:00 [INF] GET /api/v1/chat/usage responded 200 in 14ms (user: anonymous)
2026-08-23 23:00:41.030 +04:00 [INF] GET /api/v1/chat/conversations responded 200 in 5ms (user: anonymous)
2026-08-23 23:00:47.027 +04:00 [INF] OPTIONS /api/v1/chat/messages responded 204 in 0ms (user: anonymous)
2026-08-23 23:00:51.257 +04:00 [INF] POST /api/v1/chat/messages responded 200 in 4214ms (user: anonymous)
2026-08-23 23:00:51.280 +04:00 [INF] OPTIONS /api/v1/chat/conversations responded 204 in 0ms (user: anonymous)
2026-08-23 23:00:51.280 +04:00 [INF] OPTIONS /api/v1/chat/usage responded 204 in 0ms (user: anonymous)
2026-08-23 23:00:51.299 +04:00 [INF] GET /api/v1/chat/conversations responded 200 in 3ms (user: anonymous)
2026-08-23 23:00:51.312 +04:00 [INF] GET /api/v1/chat/usage responded 200 in 5ms (user: anonymous)
2026-08-23 23:00:51.351 +04:00 [INF] OPTIONS /api/v1/chat/conversations/c5a94664-091c-4ab0-989e-c64d23dcdac5/messages responded 204 in 0ms (user: anonymous)
2026-08-23 23:00:51.396 +04:00 [INF] GET /api/v1/chat/conversations/c5a94664-091c-4ab0-989e-c64d23dcdac5/messages responded 200 in 17ms (user: anonymous)
2026-08-23 23:01:07.913 +04:00 [INF] OPTIONS /api/v1/chat/messages responded 204 in 0ms (user: anonymous)
2026-08-23 23:01:12.047 +04:00 [INF] POST /api/v1/chat/messages responded 200 in 4110ms (user: anonymous)
2026-08-23 23:01:12.076 +04:00 [INF] OPTIONS /api/v1/chat/usage responded 204 in 0ms (user: anonymous)
2026-08-23 23:01:12.110 +04:00 [INF] GET /api/v1/chat/usage responded 200 in 4ms (user: anonymous)
2026-08-23 23:01:25.470 +04:00 [INF] OPTIONS /api/v1/profile responded 204 in 0ms (user: anonymous)
2026-08-23 23:01:25.470 +04:00 [INF] OPTIONS /api/v1/vocabularies responded 204 in 0ms (user: anonymous)
2026-08-23 23:01:25.470 +04:00 [INF] OPTIONS /api/v1/profile responded 204 in 0ms (user: anonymous)
2026-08-23 23:01:25.471 +04:00 [INF] OPTIONS /api/v1/vocabularies responded 204 in 0ms (user: anonymous)
2026-08-23 23:01:25.518 +04:00 [INF] GET /api/v1/profile responded 200 in 24ms (user: anonymous)
2026-08-23 23:01:25.535 +04:00 [INF] GET /api/v1/vocabularies responded 200 in 21ms (user: anonymous)
2026-08-23 23:01:25.547 +04:00 [INF] GET /api/v1/profile responded 200 in 17ms (user: anonymous)
2026-08-23 23:01:25.558 +04:00 [INF] GET /api/v1/vocabularies responded 200 in 16ms (user: anonymous)
2026-08-23 23:01:25.638 +04:00 [INF] GET /api/v1/vocabularies responded 200 in 17ms (user: anonymous)
2026-08-23 23:01:25.664 +04:00 [INF] GET /api/v1/vocabularies responded 200 in 21ms (user: anonymous)
2026-08-23 23:01:25.670 +04:00 [INF] OPTIONS /api/v1/translations/translate responded 204 in 0ms (user: anonymous)
2026-08-23 23:01:27.898 +04:00 [INF] POST /api/v1/translations/translate responded 200 in 2161ms (user: anonymous)
2026-08-23 23:01:34.033 +04:00 [INF] OPTIONS /api/v1/profile responded 204 in 0ms (user: anonymous)
2026-08-23 23:01:34.033 +04:00 [INF] OPTIONS /api/v1/stories responded 204 in 0ms (user: anonymous)
2026-08-23 23:01:34.033 +04:00 [INF] OPTIONS /api/v1/favorites responded 204 in 0ms (user: anonymous)
2026-08-23 23:01:34.033 +04:00 [INF] OPTIONS /api/v1/story-categories responded 204 in 0ms (user: anonymous)
2026-08-23 23:01:34.033 +04:00 [INF] OPTIONS /api/v1/profile responded 204 in 0ms (user: anonymous)
2026-08-23 23:01:34.033 +04:00 [INF] OPTIONS /api/v1/stories responded 204 in 0ms (user: anonymous)
2026-08-23 23:01:34.033 +04:00 [INF] OPTIONS /api/v1/favorites responded 204 in 0ms (user: anonymous)
2026-08-23 23:01:34.034 +04:00 [INF] OPTIONS /api/v1/story-categories responded 204 in 0ms (user: anonymous)
2026-08-23 23:01:34.063 +04:00 [INF] GET /api/v1/profile responded 200 in 13ms (user: anonymous)
2026-08-23 23:01:34.074 +04:00 [INF] GET /api/v1/stories responded 200 in 6ms (user: anonymous)
2026-08-23 23:01:34.083 +04:00 [INF] GET /api/v1/favorites responded 200 in 2ms (user: anonymous)
2026-08-23 23:01:34.093 +04:00 [INF] GET /api/v1/story-categories responded 200 in 1ms (user: anonymous)
2026-08-23 23:01:34.124 +04:00 [INF] GET /api/v1/profile responded 200 in 14ms (user: anonymous)
2026-08-23 23:01:34.128 +04:00 [INF] GET /api/v1/stories responded 200 in 1ms (user: anonymous)
2026-08-23 23:01:34.147 +04:00 [INF] GET /api/v1/favorites responded 200 in 4ms (user: anonymous)
2026-08-23 23:01:34.158 +04:00 [INF] GET /api/v1/story-categories responded 200 in 2ms (user: anonymous)
2026-08-23 23:01:36.578 +04:00 [INF] GET /api/v1/stories responded 200 in 1ms (user: anonymous)
2026-08-23 23:01:36.582 +04:00 [INF] GET /api/v1/favorites responded 200 in 4ms (user: anonymous)
2026-08-23 23:01:36.583 +04:00 [INF] GET /api/v1/stories responded 200 in 1ms (user: anonymous)
2026-08-23 23:01:36.591 +04:00 [INF] GET /api/v1/profile responded 200 in 14ms (user: anonymous)
2026-08-23 23:01:36.598 +04:00 [INF] GET /api/v1/favorites responded 200 in 9ms (user: anonymous)
2026-08-23 23:01:36.611 +04:00 [INF] GET /api/v1/profile responded 200 in 12ms (user: anonymous)
2026-08-23 23:01:36.622 +04:00 [INF] GET /api/v1/profile responded 200 in 7ms (user: anonymous)
2026-08-23 23:01:36.625 +04:00 [INF] GET /api/v1/profile responded 200 in 10ms (user: anonymous)
2026-08-23 23:01:37.962 +04:00 [INF] GET /api/v1/story-categories responded 200 in 0ms (user: anonymous)
2026-08-23 23:01:37.962 +04:00 [INF] GET /api/v1/stories responded 200 in 0ms (user: anonymous)
2026-08-23 23:01:37.965 +04:00 [INF] GET /api/v1/favorites responded 200 in 3ms (user: anonymous)
2026-08-23 23:01:37.966 +04:00 [INF] GET /api/v1/stories responded 200 in 1ms (user: anonymous)
2026-08-23 23:01:37.967 +04:00 [INF] GET /api/v1/story-categories responded 200 in 1ms (user: anonymous)
2026-08-23 23:01:37.971 +04:00 [INF] GET /api/v1/favorites responded 200 in 2ms (user: anonymous)
2026-08-23 23:01:37.972 +04:00 [INF] GET /api/v1/profile responded 200 in 11ms (user: anonymous)
2026-08-23 23:01:37.991 +04:00 [INF] GET /api/v1/profile responded 200 in 14ms (user: anonymous)
2026-08-23 23:02:54.715 +04:00 [INF] OPTIONS /api/v1/auth/login responded 204 in 0ms (user: anonymous)
2026-08-23 23:02:54.862 +04:00 [INF] POST /api/v1/auth/login responded 200 in 125ms (user: anonymous)
2026-08-23 23:02:54.881 +04:00 [INF] OPTIONS /api/v1/admin/dashboard responded 204 in 0ms (user: anonymous)
2026-08-23 23:02:55.011 +04:00 [INF] GET /api/v1/admin/dashboard responded 200 in 108ms (user: anonymous)
2026-08-23 23:02:55.107 +04:00 [INF] GET /api/v1/admin/dashboard responded 200 in 14ms (user: anonymous)
2026-08-23 23:02:55.135 +04:00 [INF] GET /api/v1/admin/dashboard responded 200 in 18ms (user: anonymous)
2026-08-23 23:02:55.211 +04:00 [INF] OPTIONS /api/v1/favorites responded 204 in 0ms (user: anonymous)
2026-08-23 23:02:55.211 +04:00 [INF] OPTIONS /api/v1/admin/users responded 204 in 0ms (user: anonymous)
2026-08-23 23:02:55.211 +04:00 [INF] OPTIONS /api/v1/story-categories responded 204 in 0ms (user: anonymous)
2026-08-23 23:02:55.211 +04:00 [INF] OPTIONS /api/v1/stories responded 204 in 0ms (user: anonymous)
2026-08-23 23:02:55.217 +04:00 [INF] OPTIONS /api/v1/story-levels responded 204 in 0ms (user: anonymous)
2026-08-23 23:02:55.217 +04:00 [INF] OPTIONS /api/v1/stories responded 204 in 0ms (user: anonymous)
2026-08-23 23:02:55.217 +04:00 [INF] OPTIONS /api/v1/admin/users responded 204 in 0ms (user: anonymous)
2026-08-23 23:02:55.218 +04:00 [INF] OPTIONS /api/v1/favorites responded 204 in 0ms (user: anonymous)
2026-08-23 23:02:55.218 +04:00 [INF] OPTIONS /api/v1/story-categories responded 204 in 0ms (user: anonymous)
2026-08-23 23:02:55.219 +04:00 [INF] OPTIONS /api/v1/story-levels responded 204 in 0ms (user: anonymous)
2026-08-23 23:02:55.234 +04:00 [INF] GET /api/v1/favorites responded 200 in 5ms (user: anonymous)
2026-08-23 23:02:55.236 +04:00 [INF] GET /api/v1/admin/dashboard responded 200 in 16ms (user: anonymous)
2026-08-23 23:02:55.252 +04:00 [INF] GET /api/v1/story-categories responded 200 in 0ms (user: anonymous)
2026-08-23 23:02:55.261 +04:00 [INF] GET /api/v1/stories responded 200 in 1ms (user: anonymous)
2026-08-23 23:02:55.265 +04:00 [INF] GET /api/v1/admin/dashboard responded 200 in 16ms (user: anonymous)
2026-08-23 23:02:55.284 +04:00 [INF] GET /api/v1/stories responded 200 in 5ms (user: anonymous)
2026-08-23 23:02:55.305 +04:00 [INF] GET /api/v1/favorites responded 200 in 3ms (user: anonymous)
2026-08-23 23:02:55.314 +04:00 [INF] GET /api/v1/story-categories responded 200 in 1ms (user: anonymous)
2026-08-23 23:02:55.382 +04:00 [INF] GET /api/v1/story-levels responded 200 in 115ms (user: anonymous)
2026-08-23 23:02:55.388 +04:00 [INF] GET /api/v1/story-levels responded 200 in 2ms (user: anonymous)
2026-08-23 23:02:55.397 +04:00 [INF] GET /api/v1/admin/users responded 200 in 149ms (user: anonymous)
2026-08-23 23:02:55.418 +04:00 [INF] GET /api/v1/admin/users responded 200 in 17ms (user: anonymous)
2026-08-23 23:03:33.932 +04:00 [INF] OPTIONS /api/v1/stories responded 204 in 0ms (user: anonymous)
2026-08-23 23:03:34.074 +04:00 [INF] POST /api/v1/stories responded 201 in 125ms (user: anonymous)
2026-08-23 23:03:34.099 +04:00 [INF] OPTIONS /api/v1/admin/users responded 204 in 0ms (user: anonymous)
2026-08-23 23:03:34.099 +04:00 [INF] OPTIONS /api/v1/admin/dashboard responded 204 in 0ms (user: anonymous)
2026-08-23 23:03:34.099 +04:00 [INF] OPTIONS /api/v1/favorites responded 204 in 0ms (user: anonymous)
2026-08-23 23:03:34.099 +04:00 [INF] OPTIONS /api/v1/story-categories responded 204 in 0ms (user: anonymous)
2026-08-23 23:03:34.100 +04:00 [INF] OPTIONS /api/v1/story-levels responded 204 in 0ms (user: anonymous)
2026-08-23 23:03:34.118 +04:00 [INF] GET /api/v1/stories responded 200 in 16ms (user: anonymous)
2026-08-23 23:03:34.138 +04:00 [INF] GET /api/v1/admin/users responded 200 in 15ms (user: anonymous)
2026-08-23 23:03:34.144 +04:00 [INF] GET /api/v1/admin/dashboard responded 200 in 10ms (user: anonymous)
2026-08-23 23:03:34.155 +04:00 [INF] GET /api/v1/favorites responded 200 in 4ms (user: anonymous)
2026-08-23 23:03:34.173 +04:00 [INF] GET /api/v1/story-categories responded 200 in 8ms (user: anonymous)
2026-08-23 23:03:34.181 +04:00 [INF] GET /api/v1/story-levels responded 200 in 3ms (user: anonymous)
2026-08-23 23:03:35.846 +04:00 [INF] OPTIONS /api/v1/stories/b8275688-23db-4b68-9789-e180dfb5ca8c responded 204 in 0ms (user: anonymous)
2026-08-23 23:03:35.847 +04:00 [INF] OPTIONS /api/v1/stories/b8275688-23db-4b68-9789-e180dfb5ca8c responded 204 in 0ms (user: anonymous)
2026-08-23 23:03:35.848 +04:00 [INF] GET /api/v1/story-categories responded 200 in 1ms (user: anonymous)
2026-08-23 23:03:35.849 +04:00 [INF] GET /api/v1/story-levels responded 200 in 1ms (user: anonymous)
2026-08-23 23:03:35.853 +04:00 [INF] GET /api/v1/favorites responded 200 in 6ms (user: anonymous)
2026-08-23 23:03:35.857 +04:00 [INF] GET /api/v1/story-categories responded 200 in 1ms (user: anonymous)
2026-08-23 23:03:35.857 +04:00 [INF] GET /api/v1/story-levels responded 200 in 1ms (user: anonymous)
2026-08-23 23:03:35.860 +04:00 [INF] GET /api/v1/favorites responded 200 in 2ms (user: anonymous)
2026-08-23 23:03:35.870 +04:00 [INF] GET /api/v1/admin/dashboard responded 200 in 21ms (user: anonymous)
2026-08-23 23:03:35.875 +04:00 [INF] GET /api/v1/stories/b8275688-23db-4b68-9789-e180dfb5ca8c responded 200 in 7ms (user: anonymous)
2026-08-23 23:03:35.887 +04:00 [INF] GET /api/v1/stories/b8275688-23db-4b68-9789-e180dfb5ca8c responded 200 in 1ms (user: anonymous)
2026-08-23 23:04:06.665 +04:00 [INF] OPTIONS /api/v1/chapters responded 204 in 0ms (user: anonymous)
2026-08-23 23:04:06.747 +04:00 [INF] POST /api/v1/chapters responded 201 in 63ms (user: anonymous)
2026-08-23 23:04:06.767 +04:00 [INF] OPTIONS /api/v1/story-categories responded 204 in 0ms (user: anonymous)
2026-08-23 23:04:06.767 +04:00 [INF] OPTIONS /api/v1/stories/b8275688-23db-4b68-9789-e180dfb5ca8c responded 204 in 0ms (user: anonymous)
2026-08-23 23:04:06.767 +04:00 [INF] OPTIONS /api/v1/favorites responded 204 in 0ms (user: anonymous)
2026-08-23 23:04:06.768 +04:00 [INF] OPTIONS /api/v1/story-levels responded 204 in 0ms (user: anonymous)
2026-08-23 23:04:06.786 +04:00 [INF] GET /api/v1/story-categories responded 200 in 1ms (user: anonymous)
2026-08-23 23:04:06.803 +04:00 [INF] GET /api/v1/stories/b8275688-23db-4b68-9789-e180dfb5ca8c responded 200 in 4ms (user: anonymous)
2026-08-23 23:04:06.811 +04:00 [INF] GET /api/v1/favorites responded 200 in 3ms (user: anonymous)
2026-08-23 23:04:06.816 +04:00 [INF] GET /api/v1/story-levels responded 200 in 0ms (user: anonymous)
2026-08-23 23:04:20.238 +04:00 [INF] OPTIONS /api/v1/stories responded 204 in 0ms (user: anonymous)
2026-08-23 23:04:20.238 +04:00 [INF] OPTIONS /api/v1/stories responded 204 in 0ms (user: anonymous)
2026-08-23 23:04:20.238 +04:00 [INF] OPTIONS /api/v1/story-categories responded 204 in 0ms (user: anonymous)
2026-08-23 23:04:20.238 +04:00 [INF] OPTIONS /api/v1/story-categories responded 204 in 0ms (user: anonymous)
2026-08-23 23:04:20.278 +04:00 [INF] GET /api/v1/stories responded 200 in 14ms (user: anonymous)
2026-08-23 23:04:20.283 +04:00 [INF] GET /api/v1/stories responded 200 in 1ms (user: anonymous)
2026-08-23 23:04:20.295 +04:00 [INF] GET /api/v1/story-categories responded 200 in 0ms (user: anonymous)
2026-08-23 23:04:20.300 +04:00 [INF] GET /api/v1/story-categories responded 200 in 0ms (user: anonymous)
2026-08-23 23:04:20.662 +04:00 [INF] GET /uploads/story-covers/dae6c25b60be4a36b63e4da2428cefc3.png responded 200 in 54ms (user: anonymous)
2026-08-23 23:04:29.689 +04:00 [INF] OPTIONS /api/v1/auth/login responded 204 in 0ms (user: anonymous)
2026-08-23 23:04:29.898 +04:00 [INF] POST /api/v1/auth/login responded 200 in 191ms (user: anonymous)
2026-08-23 23:04:29.954 +04:00 [INF] OPTIONS /api/v1/profile responded 204 in 0ms (user: anonymous)
2026-08-23 23:04:29.954 +04:00 [INF] OPTIONS /api/v1/favorites responded 204 in 0ms (user: anonymous)
2026-08-23 23:04:29.955 +04:00 [INF] OPTIONS /api/v1/stories responded 204 in 0ms (user: anonymous)
2026-08-23 23:04:29.955 +04:00 [INF] OPTIONS /api/v1/profile responded 204 in 0ms (user: anonymous)
2026-08-23 23:04:29.956 +04:00 [INF] OPTIONS /api/v1/profile responded 204 in 0ms (user: anonymous)
2026-08-23 23:04:29.956 +04:00 [INF] OPTIONS /api/v1/stories responded 204 in 0ms (user: anonymous)
2026-08-23 23:04:29.956 +04:00 [INF] OPTIONS /api/v1/profile responded 204 in 0ms (user: anonymous)
2026-08-23 23:04:29.957 +04:00 [INF] OPTIONS /api/v1/favorites responded 204 in 0ms (user: anonymous)
2026-08-23 23:04:30.004 +04:00 [INF] GET /api/v1/profile responded 200 in 21ms (user: anonymous)
2026-08-23 23:04:30.010 +04:00 [INF] GET /api/v1/favorites responded 200 in 4ms (user: anonymous)
2026-08-23 23:04:30.017 +04:00 [INF] GET /api/v1/stories responded 200 in 2ms (user: anonymous)
2026-08-23 23:04:30.043 +04:00 [INF] GET /api/v1/profile responded 200 in 16ms (user: anonymous)
2026-08-23 23:04:30.063 +04:00 [INF] GET /api/v1/stories responded 200 in 2ms (user: anonymous)
2026-08-23 23:04:30.074 +04:00 [INF] GET /api/v1/profile responded 200 in 26ms (user: anonymous)
2026-08-23 23:04:30.088 +04:00 [INF] GET /api/v1/favorites responded 200 in 6ms (user: anonymous)
2026-08-23 23:04:30.092 +04:00 [INF] GET /api/v1/profile responded 200 in 17ms (user: anonymous)
2026-08-23 23:04:30.105 +04:00 [INF] GET /uploads/profile-pictures/f7854795c420452884b8c1d60caec115.png responded 200 in 6ms (user: anonymous)
2026-08-23 23:04:30.199 +04:00 [INF] GET /uploads/story-covers/9115ea7c325b4aff948ba6955fb48166.png responded 200 in 2ms (user: anonymous)
2026-08-23 23:04:30.199 +04:00 [INF] GET /uploads/story-covers/c0bc5126a8c84930a0ab6bc8e1fb5b1d.png responded 200 in 2ms (user: anonymous)
2026-08-23 23:04:30.201 +04:00 [INF] GET /uploads/story-covers/e362dbad11c44eb2adbfc21ac47c8c13.png responded 200 in 2ms (user: anonymous)
2026-08-23 23:04:32.092 +04:00 [INF] OPTIONS /api/v1/story-categories responded 204 in 0ms (user: anonymous)
2026-08-23 23:04:32.092 +04:00 [INF] OPTIONS /api/v1/story-categories responded 204 in 0ms (user: anonymous)
2026-08-23 23:04:32.094 +04:00 [INF] GET /api/v1/stories responded 200 in 1ms (user: anonymous)
2026-08-23 23:04:32.100 +04:00 [INF] GET /api/v1/favorites responded 200 in 7ms (user: anonymous)
2026-08-23 23:04:32.104 +04:00 [INF] GET /api/v1/stories responded 200 in 4ms (user: anonymous)
2026-08-23 23:04:32.111 +04:00 [INF] GET /api/v1/profile responded 200 in 18ms (user: anonymous)
2026-08-23 23:04:32.111 +04:00 [INF] GET /api/v1/favorites responded 200 in 4ms (user: anonymous)
2026-08-23 23:04:32.118 +04:00 [INF] GET /api/v1/story-categories responded 200 in 4ms (user: anonymous)
2026-08-23 23:04:32.139 +04:00 [INF] GET /api/v1/story-categories responded 200 in 3ms (user: anonymous)
2026-08-23 23:04:32.141 +04:00 [INF] GET /api/v1/profile responded 200 in 24ms (user: anonymous)
2026-08-23 23:04:34.278 +04:00 [INF] OPTIONS /api/v1/stories/b8275688-23db-4b68-9789-e180dfb5ca8c responded 204 in 0ms (user: anonymous)
2026-08-23 23:04:34.278 +04:00 [INF] OPTIONS /api/v1/stories/b8275688-23db-4b68-9789-e180dfb5ca8c responded 204 in 0ms (user: anonymous)
2026-08-23 23:04:34.284 +04:00 [INF] GET /api/v1/favorites responded 200 in 5ms (user: anonymous)
2026-08-23 23:04:34.291 +04:00 [INF] GET /api/v1/favorites responded 200 in 3ms (user: anonymous)
2026-08-23 23:04:34.293 +04:00 [INF] GET /api/v1/profile responded 200 in 14ms (user: anonymous)
2026-08-23 23:04:34.305 +04:00 [INF] GET /api/v1/stories/b8275688-23db-4b68-9789-e180dfb5ca8c responded 200 in 8ms (user: anonymous)
2026-08-23 23:04:34.313 +04:00 [INF] GET /api/v1/stories/b8275688-23db-4b68-9789-e180dfb5ca8c responded 200 in 3ms (user: anonymous)
2026-08-23 23:04:34.314 +04:00 [INF] GET /api/v1/profile responded 200 in 17ms (user: anonymous)
2026-08-23 23:04:37.223 +04:00 [INF] OPTIONS /api/v1/profile responded 204 in 0ms (user: anonymous)
2026-08-23 23:04:37.223 +04:00 [INF] OPTIONS /api/v1/favorites responded 204 in 0ms (user: anonymous)
2026-08-23 23:04:37.224 +04:00 [INF] OPTIONS /api/v1/profile responded 204 in 0ms (user: anonymous)
2026-08-23 23:04:37.224 +04:00 [INF] OPTIONS /api/v1/favorites responded 204 in 0ms (user: anonymous)
2026-08-23 23:04:37.224 +04:00 [INF] OPTIONS /api/v1/profile responded 204 in 0ms (user: anonymous)
2026-08-23 23:04:37.224 +04:00 [INF] OPTIONS /api/v1/profile responded 204 in 0ms (user: anonymous)
2026-08-23 23:04:37.230 +04:00 [INF] GET /api/v1/stories/b8275688-23db-4b68-9789-e180dfb5ca8c responded 200 in 5ms (user: anonymous)
2026-08-23 23:04:37.244 +04:00 [INF] GET /api/v1/stories/b8275688-23db-4b68-9789-e180dfb5ca8c responded 200 in 9ms (user: anonymous)
2026-08-23 23:04:37.264 +04:00 [INF] GET /api/v1/profile responded 200 in 25ms (user: anonymous)
2026-08-23 23:04:37.273 +04:00 [INF] GET /api/v1/favorites responded 200 in 4ms (user: anonymous)
2026-08-23 23:04:37.299 +04:00 [INF] GET /api/v1/profile responded 200 in 12ms (user: anonymous)
2026-08-23 23:04:37.308 +04:00 [INF] GET /api/v1/favorites responded 200 in 4ms (user: anonymous)
2026-08-23 23:04:37.334 +04:00 [INF] GET /api/v1/profile responded 200 in 13ms (user: anonymous)
2026-08-23 23:04:37.355 +04:00 [INF] GET /api/v1/profile responded 200 in 15ms (user: anonymous)
2026-08-23 23:04:37.427 +04:00 [INF] OPTIONS /api/v1/progress responded 204 in 0ms (user: anonymous)
2026-08-23 23:04:37.464 +04:00 [INF] OPTIONS /api/v1/progress responded 204 in 0ms (user: anonymous)
2026-08-23 23:04:37.479 +04:00 [INF] OPTIONS /api/v1/progress responded 204 in 0ms (user: anonymous)
2026-08-23 23:04:37.526 +04:00 [INF] POST /api/v1/progress responded 200 in 26ms (user: anonymous)
2026-08-23 23:04:37.544 +04:00 [INF] POST /api/v1/progress responded 200 in 20ms (user: anonymous)
2026-08-23 23:04:37.546 +04:00 [ERR] An exception occurred in the database while saving changes for context type 'EnglishLearningPlatform.Persistence.Context.ApplicationDbContext'.
Microsoft.EntityFrameworkCore.DbUpdateException: An error occurred while saving the entity changes. See the inner exception for details.
 ---> Microsoft.Data.SqlClient.SqlException (0x80131904): Cannot insert duplicate key row in object 'dbo.UserProgresses' with unique index 'IX_UserProgresses_AppUserId_StoryId'. The duplicate key value is (006f3060-3635-4427-59b4-08def7de3b5b, b8275688-23db-4b68-9789-e180dfb5ca8c).
   at Microsoft.Data.SqlClient.SqlConnection.OnError(SqlException exception, Boolean breakConnection, Action`1 wrapCloseInAction)
   at Microsoft.Data.SqlClient.SqlInternalConnection.OnError(SqlException exception, Boolean breakConnection, Action`1 wrapCloseInAction)
   at Microsoft.Data.SqlClient.TdsParser.ThrowExceptionAndWarning(TdsParserStateObject stateObj, SqlCommand command, Boolean callerHasConnectionLock, Boolean asyncClose)
   at Microsoft.Data.SqlClient.TdsParser.TryRun(RunBehavior runBehavior, SqlCommand cmdHandler, SqlDataReader dataStream, BulkCopySimpleResultSet bulkCopyHandler, TdsParserStateObject stateObj, Boolean& dataReady)
   at Microsoft.Data.SqlClient.SqlDataReader.TryHasMoreRows(Boolean& moreRows)
   at Microsoft.Data.SqlClient.SqlDataReader.TryHasMoreResults(Boolean& moreResults)
   at Microsoft.Data.SqlClient.SqlDataReader.TryNextResult(Boolean& more)
   at Microsoft.Data.SqlClient.SqlDataReader.NextResultAsyncExecute(Task task, Object state)
   at Microsoft.Data.SqlClient.SqlDataReader.InvokeAsyncCall[T](SqlDataReaderBaseAsyncCallContext`1 context)
--- End of stack trace from previous location ---
   at Microsoft.EntityFrameworkCore.Update.AffectedCountModificationCommandBatch.ConsumeAsync(RelationalDataReader reader, CancellationToken cancellationToken)
ClientConnectionId:feb16cee-003e-4f2d-9140-835e40b162d9
Error Number:2601,State:1,Class:14
   --- End of inner exception stack trace ---
   at Microsoft.EntityFrameworkCore.Update.AffectedCountModificationCommandBatch.ConsumeAsync(RelationalDataReader reader, CancellationToken cancellationToken)
   at Microsoft.EntityFrameworkCore.Update.ReaderModificationCommandBatch.ExecuteAsync(IRelationalConnection connection, CancellationToken cancellationToken)
   at Microsoft.EntityFrameworkCore.Update.ReaderModificationCommandBatch.ExecuteAsync(IRelationalConnection connection, CancellationToken cancellationToken)
   at Microsoft.EntityFrameworkCore.SqlServer.Update.Internal.SqlServerModificationCommandBatch.ExecuteAsync(IRelationalConnection connection, CancellationToken cancellationToken)
   at Microsoft.EntityFrameworkCore.Update.Internal.BatchExecutor.ExecuteAsync(IEnumerable`1 commandBatches, IRelationalConnection connection, CancellationToken cancellationToken)
   at Microsoft.EntityFrameworkCore.Update.Internal.BatchExecutor.ExecuteAsync(IEnumerable`1 commandBatches, IRelationalConnection connection, CancellationToken cancellationToken)
   at Microsoft.EntityFrameworkCore.Update.Internal.BatchExecutor.ExecuteAsync(IEnumerable`1 commandBatches, IRelationalConnection connection, CancellationToken cancellationToken)
   at Microsoft.EntityFrameworkCore.ChangeTracking.Internal.StateManager.SaveChangesAsync(IList`1 entriesToSave, CancellationToken cancellationToken)
   at Microsoft.EntityFrameworkCore.ChangeTracking.Internal.StateManager.SaveChangesAsync(StateManager stateManager, Boolean acceptAllChangesOnSuccess, CancellationToken cancellationToken)
   at Microsoft.EntityFrameworkCore.Storage.ExecutionStrategy.<>c__DisplayClass30_0`2.<<ExecuteAsync>b__0>d.MoveNext()
--- End of stack trace from previous location ---
   at Microsoft.EntityFrameworkCore.Storage.ExecutionStrategy.ExecuteImplementationAsync[TState,TResult](Func`4 operation, Func`4 verifySucceeded, TState state, CancellationToken cancellationToken)
   at Microsoft.EntityFrameworkCore.Storage.ExecutionStrategy.ExecuteImplementationAsync[TState,TResult](Func`4 operation, Func`4 verifySucceeded, TState state, CancellationToken cancellationToken)
   at Microsoft.EntityFrameworkCore.Storage.ExecutionStrategy.ExecuteAsync[TState,TResult](TState state, Func`4 operation, Func`4 verifySucceeded, CancellationToken cancellationToken)
   at Microsoft.EntityFrameworkCore.DbContext.SaveChangesAsync(Boolean acceptAllChangesOnSuccess, CancellationToken cancellationToken)
Microsoft.EntityFrameworkCore.DbUpdateException: An error occurred while saving the entity changes. See the inner exception for details.
 ---> Microsoft.Data.SqlClient.SqlException (0x80131904): Cannot insert duplicate key row in object 'dbo.UserProgresses' with unique index 'IX_UserProgresses_AppUserId_StoryId'. The duplicate key value is (006f3060-3635-4427-59b4-08def7de3b5b, b8275688-23db-4b68-9789-e180dfb5ca8c).
   at Microsoft.Data.SqlClient.SqlConnection.OnError(SqlException exception, Boolean breakConnection, Action`1 wrapCloseInAction)
   at Microsoft.Data.SqlClient.SqlInternalConnection.OnError(SqlException exception, Boolean breakConnection, Action`1 wrapCloseInAction)
   at Microsoft.Data.SqlClient.TdsParser.ThrowExceptionAndWarning(TdsParserStateObject stateObj, SqlCommand command, Boolean callerHasConnectionLock, Boolean asyncClose)
   at Microsoft.Data.SqlClient.TdsParser.TryRun(RunBehavior runBehavior, SqlCommand cmdHandler, SqlDataReader dataStream, BulkCopySimpleResultSet bulkCopyHandler, TdsParserStateObject stateObj, Boolean& dataReady)
   at Microsoft.Data.SqlClient.SqlDataReader.TryHasMoreRows(Boolean& moreRows)
   at Microsoft.Data.SqlClient.SqlDataReader.TryHasMoreResults(Boolean& moreResults)
   at Microsoft.Data.SqlClient.SqlDataReader.TryNextResult(Boolean& more)
   at Microsoft.Data.SqlClient.SqlDataReader.NextResultAsyncExecute(Task task, Object state)
   at Microsoft.Data.SqlClient.SqlDataReader.InvokeAsyncCall[T](SqlDataReaderBaseAsyncCallContext`1 context)
--- End of stack trace from previous location ---
   at Microsoft.EntityFrameworkCore.Update.AffectedCountModificationCommandBatch.ConsumeAsync(RelationalDataReader reader, CancellationToken cancellationToken)
ClientConnectionId:feb16cee-003e-4f2d-9140-835e40b162d9
Error Number:2601,State:1,Class:14
   --- End of inner exception stack trace ---
   at Microsoft.EntityFrameworkCore.Update.AffectedCountModificationCommandBatch.ConsumeAsync(RelationalDataReader reader, CancellationToken cancellationToken)
   at Microsoft.EntityFrameworkCore.Update.ReaderModificationCommandBatch.ExecuteAsync(IRelationalConnection connection, CancellationToken cancellationToken)
   at Microsoft.EntityFrameworkCore.Update.ReaderModificationCommandBatch.ExecuteAsync(IRelationalConnection connection, CancellationToken cancellationToken)
   at Microsoft.EntityFrameworkCore.SqlServer.Update.Internal.SqlServerModificationCommandBatch.ExecuteAsync(IRelationalConnection connection, CancellationToken cancellationToken)
   at Microsoft.EntityFrameworkCore.Update.Internal.BatchExecutor.ExecuteAsync(IEnumerable`1 commandBatches, IRelationalConnection connection, CancellationToken cancellationToken)
   at Microsoft.EntityFrameworkCore.Update.Internal.BatchExecutor.ExecuteAsync(IEnumerable`1 commandBatches, IRelationalConnection connection, CancellationToken cancellationToken)
   at Microsoft.EntityFrameworkCore.Update.Internal.BatchExecutor.ExecuteAsync(IEnumerable`1 commandBatches, IRelationalConnection connection, CancellationToken cancellationToken)
   at Microsoft.EntityFrameworkCore.ChangeTracking.Internal.StateManager.SaveChangesAsync(IList`1 entriesToSave, CancellationToken cancellationToken)
   at Microsoft.EntityFrameworkCore.ChangeTracking.Internal.StateManager.SaveChangesAsync(StateManager stateManager, Boolean acceptAllChangesOnSuccess, CancellationToken cancellationToken)
   at Microsoft.EntityFrameworkCore.Storage.ExecutionStrategy.<>c__DisplayClass30_0`2.<<ExecuteAsync>b__0>d.MoveNext()
--- End of stack trace from previous location ---
   at Microsoft.EntityFrameworkCore.Storage.ExecutionStrategy.ExecuteImplementationAsync[TState,TResult](Func`4 operation, Func`4 verifySucceeded, TState state, CancellationToken cancellationToken)
   at Microsoft.EntityFrameworkCore.Storage.ExecutionStrategy.ExecuteImplementationAsync[TState,TResult](Func`4 operation, Func`4 verifySucceeded, TState state, CancellationToken cancellationToken)
   at Microsoft.EntityFrameworkCore.Storage.ExecutionStrategy.ExecuteAsync[TState,TResult](TState state, Func`4 operation, Func`4 verifySucceeded, CancellationToken cancellationToken)
   at Microsoft.EntityFrameworkCore.DbContext.SaveChangesAsync(Boolean acceptAllChangesOnSuccess, CancellationToken cancellationToken)
2026-08-23 23:04:37.550 +04:00 [INF] POST /api/v1/progress responded 200 in 9ms (user: anonymous)
2026-08-23 23:04:37.558 +04:00 [INF] OPTIONS /api/v1/progress/reading-history responded 204 in 0ms (user: anonymous)
2026-08-23 23:04:37.574 +04:00 [INF] OPTIONS /api/v1/progress/reading-history responded 204 in 0ms (user: anonymous)
2026-08-23 23:04:37.626 +04:00 [INF] POST /api/v1/progress responded 200 in 113ms (user: anonymous)
2026-08-23 23:04:37.638 +04:00 [INF] OPTIONS /api/v1/progress/reading-history responded 204 in 0ms (user: anonymous)
2026-08-23 23:04:37.656 +04:00 [INF] POST /api/v1/progress/reading-history responded 200 in 12ms (user: anonymous)
2026-08-23 23:04:37.662 +04:00 [INF] POST /api/v1/progress/reading-history responded 200 in 6ms (user: anonymous)
2026-08-23 23:04:37.666 +04:00 [ERR] Unhandled exception on /api/v1/progress
Microsoft.EntityFrameworkCore.DbUpdateException: An error occurred while saving the entity changes. See the inner exception for details.
 ---> Microsoft.Data.SqlClient.SqlException (0x80131904): Cannot insert duplicate key row in object 'dbo.UserProgresses' with unique index 'IX_UserProgresses_AppUserId_StoryId'. The duplicate key value is (006f3060-3635-4427-59b4-08def7de3b5b, b8275688-23db-4b68-9789-e180dfb5ca8c).
   at Microsoft.Data.SqlClient.SqlConnection.OnError(SqlException exception, Boolean breakConnection, Action`1 wrapCloseInAction)
   at Microsoft.Data.SqlClient.SqlInternalConnection.OnError(SqlException exception, Boolean breakConnection, Action`1 wrapCloseInAction)
   at Microsoft.Data.SqlClient.TdsParser.ThrowExceptionAndWarning(TdsParserStateObject stateObj, SqlCommand command, Boolean callerHasConnectionLock, Boolean asyncClose)
   at Microsoft.Data.SqlClient.TdsParser.TryRun(RunBehavior runBehavior, SqlCommand cmdHandler, SqlDataReader dataStream, BulkCopySimpleResultSet bulkCopyHandler, TdsParserStateObject stateObj, Boolean& dataReady)
   at Microsoft.Data.SqlClient.SqlDataReader.TryHasMoreRows(Boolean& moreRows)
   at Microsoft.Data.SqlClient.SqlDataReader.TryHasMoreResults(Boolean& moreResults)
   at Microsoft.Data.SqlClient.SqlDataReader.TryNextResult(Boolean& more)
   at Microsoft.Data.SqlClient.SqlDataReader.NextResultAsyncExecute(Task task, Object state)
   at Microsoft.Data.SqlClient.SqlDataReader.InvokeAsyncCall[T](SqlDataReaderBaseAsyncCallContext`1 context)
--- End of stack trace from previous location ---
   at Microsoft.EntityFrameworkCore.Update.AffectedCountModificationCommandBatch.ConsumeAsync(RelationalDataReader reader, CancellationToken cancellationToken)
ClientConnectionId:feb16cee-003e-4f2d-9140-835e40b162d9
Error Number:2601,State:1,Class:14
   --- End of inner exception stack trace ---
   at Microsoft.EntityFrameworkCore.Update.AffectedCountModificationCommandBatch.ConsumeAsync(RelationalDataReader reader, CancellationToken cancellationToken)
   at Microsoft.EntityFrameworkCore.Update.ReaderModificationCommandBatch.ExecuteAsync(IRelationalConnection connection, CancellationToken cancellationToken)
   at Microsoft.EntityFrameworkCore.Update.ReaderModificationCommandBatch.ExecuteAsync(IRelationalConnection connection, CancellationToken cancellationToken)
   at Microsoft.EntityFrameworkCore.SqlServer.Update.Internal.SqlServerModificationCommandBatch.ExecuteAsync(IRelationalConnection connection, CancellationToken cancellationToken)
   at Microsoft.EntityFrameworkCore.Update.Internal.BatchExecutor.ExecuteAsync(IEnumerable`1 commandBatches, IRelationalConnection connection, CancellationToken cancellationToken)
   at Microsoft.EntityFrameworkCore.Update.Internal.BatchExecutor.ExecuteAsync(IEnumerable`1 commandBatches, IRelationalConnection connection, CancellationToken cancellationToken)
   at Microsoft.EntityFrameworkCore.Update.Internal.BatchExecutor.ExecuteAsync(IEnumerable`1 commandBatches, IRelationalConnection connection, CancellationToken cancellationToken)
   at Microsoft.EntityFrameworkCore.ChangeTracking.Internal.StateManager.SaveChangesAsync(IList`1 entriesToSave, CancellationToken cancellationToken)
   at Microsoft.EntityFrameworkCore.ChangeTracking.Internal.StateManager.SaveChangesAsync(StateManager stateManager, Boolean acceptAllChangesOnSuccess, CancellationToken cancellationToken)
   at Microsoft.EntityFrameworkCore.Storage.ExecutionStrategy.<>c__DisplayClass30_0`2.<<ExecuteAsync>b__0>d.MoveNext()
--- End of stack trace from previous location ---
   at Microsoft.EntityFrameworkCore.Storage.ExecutionStrategy.ExecuteImplementationAsync[TState,TResult](Func`4 operation, Func`4 verifySucceeded, TState state, CancellationToken cancellationToken)
   at Microsoft.EntityFrameworkCore.Storage.ExecutionStrategy.ExecuteImplementationAsync[TState,TResult](Func`4 operation, Func`4 verifySucceeded, TState state, CancellationToken cancellationToken)
   at Microsoft.EntityFrameworkCore.Storage.ExecutionStrategy.ExecuteAsync[TState,TResult](TState state, Func`4 operation, Func`4 verifySucceeded, CancellationToken cancellationToken)
   at Microsoft.EntityFrameworkCore.DbContext.SaveChangesAsync(Boolean acceptAllChangesOnSuccess, CancellationToken cancellationToken)
   at Microsoft.EntityFrameworkCore.DbContext.SaveChangesAsync(Boolean acceptAllChangesOnSuccess, CancellationToken cancellationToken)
   at EnglishLearningPlatform.Persistence.UnitOfWork.UnitOfWork.SaveChangesAsync(CancellationToken cancellationToken) in C:\Users\Ravan999\Desktop\Aygun-Final\Final-Project-ReadLingo-Back\EnglishLearningPlatform.Persistence\UnitOfWork\UnitOfWork.cs:line 88
   at EnglishLearningPlatform.Application.Services.ProgressService.UpsertAsync(Guid userId, UpsertUserProgressDto dto, CancellationToken cancellationToken) in C:\Users\Ravan999\Desktop\Aygun-Final\Final-Project-ReadLingo-Back\EnglishLearningPlatform.Application\Services\ProgressService .cs:line 78
   at EnglishLearningPlatform.API.Controllers.V1.ProgressController.Upsert(UpsertUserProgressDto dto, CancellationToken cancellationToken) in C:\Users\Ravan999\Desktop\Aygun-Final\Final-Project-ReadLingo-Back\EnglishLearningPlatform.API\Controllers\V1\ProgressController.cs:line 35
   at Microsoft.AspNetCore.Mvc.Infrastructure.ActionMethodExecutor.TaskOfIActionResultExecutor.Execute(ActionContext actionContext, IActionResultTypeMapper mapper, ObjectMethodExecutor executor, Object controller, Object[] arguments)
   at Microsoft.AspNetCore.Mvc.Infrastructure.ControllerActionInvoker.<InvokeActionMethodAsync>g__Awaited|12_0(ControllerActionInvoker invoker, ValueTask`1 actionResultValueTask)
   at Microsoft.AspNetCore.Mvc.Infrastructure.ControllerActionInvoker.<InvokeNextActionFilterAsync>g__Awaited|10_0(ControllerActionInvoker invoker, Task lastTask, State next, Scope scope, Object state, Boolean isCompleted)
   at Microsoft.AspNetCore.Mvc.Infrastructure.ControllerActionInvoker.Rethrow(ActionExecutedContextSealed context)
   at Microsoft.AspNetCore.Mvc.Infrastructure.ControllerActionInvoker.Next(State& next, Scope& scope, Object& state, Boolean& isCompleted)
   at Microsoft.AspNetCore.Mvc.Infrastructure.ControllerActionInvoker.<InvokeInnerFilterAsync>g__Awaited|13_0(ControllerActionInvoker invoker, Task lastTask, State next, Scope scope, Object state, Boolean isCompleted)
   at Microsoft.AspNetCore.Mvc.Infrastructure.ResourceInvoker.<InvokeFilterPipelineAsync>g__Awaited|20_0(ResourceInvoker invoker, Task lastTask, State next, Scope scope, Object state, Boolean isCompleted)
   at Microsoft.AspNetCore.Mvc.Infrastructure.ResourceInvoker.<InvokeAsync>g__Awaited|17_0(ResourceInvoker invoker, Task task, IDisposable scope)
   at Microsoft.AspNetCore.Mvc.Infrastructure.ResourceInvoker.<InvokeAsync>g__Awaited|17_0(ResourceInvoker invoker, Task task, IDisposable scope)
   at Microsoft.AspNetCore.Authorization.AuthorizationMiddleware.Invoke(HttpContext context)
   at Microsoft.AspNetCore.Authentication.AuthenticationMiddleware.Invoke(HttpContext context)
   at Microsoft.AspNetCore.RateLimiting.RateLimitingMiddleware.InvokeInternal(HttpContext context, EnableRateLimitingAttribute enableRateLimitingAttribute)
   at Swashbuckle.AspNetCore.SwaggerUI.SwaggerUIMiddleware.Invoke(HttpContext httpContext)
   at Swashbuckle.AspNetCore.Swagger.SwaggerMiddleware.Invoke(HttpContext httpContext, ISwaggerProvider swaggerProvider)
   at EnglishLearningPlatform.API.Middlewares.RequestLoggingMiddleware.InvokeAsync(HttpContext context) in C:\Users\Ravan999\Desktop\Aygun-Final\Final-Project-ReadLingo-Back\EnglishLearningPlatform.API\Middlewares\RequestLoggingMiddleware.cs:line 24
   at EnglishLearningPlatform.API.Middlewares.ExceptionHandlingMiddleware.InvokeAsync(HttpContext context) in C:\Users\Ravan999\Desktop\Aygun-Final\Final-Project-ReadLingo-Back\EnglishLearningPlatform.API\Middlewares\ExceptionHandlingMiddleware.cs:line 27
2026-08-23 23:04:37.678 +04:00 [INF] POST /api/v1/progress/reading-history responded 200 in 6ms (user: anonymous)
2026-08-23 23:04:37.679 +04:00 [INF] OPTIONS /api/v1/progress/streak responded 204 in 0ms (user: anonymous)
2026-08-23 23:04:37.690 +04:00 [INF] OPTIONS /api/v1/progress/streak responded 204 in 0ms (user: anonymous)
2026-08-23 23:04:37.739 +04:00 [INF] OPTIONS /api/v1/progress/streak responded 204 in 0ms (user: anonymous)
2026-08-23 23:04:37.754 +04:00 [INF] GET /api/v1/progress/streak responded 200 in 9ms (user: anonymous)
2026-08-23 23:04:37.762 +04:00 [INF] GET /api/v1/progress/streak responded 200 in 5ms (user: anonymous)
2026-08-23 23:04:37.778 +04:00 [INF] GET /api/v1/progress/streak responded 200 in 13ms (user: anonymous)
2026-08-23 23:04:40.954 +04:00 [INF] OPTIONS /api/v1/quizzes/story/b8275688-23db-4b68-9789-e180dfb5ca8c responded 204 in 0ms (user: anonymous)
2026-08-23 23:04:44.588 +04:00 [INF] GET /api/v1/quizzes/story/b8275688-23db-4b68-9789-e180dfb5ca8c responded 200 in 3613ms (user: anonymous)
2026-08-23 23:04:44.625 +04:00 [INF] OPTIONS /api/v1/profile responded 204 in 0ms (user: anonymous)
2026-08-23 23:04:44.668 +04:00 [INF] GET /api/v1/profile responded 200 in 16ms (user: anonymous)
2026-08-23 23:04:59.001 +04:00 [INF] OPTIONS /api/v1/profile responded 204 in 0ms (user: anonymous)
2026-08-23 23:04:59.001 +04:00 [INF] OPTIONS /api/v1/profile responded 204 in 0ms (user: anonymous)
2026-08-23 23:04:59.041 +04:00 [INF] PUT /api/v1/profile responded 200 in 17ms (user: anonymous)
2026-08-23 23:04:59.063 +04:00 [INF] PUT /api/v1/profile responded 200 in 14ms (user: anonymous)
2026-08-23 23:04:59.108 +04:00 [INF] GET /api/v1/profile responded 200 in 30ms (user: anonymous)
2026-08-23 23:04:59.135 +04:00 [INF] GET /api/v1/profile responded 200 in 19ms (user: anonymous)
2026-08-23 23:04:59.175 +04:00 [INF] GET /api/v1/profile responded 200 in 31ms (user: anonymous)
2026-08-23 23:04:59.209 +04:00 [INF] GET /api/v1/profile responded 200 in 24ms (user: anonymous)
2026-08-23 23:05:02.868 +04:00 [INF] PUT /api/v1/profile responded 200 in 9ms (user: anonymous)
2026-08-23 23:05:02.884 +04:00 [INF] PUT /api/v1/profile responded 200 in 10ms (user: anonymous)
2026-08-23 23:05:02.933 +04:00 [INF] GET /api/v1/profile responded 200 in 30ms (user: anonymous)
2026-08-23 23:05:02.962 +04:00 [INF] GET /api/v1/profile responded 200 in 23ms (user: anonymous)
2026-08-23 23:05:03.000 +04:00 [INF] GET /api/v1/profile responded 200 in 31ms (user: anonymous)
2026-08-23 23:05:03.036 +04:00 [INF] GET /api/v1/profile responded 200 in 29ms (user: anonymous)
2026-08-23 23:05:06.047 +04:00 [INF] OPTIONS /api/v1/profile responded 204 in 0ms (user: anonymous)
2026-08-23 23:05:06.047 +04:00 [INF] OPTIONS /api/v1/profile responded 204 in 0ms (user: anonymous)
2026-08-23 23:05:06.091 +04:00 [INF] PUT /api/v1/profile responded 200 in 18ms (user: anonymous)
2026-08-23 23:05:06.119 +04:00 [INF] PUT /api/v1/profile responded 200 in 20ms (user: anonymous)
2026-08-23 23:05:06.158 +04:00 [INF] GET /api/v1/profile responded 200 in 29ms (user: anonymous)
2026-08-23 23:05:06.190 +04:00 [INF] GET /api/v1/profile responded 200 in 25ms (user: anonymous)
2026-08-23 23:05:06.232 +04:00 [INF] GET /api/v1/profile responded 200 in 36ms (user: anonymous)
2026-08-23 23:05:06.278 +04:00 [INF] GET /api/v1/profile responded 200 in 18ms (user: anonymous)
2026-08-23 23:05:08.952 +04:00 [INF] PUT /api/v1/profile responded 200 in 18ms (user: anonymous)
2026-08-23 23:05:08.971 +04:00 [INF] PUT /api/v1/profile responded 200 in 10ms (user: anonymous)
2026-08-23 23:05:09.018 +04:00 [INF] GET /api/v1/profile responded 200 in 24ms (user: anonymous)
2026-08-23 23:05:09.051 +04:00 [INF] GET /api/v1/profile responded 200 in 28ms (user: anonymous)
2026-08-23 23:05:09.084 +04:00 [INF] GET /api/v1/profile responded 200 in 27ms (user: anonymous)
2026-08-23 23:05:09.119 +04:00 [INF] GET /api/v1/profile responded 200 in 30ms (user: anonymous)
2026-08-23 23:05:09.845 +04:00 [INF] OPTIONS /api/v1/quizzes/record-result responded 204 in 0ms (user: anonymous)
2026-08-23 23:05:09.876 +04:00 [INF] POST /api/v1/quizzes/record-result responded 200 in 14ms (user: anonymous)
2026-08-23 23:05:16.566 +04:00 [INF] OPTIONS /api/v1/admin/dashboard responded 204 in 0ms (user: anonymous)
2026-08-23 23:05:16.574 +04:00 [INF] OPTIONS /api/v1/admin/users responded 204 in 0ms (user: anonymous)
2026-08-23 23:05:16.574 +04:00 [INF] OPTIONS /api/v1/stories responded 204 in 0ms (user: anonymous)
2026-08-23 23:05:16.575 +04:00 [INF] OPTIONS /api/v1/favorites responded 204 in 0ms (user: anonymous)
2026-08-23 23:05:16.575 +04:00 [INF] OPTIONS /api/v1/story-categories responded 204 in 0ms (user: anonymous)
2026-08-23 23:05:16.578 +04:00 [INF] OPTIONS /api/v1/story-levels responded 204 in 0ms (user: anonymous)
2026-08-23 23:05:16.578 +04:00 [INF] OPTIONS /api/v1/admin/dashboard responded 204 in 0ms (user: anonymous)
2026-08-23 23:05:16.579 +04:00 [INF] OPTIONS /api/v1/admin/dashboard responded 204 in 0ms (user: anonymous)
2026-08-23 23:05:16.580 +04:00 [INF] OPTIONS /api/v1/admin/users responded 204 in 0ms (user: anonymous)
2026-08-23 23:05:16.581 +04:00 [INF] OPTIONS /api/v1/favorites responded 204 in 0ms (user: anonymous)
2026-08-23 23:05:16.583 +04:00 [INF] OPTIONS /api/v1/stories responded 204 in 0ms (user: anonymous)
2026-08-23 23:05:16.584 +04:00 [INF] OPTIONS /api/v1/story-categories responded 204 in 0ms (user: anonymous)
2026-08-23 23:05:16.584 +04:00 [INF] OPTIONS /api/v1/story-levels responded 204 in 0ms (user: anonymous)
2026-08-23 23:05:16.611 +04:00 [INF] GET /api/v1/admin/dashboard responded 200 in 25ms (user: anonymous)
2026-08-23 23:05:16.612 +04:00 [INF] GET /api/v1/stories responded 200 in 2ms (user: anonymous)
2026-08-23 23:05:16.620 +04:00 [INF] GET /api/v1/favorites responded 200 in 3ms (user: anonymous)
2026-08-23 23:05:16.627 +04:00 [INF] GET /api/v1/admin/users responded 200 in 30ms (user: anonymous)
2026-08-23 23:05:16.634 +04:00 [INF] GET /api/v1/story-categories responded 200 in 1ms (user: anonymous)
2026-08-23 23:05:16.644 +04:00 [INF] GET /api/v1/story-levels responded 200 in 1ms (user: anonymous)
2026-08-23 23:05:16.662 +04:00 [INF] GET /api/v1/admin/dashboard responded 200 in 12ms (user: anonymous)
2026-08-23 23:05:16.679 +04:00 [INF] GET /api/v1/favorites responded 200 in 4ms (user: anonymous)
2026-08-23 23:05:16.692 +04:00 [INF] GET /api/v1/admin/users responded 200 in 33ms (user: anonymous)
2026-08-23 23:05:16.694 +04:00 [INF] GET /api/v1/admin/dashboard responded 200 in 29ms (user: anonymous)
2026-08-23 23:05:16.699 +04:00 [INF] GET /api/v1/stories responded 200 in 6ms (user: anonymous)
2026-08-23 23:05:16.716 +04:00 [INF] GET /api/v1/story-categories responded 200 in 1ms (user: anonymous)
2026-08-23 23:05:16.723 +04:00 [INF] GET /api/v1/story-levels responded 200 in 3ms (user: anonymous)
2026-08-23 23:05:37.764 +04:00 [INF] OPTIONS /api/v1/stories/3feed0f4-142f-4a75-8b22-4aa5da1b55cd responded 204 in 0ms (user: anonymous)
2026-08-23 23:05:37.769 +04:00 [INF] OPTIONS /api/v1/favorites responded 204 in 0ms (user: anonymous)
2026-08-23 23:05:37.770 +04:00 [INF] OPTIONS /api/v1/story-categories responded 204 in 0ms (user: anonymous)
2026-08-23 23:05:37.772 +04:00 [INF] OPTIONS /api/v1/story-levels responded 204 in 0ms (user: anonymous)
2026-08-23 23:05:37.772 +04:00 [INF] OPTIONS /api/v1/admin/dashboard responded 204 in 0ms (user: anonymous)
2026-08-23 23:05:37.773 +04:00 [INF] OPTIONS /api/v1/favorites responded 204 in 0ms (user: anonymous)
2026-08-23 23:05:37.773 +04:00 [INF] OPTIONS /api/v1/stories/3feed0f4-142f-4a75-8b22-4aa5da1b55cd responded 204 in 0ms (user: anonymous)
2026-08-23 23:05:37.773 +04:00 [INF] OPTIONS /api/v1/story-levels responded 204 in 0ms (user: anonymous)
2026-08-23 23:05:37.774 +04:00 [INF] OPTIONS /api/v1/story-categories responded 204 in 0ms (user: anonymous)
2026-08-23 23:05:37.798 +04:00 [INF] GET /api/v1/stories/3feed0f4-142f-4a75-8b22-4aa5da1b55cd responded 200 in 6ms (user: anonymous)
2026-08-23 23:05:37.800 +04:00 [INF] GET /api/v1/favorites responded 200 in 4ms (user: anonymous)
2026-08-23 23:05:37.815 +04:00 [INF] GET /api/v1/story-categories responded 200 in 0ms (user: anonymous)
2026-08-23 23:05:37.839 +04:00 [INF] GET /api/v1/story-levels responded 200 in 1ms (user: anonymous)
2026-08-23 23:05:37.874 +04:00 [INF] GET /api/v1/admin/dashboard responded 200 in 19ms (user: anonymous)
2026-08-23 23:05:37.875 +04:00 [INF] GET /api/v1/favorites responded 200 in 3ms (user: anonymous)
2026-08-23 23:05:37.888 +04:00 [INF] GET /api/v1/stories/3feed0f4-142f-4a75-8b22-4aa5da1b55cd responded 200 in 1ms (user: anonymous)
2026-08-23 23:05:37.906 +04:00 [INF] GET /api/v1/story-levels responded 200 in 1ms (user: anonymous)
2026-08-23 23:05:37.925 +04:00 [INF] GET /api/v1/story-categories responded 200 in 1ms (user: anonymous)
2026-08-23 23:05:40.696 +04:00 [INF] OPTIONS /api/v1/admin/users responded 204 in 0ms (user: anonymous)
2026-08-23 23:05:40.696 +04:00 [INF] OPTIONS /api/v1/stories responded 204 in 0ms (user: anonymous)
2026-08-23 23:05:40.697 +04:00 [INF] OPTIONS /api/v1/admin/users responded 204 in 0ms (user: anonymous)
2026-08-23 23:05:40.697 +04:00 [INF] OPTIONS /api/v1/stories responded 204 in 0ms (user: anonymous)
2026-08-23 23:05:40.698 +04:00 [INF] GET /api/v1/story-categories responded 200 in 0ms (user: anonymous)
2026-08-23 23:05:40.698 +04:00 [INF] GET /api/v1/story-levels responded 200 in 0ms (user: anonymous)
2026-08-23 23:05:40.701 +04:00 [INF] GET /api/v1/favorites responded 200 in 4ms (user: anonymous)
2026-08-23 23:05:40.709 +04:00 [INF] GET /api/v1/story-levels responded 200 in 1ms (user: anonymous)
2026-08-23 23:05:40.709 +04:00 [INF] GET /api/v1/story-categories responded 200 in 2ms (user: anonymous)
2026-08-23 23:05:40.714 +04:00 [INF] GET /api/v1/admin/dashboard responded 200 in 17ms (user: anonymous)
2026-08-23 23:05:40.715 +04:00 [INF] GET /api/v1/favorites responded 200 in 4ms (user: anonymous)
2026-08-23 23:05:40.738 +04:00 [INF] GET /api/v1/admin/dashboard responded 200 in 13ms (user: anonymous)
2026-08-23 23:05:40.744 +04:00 [INF] GET /api/v1/stories responded 200 in 4ms (user: anonymous)
2026-08-23 23:05:40.747 +04:00 [INF] GET /api/v1/admin/users responded 200 in 27ms (user: anonymous)
2026-08-23 23:05:40.759 +04:00 [INF] GET /api/v1/admin/dashboard responded 200 in 15ms (user: anonymous)
2026-08-23 23:05:40.773 +04:00 [INF] GET /api/v1/stories responded 200 in 2ms (user: anonymous)
2026-08-23 23:05:40.776 +04:00 [INF] GET /api/v1/admin/users responded 200 in 20ms (user: anonymous)
2026-08-23 23:06:05.644 +04:00 [INF] OPTIONS /api/v1/profile responded 204 in 0ms (user: anonymous)
2026-08-23 23:06:05.644 +04:00 [INF] OPTIONS /api/v1/stories responded 204 in 0ms (user: anonymous)
2026-08-23 23:06:05.644 +04:00 [INF] OPTIONS /api/v1/favorites responded 204 in 0ms (user: anonymous)
2026-08-23 23:06:05.646 +04:00 [INF] OPTIONS /api/v1/stories responded 204 in 0ms (user: anonymous)
2026-08-23 23:06:05.646 +04:00 [INF] OPTIONS /api/v1/story-categories responded 204 in 0ms (user: anonymous)
2026-08-23 23:06:05.647 +04:00 [INF] OPTIONS /api/v1/profile responded 204 in 0ms (user: anonymous)
2026-08-23 23:06:05.648 +04:00 [INF] OPTIONS /api/v1/favorites responded 204 in 0ms (user: anonymous)
2026-08-23 23:06:05.649 +04:00 [INF] OPTIONS /api/v1/story-categories responded 204 in 0ms (user: anonymous)
2026-08-23 23:06:05.682 +04:00 [INF] GET /api/v1/stories responded 200 in 1ms (user: anonymous)
2026-08-23 23:06:05.685 +04:00 [INF] GET /api/v1/profile responded 200 in 15ms (user: anonymous)
2026-08-23 23:06:05.700 +04:00 [INF] GET /api/v1/favorites responded 200 in 8ms (user: anonymous)
2026-08-23 23:06:05.708 +04:00 [INF] GET /api/v1/stories responded 200 in 1ms (user: anonymous)
2026-08-23 23:06:05.720 +04:00 [INF] GET /api/v1/story-categories responded 200 in 1ms (user: anonymous)
2026-08-23 23:06:05.753 +04:00 [INF] GET /api/v1/favorites responded 200 in 10ms (user: anonymous)
2026-08-23 23:06:05.756 +04:00 [INF] GET /api/v1/profile responded 200 in 24ms (user: anonymous)
2026-08-23 23:06:05.771 +04:00 [INF] GET /api/v1/story-categories responded 200 in 17ms (user: anonymous)
2026-08-23 23:06:07.611 +04:00 [INF] GET /api/v1/profile responded 200 in 17ms (user: anonymous)
2026-08-23 23:06:07.643 +04:00 [INF] GET /api/v1/profile responded 200 in 22ms (user: anonymous)
2026-08-23 23:06:26.688 +04:00 [INF] OPTIONS /api/v1/profile responded 204 in 0ms (user: anonymous)
2026-08-23 23:06:26.688 +04:00 [INF] OPTIONS /api/v1/profile responded 204 in 0ms (user: anonymous)
2026-08-23 23:06:26.690 +04:00 [INF] OPTIONS /api/v1/favorites responded 204 in 0ms (user: anonymous)
2026-08-23 23:06:26.690 +04:00 [INF] OPTIONS /api/v1/stories responded 204 in 0ms (user: anonymous)
2026-08-23 23:06:26.693 +04:00 [INF] OPTIONS /api/v1/profile responded 204 in 0ms (user: anonymous)
2026-08-23 23:06:26.694 +04:00 [INF] OPTIONS /api/v1/profile responded 204 in 0ms (user: anonymous)
2026-08-23 23:06:26.694 +04:00 [INF] OPTIONS /api/v1/stories responded 204 in 0ms (user: anonymous)
2026-08-23 23:06:26.694 +04:00 [INF] OPTIONS /api/v1/favorites responded 204 in 0ms (user: anonymous)
2026-08-23 23:06:26.734 +04:00 [INF] GET /api/v1/profile responded 200 in 29ms (user: anonymous)
2026-08-23 23:06:26.749 +04:00 [INF] GET /api/v1/favorites responded 200 in 3ms (user: anonymous)
2026-08-23 23:06:26.757 +04:00 [INF] GET /api/v1/profile responded 200 in 19ms (user: anonymous)
2026-08-23 23:06:26.776 +04:00 [INF] GET /api/v1/stories responded 200 in 11ms (user: anonymous)
2026-08-23 23:06:26.795 +04:00 [INF] GET /api/v1/profile responded 200 in 14ms (user: anonymous)
2026-08-23 23:06:26.819 +04:00 [INF] GET /api/v1/stories responded 200 in 4ms (user: anonymous)
2026-08-23 23:06:26.822 +04:00 [INF] GET /api/v1/profile responded 200 in 22ms (user: anonymous)
2026-08-23 23:06:26.840 +04:00 [INF] GET /api/v1/favorites responded 200 in 3ms (user: anonymous)
2026-08-23 23:08:03.773 +04:00 [INF] OPTIONS /api/v1/progress/achievements responded 204 in 0ms (user: anonymous)
2026-08-23 23:08:03.773 +04:00 [INF] OPTIONS /api/v1/profile responded 204 in 0ms (user: anonymous)
2026-08-23 23:08:03.773 +04:00 [INF] OPTIONS /api/v1/profile responded 204 in 0ms (user: anonymous)
2026-08-23 23:08:03.774 +04:00 [INF] OPTIONS /api/v1/progress/sessions responded 204 in 0ms (user: anonymous)
2026-08-23 23:08:03.778 +04:00 [INF] OPTIONS /api/v1/profile/badges responded 204 in 0ms (user: anonymous)
2026-08-23 23:08:03.780 +04:00 [INF] OPTIONS /api/v1/profile responded 204 in 0ms (user: anonymous)
2026-08-23 23:08:03.781 +04:00 [INF] OPTIONS /api/v1/profile responded 204 in 0ms (user: anonymous)
2026-08-23 23:08:03.782 +04:00 [INF] OPTIONS /api/v1/progress/achievements responded 204 in 0ms (user: anonymous)
2026-08-23 23:08:03.783 +04:00 [INF] OPTIONS /api/v1/progress/sessions responded 204 in 0ms (user: anonymous)
2026-08-23 23:08:03.785 +04:00 [INF] OPTIONS /api/v1/profile/badges responded 204 in 0ms (user: anonymous)
2026-08-23 23:08:03.795 +04:00 [INF] GET /api/v1/progress/achievements responded 404 in 0ms (user: anonymous)
2026-08-23 23:08:03.837 +04:00 [INF] GET /api/v1/profile responded 200 in 25ms (user: anonymous)
2026-08-23 23:08:03.843 +04:00 [INF] GET /api/v1/progress/sessions responded 404 in 0ms (user: anonymous)
2026-08-23 23:08:03.858 +04:00 [INF] GET /api/v1/profile responded 200 in 15ms (user: anonymous)
2026-08-23 23:08:03.861 +04:00 [INF] GET /api/v1/profile/badges responded 404 in 0ms (user: anonymous)
2026-08-23 23:08:03.898 +04:00 [INF] GET /api/v1/profile responded 200 in 18ms (user: anonymous)
2026-08-23 23:08:03.922 +04:00 [INF] GET /api/v1/profile responded 200 in 20ms (user: anonymous)
2026-08-23 23:08:03.972 +04:00 [INF] GET /api/v1/progress/achievements responded 404 in 0ms (user: anonymous)
2026-08-23 23:08:04.011 +04:00 [INF] GET /api/v1/progress/sessions responded 404 in 0ms (user: anonymous)
2026-08-23 23:08:04.040 +04:00 [INF] GET /api/v1/profile/badges responded 404 in 1ms (user: anonymous)
2026-08-23 23:08:08.387 +04:00 [INF] GET /api/v1/profile responded 200 in 13ms (user: anonymous)
2026-08-23 23:08:08.407 +04:00 [INF] GET /api/v1/profile responded 200 in 14ms (user: anonymous)
2026-08-23 23:08:08.429 +04:00 [INF] GET /api/v1/profile responded 200 in 18ms (user: anonymous)
2026-08-23 23:08:08.447 +04:00 [INF] GET /api/v1/profile responded 200 in 15ms (user: anonymous)
2026-08-23 23:08:08.485 +04:00 [INF] GET /api/v1/profile responded 200 in 32ms (user: anonymous)
2026-08-23 23:08:08.517 +04:00 [INF] GET /api/v1/profile responded 200 in 25ms (user: anonymous)
2026-08-23 23:08:09.552 +04:00 [INF] OPTIONS /api/v1/profile responded 204 in 0ms (user: anonymous)
2026-08-23 23:08:09.552 +04:00 [INF] OPTIONS /api/v1/profile responded 204 in 0ms (user: anonymous)
2026-08-23 23:08:09.552 +04:00 [INF] OPTIONS /api/v1/leaderboard responded 204 in 0ms (user: anonymous)
2026-08-23 23:08:09.552 +04:00 [INF] OPTIONS /api/v1/profile responded 204 in 0ms (user: anonymous)
2026-08-23 23:08:09.552 +04:00 [INF] OPTIONS /api/v1/profile responded 204 in 0ms (user: anonymous)
2026-08-23 23:08:09.553 +04:00 [INF] OPTIONS /api/v1/leaderboard responded 204 in 0ms (user: anonymous)
2026-08-23 23:08:09.583 +04:00 [INF] GET /api/v1/profile responded 200 in 15ms (user: anonymous)
2026-08-23 23:08:09.605 +04:00 [INF] GET /api/v1/profile responded 200 in 20ms (user: anonymous)
2026-08-23 23:08:09.632 +04:00 [INF] GET /api/v1/profile responded 200 in 24ms (user: anonymous)
2026-08-23 23:08:09.633 +04:00 [INF] GET /api/v1/leaderboard responded 200 in 37ms (user: anonymous)
2026-08-23 23:08:09.644 +04:00 [INF] GET /api/v1/profile responded 200 in 22ms (user: anonymous)
2026-08-23 23:08:09.685 +04:00 [INF] GET /api/v1/leaderboard responded 200 in 48ms (user: anonymous)
2026-08-23 23:08:09.729 +04:00 [INF] GET /uploads/profile-pictures/918aa3dd2437495c809d955a58ac1bd9.png responded 200 in 5ms (user: anonymous)
2026-08-23 23:08:12.504 +04:00 [INF] OPTIONS /api/v1/vocabularies responded 204 in 0ms (user: anonymous)
2026-08-23 23:08:12.504 +04:00 [INF] OPTIONS /api/v1/vocabularies responded 204 in 0ms (user: anonymous)
2026-08-23 23:08:12.531 +04:00 [INF] GET /api/v1/profile responded 200 in 26ms (user: anonymous)
2026-08-23 23:08:12.565 +04:00 [INF] GET /api/v1/profile responded 200 in 26ms (user: anonymous)
2026-08-23 23:08:12.631 +04:00 [INF] GET /api/v1/vocabularies responded 200 in 103ms (user: anonymous)
2026-08-23 23:08:12.652 +04:00 [INF] GET /api/v1/vocabularies responded 200 in 16ms (user: anonymous)
2026-08-23 23:08:12.757 +04:00 [INF] GET /api/v1/vocabularies responded 200 in 26ms (user: anonymous)
2026-08-23 23:08:12.795 +04:00 [INF] GET /api/v1/vocabularies responded 200 in 31ms (user: anonymous)
2026-08-23 23:08:12.828 +04:00 [INF] OPTIONS /api/v1/translations/translate responded 204 in 0ms (user: anonymous)
2026-08-23 23:08:14.549 +04:00 [INF] POST /api/v1/translations/translate responded 200 in 1701ms (user: anonymous)
2026-08-23 23:35:03.002 +04:00 [INF] OPTIONS /api/v1/auth/refresh-token responded 204 in 0ms (user: anonymous)
2026-08-23 23:35:03.390 +04:00 [INF] OPTIONS /api/v1/auth/refresh-token responded 204 in 0ms (user: anonymous)
2026-08-23 23:35:05.442 +04:00 [INF] POST /api/v1/auth/refresh-token responded 200 in 2422ms (user: anonymous)
2026-08-23 23:35:05.444 +04:00 [INF] POST /api/v1/auth/refresh-token responded 200 in 2037ms (user: anonymous)
2026-08-23 23:35:05.468 +04:00 [INF] OPTIONS /api/v1/admin/dashboard responded 204 in 0ms (user: anonymous)
2026-08-23 23:35:05.468 +04:00 [INF] OPTIONS /api/v1/admin/dashboard responded 204 in 0ms (user: anonymous)
2026-08-23 23:35:05.473 +04:00 [INF] OPTIONS /api/v1/vocabularies responded 204 in 0ms (user: anonymous)
2026-08-23 23:35:05.474 +04:00 [INF] OPTIONS /api/v1/profile responded 204 in 0ms (user: anonymous)
2026-08-23 23:35:05.475 +04:00 [INF] OPTIONS /api/v1/vocabularies responded 204 in 0ms (user: anonymous)
2026-08-23 23:35:05.475 +04:00 [INF] OPTIONS /api/v1/profile responded 204 in 0ms (user: anonymous)
2026-08-23 23:35:05.546 +04:00 [INF] GET /api/v1/admin/dashboard responded 200 in 62ms (user: anonymous)
2026-08-23 23:35:05.549 +04:00 [INF] GET /api/v1/vocabularies responded 200 in 45ms (user: anonymous)
2026-08-23 23:35:05.567 +04:00 [INF] GET /api/v1/admin/dashboard responded 200 in 17ms (user: anonymous)
2026-08-23 23:35:05.572 +04:00 [INF] GET /api/v1/vocabularies responded 200 in 19ms (user: anonymous)
2026-08-23 23:35:05.587 +04:00 [INF] GET /api/v1/profile responded 200 in 72ms (user: anonymous)
2026-08-23 23:35:05.587 +04:00 [INF] OPTIONS /api/v1/admin/users responded 204 in 0ms (user: anonymous)
2026-08-23 23:35:05.587 +04:00 [INF] OPTIONS /api/v1/stories responded 204 in 0ms (user: anonymous)
2026-08-23 23:35:05.589 +04:00 [INF] OPTIONS /api/v1/favorites responded 204 in 0ms (user: anonymous)
2026-08-23 23:35:05.591 +04:00 [INF] OPTIONS /api/v1/story-categories responded 204 in 0ms (user: anonymous)
2026-08-23 23:35:05.592 +04:00 [INF] OPTIONS /api/v1/story-levels responded 204 in 0ms (user: anonymous)
2026-08-23 23:35:05.602 +04:00 [INF] OPTIONS /api/v1/admin/users responded 204 in 0ms (user: anonymous)
2026-08-23 23:35:05.603 +04:00 [INF] OPTIONS /api/v1/stories responded 204 in 0ms (user: anonymous)
2026-08-23 23:35:05.603 +04:00 [INF] GET /api/v1/admin/dashboard responded 200 in 13ms (user: anonymous)
2026-08-23 23:35:05.607 +04:00 [INF] OPTIONS /api/v1/favorites responded 204 in 0ms (user: anonymous)
2026-08-23 23:35:05.613 +04:00 [INF] GET /api/v1/profile responded 200 in 21ms (user: anonymous)
2026-08-23 23:35:05.617 +04:00 [INF] OPTIONS /api/v1/story-categories responded 204 in 0ms (user: anonymous)
2026-08-23 23:35:05.620 +04:00 [INF] GET /api/v1/admin/dashboard responded 200 in 14ms (user: anonymous)
2026-08-23 23:35:05.620 +04:00 [INF] OPTIONS /api/v1/story-levels responded 204 in 0ms (user: anonymous)
2026-08-23 23:35:05.683 +04:00 [INF] GET /api/v1/favorites responded 200 in 58ms (user: anonymous)
2026-08-23 23:35:05.684 +04:00 [INF] GET /api/v1/stories responded 200 in 64ms (user: anonymous)
2026-08-23 23:35:05.687 +04:00 [INF] GET /api/v1/admin/users responded 200 in 78ms (user: anonymous)
2026-08-23 23:35:05.691 +04:00 [INF] GET /api/v1/stories responded 200 in 1ms (user: anonymous)
2026-08-23 23:35:05.696 +04:00 [INF] GET /api/v1/favorites responded 200 in 6ms (user: anonymous)
2026-08-23 23:35:05.724 +04:00 [INF] GET /api/v1/story-levels responded 200 in 75ms (user: anonymous)
2026-08-23 23:35:05.730 +04:00 [INF] GET /api/v1/story-levels responded 200 in 0ms (user: anonymous)
2026-08-23 23:35:05.747 +04:00 [INF] GET /api/v1/admin/users responded 200 in 56ms (user: anonymous)
2026-08-23 23:35:05.754 +04:00 [INF] GET /api/v1/story-categories responded 200 in 115ms (user: anonymous)
2026-08-23 23:35:05.759 +04:00 [INF] GET /api/v1/story-categories responded 200 in 0ms (user: anonymous)
2026-08-23 23:35:05.854 +04:00 [INF] GET /api/v1/vocabularies responded 200 in 11ms (user: anonymous)
2026-08-23 23:35:05.872 +04:00 [INF] GET /api/v1/vocabularies responded 200 in 13ms (user: anonymous)
2026-08-23 23:35:05.945 +04:00 [INF] OPTIONS /api/v1/translations/translate responded 204 in 0ms (user: anonymous)
2026-08-23 23:35:08.840 +04:00 [INF] POST /api/v1/translations/translate responded 200 in 2884ms (user: anonymous)
2026-08-23 23:36:02.862 +04:00 [INF] OPTIONS /api/v1/stories responded 204 in 0ms (user: anonymous)
2026-08-23 23:36:02.862 +04:00 [INF] OPTIONS /api/v1/profile responded 204 in 0ms (user: anonymous)
2026-08-23 23:36:02.864 +04:00 [INF] OPTIONS /api/v1/favorites responded 204 in 0ms (user: anonymous)
2026-08-23 23:36:02.864 +04:00 [INF] OPTIONS /api/v1/story-categories responded 204 in 0ms (user: anonymous)
2026-08-23 23:36:02.864 +04:00 [INF] OPTIONS /api/v1/profile responded 204 in 0ms (user: anonymous)
2026-08-23 23:36:02.865 +04:00 [INF] OPTIONS /api/v1/stories responded 204 in 0ms (user: anonymous)
2026-08-23 23:36:02.866 +04:00 [INF] OPTIONS /api/v1/favorites responded 204 in 0ms (user: anonymous)
2026-08-23 23:36:02.866 +04:00 [INF] OPTIONS /api/v1/story-categories responded 204 in 0ms (user: anonymous)
2026-08-23 23:36:02.875 +04:00 [INF] GET /api/v1/stories responded 200 in 1ms (user: anonymous)
2026-08-23 23:36:02.897 +04:00 [INF] GET /api/v1/favorites responded 200 in 2ms (user: anonymous)
2026-08-23 23:36:02.898 +04:00 [INF] GET /api/v1/profile responded 200 in 10ms (user: anonymous)
2026-08-23 23:36:02.907 +04:00 [INF] GET /api/v1/story-categories responded 200 in 0ms (user: anonymous)
2026-08-23 23:36:02.935 +04:00 [INF] GET /api/v1/stories responded 200 in 4ms (user: anonymous)
2026-08-23 23:36:02.942 +04:00 [INF] GET /api/v1/favorites responded 200 in 3ms (user: anonymous)
2026-08-23 23:36:02.943 +04:00 [INF] GET /api/v1/profile responded 200 in 19ms (user: anonymous)
2026-08-23 23:36:02.952 +04:00 [INF] GET /api/v1/story-categories responded 200 in 1ms (user: anonymous)
2026-08-23 23:36:08.751 +04:00 [INF] OPTIONS /api/v1/profile responded 204 in 0ms (user: anonymous)
2026-08-23 23:36:08.752 +04:00 [INF] OPTIONS /api/v1/stories responded 204 in 0ms (user: anonymous)
2026-08-23 23:36:08.752 +04:00 [INF] OPTIONS /api/v1/favorites responded 204 in 0ms (user: anonymous)
2026-08-23 23:36:08.752 +04:00 [INF] OPTIONS /api/v1/story-categories responded 204 in 0ms (user: anonymous)
2026-08-23 23:36:08.779 +04:00 [INF] GET /api/v1/stories responded 200 in 2ms (user: anonymous)
2026-08-23 23:36:08.786 +04:00 [INF] GET /api/v1/profile responded 200 in 18ms (user: anonymous)
2026-08-23 23:36:08.796 +04:00 [INF] GET /api/v1/story-categories responded 200 in 1ms (user: anonymous)
2026-08-23 23:36:08.797 +04:00 [INF] GET /api/v1/favorites responded 200 in 5ms (user: anonymous)
2026-08-23 23:36:09.249 +04:00 [INF] OPTIONS /api/v1/admin/dashboard responded 204 in 0ms (user: anonymous)
2026-08-23 23:36:09.249 +04:00 [INF] OPTIONS /api/v1/admin/users responded 204 in 0ms (user: anonymous)
2026-08-23 23:36:09.251 +04:00 [INF] OPTIONS /api/v1/favorites responded 204 in 0ms (user: anonymous)
2026-08-23 23:36:09.251 +04:00 [INF] OPTIONS /api/v1/story-levels responded 204 in 0ms (user: anonymous)
2026-08-23 23:36:09.251 +04:00 [INF] OPTIONS /api/v1/stories responded 204 in 0ms (user: anonymous)
2026-08-23 23:36:09.251 +04:00 [INF] OPTIONS /api/v1/story-categories responded 204 in 0ms (user: anonymous)
2026-08-23 23:36:09.251 +04:00 [INF] OPTIONS /api/v1/admin/dashboard responded 204 in 0ms (user: anonymous)
2026-08-23 23:36:09.286 +04:00 [INF] GET /api/v1/admin/dashboard responded 200 in 22ms (user: anonymous)
2026-08-23 23:36:09.291 +04:00 [INF] GET /api/v1/favorites responded 200 in 3ms (user: anonymous)
2026-08-23 23:36:09.300 +04:00 [INF] GET /api/v1/story-levels responded 200 in 1ms (user: anonymous)
2026-08-23 23:36:09.301 +04:00 [INF] GET /api/v1/admin/users responded 200 in 22ms (user: anonymous)
2026-08-23 23:36:09.313 +04:00 [INF] GET /api/v1/stories responded 200 in 1ms (user: anonymous)
2026-08-23 23:36:09.318 +04:00 [INF] GET /api/v1/story-categories responded 200 in 0ms (user: anonymous)
2026-08-23 23:36:09.446 +04:00 [INF] GET /api/v1/admin/dashboard responded 200 in 117ms (user: anonymous)
2026-08-23 23:36:09.770 +04:00 [INF] GET /api/v1/profile responded 200 in 10ms (user: anonymous)
2026-08-23 23:36:09.788 +04:00 [INF] GET /api/v1/profile responded 200 in 11ms (user: anonymous)
2026-08-23 23:36:11.298 +04:00 [INF] OPTIONS /api/v1/blog/3 responded 204 in 0ms (user: anonymous)
2026-08-23 23:36:11.298 +04:00 [INF] OPTIONS /api/v1/blog/3 responded 204 in 0ms (user: anonymous)
2026-08-23 23:36:11.312 +04:00 [INF] GET /api/v1/profile responded 200 in 13ms (user: anonymous)
2026-08-23 23:36:11.316 +04:00 [INF] GET /api/v1/blog/3 responded 404 in 1ms (user: anonymous)
2026-08-23 23:36:11.330 +04:00 [INF] GET /api/v1/profile responded 200 in 14ms (user: anonymous)
2026-08-23 23:36:11.363 +04:00 [INF] GET /api/v1/blog/3 responded 404 in 0ms (user: anonymous)
2026-08-23 23:36:35.232 +04:00 [INF] OPTIONS /api/v1/blog/3 responded 204 in 0ms (user: anonymous)
2026-08-23 23:36:35.232 +04:00 [INF] OPTIONS /api/v1/profile responded 204 in 0ms (user: anonymous)
2026-08-23 23:36:35.232 +04:00 [INF] OPTIONS /api/v1/blog responded 204 in 0ms (user: anonymous)
2026-08-23 23:36:35.233 +04:00 [INF] OPTIONS /api/v1/profile responded 204 in 0ms (user: anonymous)
2026-08-23 23:36:35.234 +04:00 [INF] OPTIONS /api/v1/blog/3 responded 204 in 0ms (user: anonymous)
2026-08-23 23:36:35.237 +04:00 [INF] OPTIONS /api/v1/blog responded 204 in 0ms (user: anonymous)
2026-08-23 23:36:35.246 +04:00 [INF] GET /api/v1/blog/3 responded 404 in 0ms (user: anonymous)
2026-08-23 23:36:35.254 +04:00 [INF] GET /api/v1/blog responded 404 in 0ms (user: anonymous)
2026-08-23 23:36:35.261 +04:00 [INF] GET /api/v1/profile responded 200 in 11ms (user: anonymous)
2026-08-23 23:36:35.270 +04:00 [INF] GET /api/v1/profile responded 200 in 7ms (user: anonymous)
2026-08-23 23:36:35.292 +04:00 [INF] GET /api/v1/blog/3 responded 404 in 0ms (user: anonymous)
2026-08-23 23:36:35.307 +04:00 [INF] GET /api/v1/blog responded 404 in 0ms (user: anonymous)
2026-08-23 23:36:46.069 +04:00 [INF] OPTIONS /api/v1/profile responded 204 in 0ms (user: anonymous)
2026-08-23 23:36:46.069 +04:00 [INF] OPTIONS /api/v1/blog responded 204 in 0ms (user: anonymous)
2026-08-23 23:36:46.069 +04:00 [INF] OPTIONS /api/v1/blog/3 responded 204 in 0ms (user: anonymous)
2026-08-23 23:36:46.069 +04:00 [INF] OPTIONS /api/v1/blog responded 204 in 0ms (user: anonymous)
2026-08-23 23:36:46.069 +04:00 [INF] OPTIONS /api/v1/blog/3 responded 204 in 0ms (user: anonymous)
2026-08-23 23:36:46.069 +04:00 [INF] OPTIONS /api/v1/profile responded 204 in 0ms (user: anonymous)
2026-08-23 23:36:46.101 +04:00 [INF] GET /api/v1/blog responded 404 in 0ms (user: anonymous)
2026-08-23 23:36:46.111 +04:00 [INF] GET /api/v1/profile responded 200 in 24ms (user: anonymous)
2026-08-23 23:36:46.118 +04:00 [INF] GET /api/v1/blog/3 responded 404 in 2ms (user: anonymous)
2026-08-23 23:36:46.147 +04:00 [INF] GET /api/v1/blog responded 404 in 1ms (user: anonymous)
2026-08-23 23:36:46.155 +04:00 [INF] GET /api/v1/profile responded 200 in 17ms (user: anonymous)
2026-08-23 23:36:46.166 +04:00 [INF] GET /api/v1/blog/3 responded 404 in 0ms (user: anonymous)
2026-08-23 23:36:54.051 +04:00 [INF] OPTIONS /api/v1/blog responded 204 in 0ms (user: anonymous)
2026-08-23 23:36:54.051 +04:00 [INF] OPTIONS /api/v1/blog responded 204 in 0ms (user: anonymous)
2026-08-23 23:36:54.051 +04:00 [INF] OPTIONS /api/v1/profile responded 204 in 0ms (user: anonymous)
2026-08-23 23:36:54.051 +04:00 [INF] OPTIONS /api/v1/profile responded 204 in 0ms (user: anonymous)
2026-08-23 23:36:54.071 +04:00 [INF] GET /api/v1/blog responded 404 in 0ms (user: anonymous)
2026-08-23 23:36:54.114 +04:00 [INF] GET /api/v1/profile responded 200 in 24ms (user: anonymous)
2026-08-23 23:36:54.127 +04:00 [INF] GET /api/v1/blog responded 404 in 1ms (user: anonymous)
2026-08-23 23:36:54.138 +04:00 [INF] GET /api/v1/profile responded 200 in 18ms (user: anonymous)
2026-08-23 23:36:55.236 +04:00 [INF] OPTIONS /api/v1/blog/3 responded 204 in 0ms (user: anonymous)
2026-08-23 23:36:55.236 +04:00 [INF] OPTIONS /api/v1/blog/3 responded 204 in 0ms (user: anonymous)
2026-08-23 23:36:55.237 +04:00 [INF] GET /api/v1/blog responded 404 in 0ms (user: anonymous)
2026-08-23 23:36:55.251 +04:00 [INF] GET /api/v1/blog/3 responded 404 in 0ms (user: anonymous)
2026-08-23 23:36:55.252 +04:00 [INF] GET /api/v1/profile responded 200 in 15ms (user: anonymous)
2026-08-23 23:36:55.271 +04:00 [INF] GET /api/v1/profile responded 200 in 16ms (user: anonymous)
2026-08-23 23:36:55.277 +04:00 [INF] GET /api/v1/blog responded 404 in 0ms (user: anonymous)
2026-08-23 23:36:55.286 +04:00 [INF] GET /api/v1/blog/3 responded 404 in 0ms (user: anonymous)
2026-08-23 23:37:02.494 +04:00 [INF] OPTIONS /api/v1/profile responded 204 in 0ms (user: anonymous)
2026-08-23 23:37:02.494 +04:00 [INF] OPTIONS /api/v1/profile responded 204 in 0ms (user: anonymous)
2026-08-23 23:37:02.494 +04:00 [INF] OPTIONS /api/v1/blog responded 204 in 0ms (user: anonymous)
2026-08-23 23:37:02.494 +04:00 [INF] OPTIONS /api/v1/blog responded 204 in 0ms (user: anonymous)
2026-08-23 23:37:02.519 +04:00 [INF] GET /api/v1/profile responded 200 in 14ms (user: anonymous)
2026-08-23 23:37:02.538 +04:00 [INF] GET /api/v1/profile responded 200 in 13ms (user: anonymous)
2026-08-23 23:37:02.538 +04:00 [INF] GET /api/v1/blog responded 404 in 0ms (user: anonymous)
2026-08-23 23:37:02.605 +04:00 [INF] GET /api/v1/blog responded 404 in 0ms (user: anonymous)
2026-08-23 23:37:04.791 +04:00 [INF] OPTIONS /api/v1/blog/3 responded 204 in 0ms (user: anonymous)
2026-08-23 23:37:04.792 +04:00 [INF] OPTIONS /api/v1/blog/3 responded 204 in 0ms (user: anonymous)
2026-08-23 23:37:04.794 +04:00 [INF] GET /api/v1/blog responded 404 in 1ms (user: anonymous)
2026-08-23 23:37:04.805 +04:00 [INF] GET /api/v1/profile responded 200 in 14ms (user: anonymous)
2026-08-23 23:37:04.818 +04:00 [INF] GET /api/v1/blog/3 responded 404 in 0ms (user: anonymous)
2026-08-23 23:37:04.835 +04:00 [INF] GET /api/v1/profile responded 200 in 17ms (user: anonymous)
2026-08-23 23:37:04.851 +04:00 [INF] GET /api/v1/blog responded 404 in 0ms (user: anonymous)
2026-08-23 23:37:04.886 +04:00 [INF] GET /api/v1/blog/3 responded 404 in 0ms (user: anonymous)
2026-08-23 23:37:07.682 +04:00 [INF] OPTIONS /api/v1/blog responded 204 in 0ms (user: anonymous)
2026-08-23 23:37:07.682 +04:00 [INF] OPTIONS /api/v1/profile responded 204 in 0ms (user: anonymous)
2026-08-23 23:37:07.682 +04:00 [INF] OPTIONS /api/v1/blog responded 204 in 0ms (user: anonymous)
2026-08-23 23:37:07.682 +04:00 [INF] OPTIONS /api/v1/profile responded 204 in 0ms (user: anonymous)
2026-08-23 23:37:07.701 +04:00 [INF] GET /api/v1/blog responded 404 in 0ms (user: anonymous)
2026-08-23 23:37:07.735 +04:00 [INF] GET /api/v1/profile responded 200 in 18ms (user: anonymous)
2026-08-23 23:37:07.760 +04:00 [INF] GET /api/v1/profile responded 200 in 14ms (user: anonymous)
2026-08-23 23:37:07.764 +04:00 [INF] GET /api/v1/blog responded 404 in 0ms (user: anonymous)
2026-08-23 23:37:08.560 +04:00 [INF] GET /api/v1/blog responded 404 in 0ms (user: anonymous)
2026-08-23 23:37:08.560 +04:00 [INF] GET /api/v1/blog/3 responded 404 in 0ms (user: anonymous)
2026-08-23 23:37:08.585 +04:00 [INF] GET /api/v1/blog responded 404 in 0ms (user: anonymous)
2026-08-23 23:37:08.594 +04:00 [INF] GET /api/v1/profile responded 200 in 34ms (user: anonymous)
2026-08-23 23:37:08.602 +04:00 [INF] GET /api/v1/blog/3 responded 404 in 0ms (user: anonymous)
2026-08-23 23:37:08.616 +04:00 [INF] GET /api/v1/profile responded 200 in 16ms (user: anonymous)
2026-08-23 23:37:21.236 +04:00 [INF] OPTIONS /api/v1/admin/dashboard responded 204 in 0ms (user: anonymous)
2026-08-23 23:37:21.236 +04:00 [INF] OPTIONS /api/v1/stories responded 204 in 0ms (user: anonymous)
2026-08-23 23:37:21.236 +04:00 [INF] OPTIONS /api/v1/admin/users responded 204 in 0ms (user: anonymous)
2026-08-23 23:37:21.237 +04:00 [INF] OPTIONS /api/v1/story-categories responded 204 in 0ms (user: anonymous)
2026-08-23 23:37:21.237 +04:00 [INF] OPTIONS /api/v1/favorites responded 204 in 0ms (user: anonymous)
2026-08-23 23:37:21.237 +04:00 [INF] OPTIONS /api/v1/story-levels responded 204 in 0ms (user: anonymous)
2026-08-23 23:37:21.238 +04:00 [INF] OPTIONS /api/v1/admin/dashboard responded 204 in 0ms (user: anonymous)
2026-08-23 23:37:21.250 +04:00 [INF] OPTIONS /api/v1/profile responded 204 in 1ms (user: anonymous)
2026-08-23 23:37:21.253 +04:00 [INF] OPTIONS /api/v1/blog/3 responded 204 in 0ms (user: anonymous)
2026-08-23 23:37:21.254 +04:00 [INF] OPTIONS /api/v1/blog responded 204 in 0ms (user: anonymous)
2026-08-23 23:37:21.272 +04:00 [INF] GET /api/v1/admin/dashboard responded 200 in 17ms (user: anonymous)
2026-08-23 23:37:21.275 +04:00 [INF] GET /api/v1/stories responded 200 in 12ms (user: anonymous)
2026-08-23 23:37:21.284 +04:00 [INF] GET /api/v1/story-categories responded 200 in 0ms (user: anonymous)
2026-08-23 23:37:21.293 +04:00 [INF] GET /api/v1/admin/users responded 200 in 20ms (user: anonymous)
2026-08-23 23:37:21.297 +04:00 [INF] GET /api/v1/favorites responded 200 in 3ms (user: anonymous)
2026-08-23 23:37:21.306 +04:00 [INF] GET /api/v1/story-levels responded 200 in 2ms (user: anonymous)
2026-08-23 23:37:21.326 +04:00 [INF] GET /api/v1/admin/dashboard responded 200 in 11ms (user: anonymous)
2026-08-23 23:37:21.333 +04:00 [INF] GET /api/v1/blog/3 responded 404 in 0ms (user: anonymous)
2026-08-23 23:37:21.345 +04:00 [INF] GET /api/v1/blog responded 404 in 0ms (user: anonymous)
2026-08-23 23:37:21.345 +04:00 [INF] GET /api/v1/profile responded 200 in 21ms (user: anonymous)
2026-08-23 23:37:25.427 +04:00 [INF] GET /api/v1/blog responded 404 in 0ms (user: anonymous)
2026-08-23 23:37:25.433 +04:00 [INF] GET /api/v1/blog responded 404 in 0ms (user: anonymous)
2026-08-23 23:37:25.435 +04:00 [INF] GET /api/v1/profile responded 200 in 8ms (user: anonymous)
2026-08-23 23:37:25.453 +04:00 [INF] GET /api/v1/profile responded 200 in 14ms (user: anonymous)
2026-08-23 23:37:26.290 +04:00 [INF] OPTIONS /api/v1/blog/4 responded 204 in 0ms (user: anonymous)
2026-08-23 23:37:26.291 +04:00 [INF] OPTIONS /api/v1/blog/4 responded 204 in 0ms (user: anonymous)
2026-08-23 23:37:26.294 +04:00 [INF] GET /api/v1/blog responded 404 in 0ms (user: anonymous)
2026-08-23 23:37:26.310 +04:00 [INF] OPTIONS /api/v1/blog/4 responded 204 in 0ms (user: anonymous)
2026-08-23 23:37:26.312 +04:00 [INF] GET /api/v1/profile responded 200 in 18ms (user: anonymous)
2026-08-23 23:37:26.313 +04:00 [INF] GET /api/v1/blog/4 responded 404 in 1ms (user: anonymous)
2026-08-23 23:37:26.338 +04:00 [INF] GET /api/v1/profile responded 200 in 20ms (user: anonymous)
2026-08-23 23:37:26.339 +04:00 [INF] GET /api/v1/blog responded 404 in 0ms (user: anonymous)
2026-08-23 23:37:26.364 +04:00 [INF] GET /api/v1/blog/4 responded 404 in 0ms (user: anonymous)
2026-08-23 23:37:26.380 +04:00 [INF] GET /api/v1/blog responded 404 in 0ms (user: anonymous)
2026-08-23 23:37:26.386 +04:00 [INF] GET /api/v1/blog/4 responded 404 in 0ms (user: anonymous)
2026-08-23 23:37:28.427 +04:00 [INF] OPTIONS /api/v1/profile responded 204 in 0ms (user: anonymous)
2026-08-23 23:37:28.427 +04:00 [INF] OPTIONS /api/v1/blog responded 204 in 0ms (user: anonymous)
2026-08-23 23:37:28.427 +04:00 [INF] OPTIONS /api/v1/blog responded 204 in 0ms (user: anonymous)
2026-08-23 23:37:28.427 +04:00 [INF] OPTIONS /api/v1/profile responded 204 in 0ms (user: anonymous)
2026-08-23 23:37:28.434 +04:00 [INF] GET /api/v1/blog responded 404 in 0ms (user: anonymous)
2026-08-23 23:37:28.450 +04:00 [INF] GET /api/v1/profile responded 200 in 16ms (user: anonymous)
2026-08-23 23:37:28.452 +04:00 [INF] GET /api/v1/blog responded 404 in 0ms (user: anonymous)
2026-08-23 23:37:28.464 +04:00 [INF] GET /api/v1/profile responded 200 in 12ms (user: anonymous)
2026-08-23 23:37:31.964 +04:00 [INF] OPTIONS /api/v1/blog/6 responded 204 in 0ms (user: anonymous)
2026-08-23 23:37:31.964 +04:00 [INF] OPTIONS /api/v1/blog/6 responded 204 in 0ms (user: anonymous)
2026-08-23 23:37:31.966 +04:00 [INF] GET /api/v1/blog responded 404 in 0ms (user: anonymous)
2026-08-23 23:37:31.975 +04:00 [INF] GET /api/v1/blog/6 responded 404 in 0ms (user: anonymous)
2026-08-23 23:37:31.975 +04:00 [INF] GET /api/v1/profile responded 200 in 10ms (user: anonymous)
2026-08-23 23:37:31.990 +04:00 [INF] GET /api/v1/profile responded 200 in 8ms (user: anonymous)
2026-08-23 23:37:31.995 +04:00 [INF] GET /api/v1/blog responded 404 in 0ms (user: anonymous)
2026-08-23 23:37:32.007 +04:00 [INF] GET /api/v1/blog/6 responded 404 in 0ms (user: anonymous)
2026-08-23 23:37:36.226 +04:00 [INF] OPTIONS /api/v1/blog responded 204 in 0ms (user: anonymous)
2026-08-23 23:37:36.226 +04:00 [INF] OPTIONS /api/v1/profile responded 204 in 0ms (user: anonymous)
2026-08-23 23:37:36.226 +04:00 [INF] OPTIONS /api/v1/blog responded 204 in 0ms (user: anonymous)
2026-08-23 23:37:36.226 +04:00 [INF] OPTIONS /api/v1/profile responded 204 in 0ms (user: anonymous)
2026-08-23 23:37:36.250 +04:00 [INF] GET /api/v1/blog responded 404 in 0ms (user: anonymous)
2026-08-23 23:37:36.278 +04:00 [INF] GET /api/v1/profile responded 200 in 11ms (user: anonymous)
2026-08-23 23:37:36.310 +04:00 [INF] GET /api/v1/profile responded 200 in 15ms (user: anonymous)
2026-08-23 23:37:36.312 +04:00 [INF] GET /api/v1/blog responded 404 in 0ms (user: anonymous)
2026-08-23 23:40:24.098 +04:00 [WRN] Entity 'Story' has a global query filter defined and is the required end of a relationship with the entity 'Chapter'. This may lead to unexpected results when the required entity is filtered out. Either configure the navigation as optional, or define matching query filters for both entities in the navigation. See https://go.microsoft.com/fwlink/?linkid=2131316 for more information.
2026-08-23 23:40:24.153 +04:00 [WRN] Entity 'Story' has a global query filter defined and is the required end of a relationship with the entity 'DailyStoryReadLog'. This may lead to unexpected results when the required entity is filtered out. Either configure the navigation as optional, or define matching query filters for both entities in the navigation. See https://go.microsoft.com/fwlink/?linkid=2131316 for more information.
2026-08-23 23:40:24.161 +04:00 [WRN] Entity 'Story' has a global query filter defined and is the required end of a relationship with the entity 'FavoriteStory'. This may lead to unexpected results when the required entity is filtered out. Either configure the navigation as optional, or define matching query filters for both entities in the navigation. See https://go.microsoft.com/fwlink/?linkid=2131316 for more information.
2026-08-23 23:40:24.167 +04:00 [WRN] Entity 'Story' has a global query filter defined and is the required end of a relationship with the entity 'QuizAttempt'. This may lead to unexpected results when the required entity is filtered out. Either configure the navigation as optional, or define matching query filters for both entities in the navigation. See https://go.microsoft.com/fwlink/?linkid=2131316 for more information.
2026-08-23 23:40:24.171 +04:00 [WRN] Entity 'Story' has a global query filter defined and is the required end of a relationship with the entity 'ReadingHistory'. This may lead to unexpected results when the required entity is filtered out. Either configure the navigation as optional, or define matching query filters for both entities in the navigation. See https://go.microsoft.com/fwlink/?linkid=2131316 for more information.
2026-08-23 23:40:24.181 +04:00 [WRN] Entity 'Story' has a global query filter defined and is the required end of a relationship with the entity 'RemainingCorrectCounter'. This may lead to unexpected results when the required entity is filtered out. Either configure the navigation as optional, or define matching query filters for both entities in the navigation. See https://go.microsoft.com/fwlink/?linkid=2131316 for more information.
2026-08-23 23:40:24.188 +04:00 [WRN] Entity 'Story' has a global query filter defined and is the required end of a relationship with the entity 'Review'. This may lead to unexpected results when the required entity is filtered out. Either configure the navigation as optional, or define matching query filters for both entities in the navigation. See https://go.microsoft.com/fwlink/?linkid=2131316 for more information.
2026-08-23 23:40:24.195 +04:00 [WRN] Entity 'Story' has a global query filter defined and is the required end of a relationship with the entity 'UserProgress'. This may lead to unexpected results when the required entity is filtered out. Either configure the navigation as optional, or define matching query filters for both entities in the navigation. See https://go.microsoft.com/fwlink/?linkid=2131316 for more information.
2026-08-23 23:40:25.468 +04:00 [INF] Database seeding completed successfully.
2026-08-23 23:40:26.587 +04:00 [INF] GET /swagger/index.html responded 200 in 88ms (user: anonymous)
2026-08-23 23:40:27.093 +04:00 [INF] GET /swagger/v1/swagger.json responded 200 in 77ms (user: anonymous)
2026-08-23 23:40:29.980 +04:00 [INF] OPTIONS /api/v1/stories responded 204 in 2ms (user: anonymous)
2026-08-23 23:40:29.980 +04:00 [INF] OPTIONS /api/v1/story-categories responded 204 in 2ms (user: anonymous)
2026-08-23 23:40:29.980 +04:00 [INF] OPTIONS /api/v1/favorites responded 204 in 2ms (user: anonymous)
2026-08-23 23:40:29.981 +04:00 [INF] OPTIONS /api/v1/story-categories responded 204 in 3ms (user: anonymous)
2026-08-23 23:40:29.980 +04:00 [INF] OPTIONS /api/v1/favorites responded 204 in 2ms (user: anonymous)
2026-08-23 23:40:29.981 +04:00 [INF] OPTIONS /api/v1/stories responded 204 in 2ms (user: anonymous)
2026-08-23 23:40:29.981 +04:00 [INF] OPTIONS /api/v1/profile responded 204 in 3ms (user: anonymous)
2026-08-23 23:40:29.981 +04:00 [INF] OPTIONS /api/v1/profile responded 204 in 3ms (user: anonymous)
2026-08-23 23:40:30.647 +04:00 [WRN] Compiling a query which loads related collections for more than one collection navigation, either via 'Include' or through projection, but no 'QuerySplittingBehavior' has been configured. By default, Entity Framework will use 'QuerySplittingBehavior.SingleQuery', which can potentially result in slow query performance. See https://go.microsoft.com/fwlink/?linkid=2134277 for more information. To identify the query that's triggering this warning call 'ConfigureWarnings(w => w.Throw(RelationalEventId.MultipleCollectionIncludeWarning))'.
2026-08-23 23:40:30.732 +04:00 [INF] GET /api/v1/favorites responded 200 in 711ms (user: anonymous)
2026-08-23 23:40:30.732 +04:00 [INF] GET /api/v1/story-categories responded 200 in 711ms (user: anonymous)
2026-08-23 23:40:30.740 +04:00 [INF] GET /api/v1/story-categories responded 200 in 5ms (user: anonymous)
2026-08-23 23:40:30.869 +04:00 [INF] GET /api/v1/stories responded 200 in 849ms (user: anonymous)
2026-08-23 23:40:30.869 +04:00 [INF] GET /api/v1/stories responded 200 in 11ms (user: anonymous)
2026-08-23 23:40:30.925 +04:00 [INF] GET /api/v1/favorites responded 200 in 190ms (user: anonymous)
2026-08-23 23:40:31.014 +04:00 [INF] GET /api/v1/profile responded 200 in 920ms (user: anonymous)
2026-08-23 23:40:31.042 +04:00 [INF] GET /api/v1/profile responded 200 in 23ms (user: anonymous)
2026-08-23 23:40:42.028 +04:00 [INF] OPTIONS /api/v1/admin/dashboard responded 204 in 0ms (user: anonymous)
2026-08-23 23:40:42.028 +04:00 [INF] OPTIONS /api/v1/admin/dashboard responded 204 in 0ms (user: anonymous)
2026-08-23 23:40:42.128 +04:00 [INF] GET /api/v1/admin/dashboard responded 200 in 84ms (user: anonymous)
2026-08-23 23:40:42.144 +04:00 [INF] GET /api/v1/admin/dashboard responded 200 in 12ms (user: anonymous)
2026-08-23 23:40:42.162 +04:00 [INF] OPTIONS /api/v1/admin/users responded 204 in 0ms (user: anonymous)
2026-08-23 23:40:42.162 +04:00 [INF] OPTIONS /api/v1/stories responded 204 in 0ms (user: anonymous)
2026-08-23 23:40:42.162 +04:00 [INF] OPTIONS /api/v1/story-levels responded 204 in 0ms (user: anonymous)
2026-08-23 23:40:42.162 +04:00 [INF] OPTIONS /api/v1/story-categories responded 204 in 0ms (user: anonymous)
2026-08-23 23:40:42.163 +04:00 [INF] OPTIONS /api/v1/stories responded 204 in 0ms (user: anonymous)
2026-08-23 23:40:42.163 +04:00 [INF] OPTIONS /api/v1/favorites responded 204 in 0ms (user: anonymous)
2026-08-23 23:40:42.163 +04:00 [INF] OPTIONS /api/v1/admin/users responded 204 in 0ms (user: anonymous)
2026-08-23 23:40:42.163 +04:00 [INF] OPTIONS /api/v1/story-categories responded 204 in 0ms (user: anonymous)
2026-08-23 23:40:42.163 +04:00 [INF] OPTIONS /api/v1/favorites responded 204 in 0ms (user: anonymous)
2026-08-23 23:40:42.163 +04:00 [INF] OPTIONS /api/v1/story-levels responded 204 in 0ms (user: anonymous)
2026-08-23 23:40:42.191 +04:00 [INF] GET /api/v1/admin/dashboard responded 200 in 28ms (user: anonymous)
2026-08-23 23:40:42.204 +04:00 [INF] GET /api/v1/stories responded 200 in 7ms (user: anonymous)
2026-08-23 23:40:42.214 +04:00 [INF] GET /api/v1/admin/dashboard responded 200 in 17ms (user: anonymous)
2026-08-23 23:40:42.232 +04:00 [INF] GET /api/v1/story-categories responded 200 in 4ms (user: anonymous)
2026-08-23 23:40:42.249 +04:00 [INF] GET /api/v1/stories responded 200 in 3ms (user: anonymous)
2026-08-23 23:40:42.271 +04:00 [INF] GET /api/v1/favorites responded 200 in 10ms (user: anonymous)
2026-08-23 23:40:42.274 +04:00 [INF] GET /api/v1/story-levels responded 200 in 61ms (user: anonymous)
2026-08-23 23:40:42.292 +04:00 [INF] GET /api/v1/story-categories responded 200 in 2ms (user: anonymous)
2026-08-23 23:40:42.306 +04:00 [INF] GET /api/v1/favorites responded 200 in 6ms (user: anonymous)
2026-08-23 23:40:42.307 +04:00 [INF] GET /api/v1/admin/users responded 200 in 126ms (user: anonymous)
2026-08-23 23:40:42.319 +04:00 [INF] GET /api/v1/story-levels responded 200 in 4ms (user: anonymous)
2026-08-23 23:40:42.330 +04:00 [INF] GET /api/v1/admin/users responded 200 in 20ms (user: anonymous)
2026-08-23 23:41:05.956 +04:00 [INF] OPTIONS /api/v1/profile responded 204 in 0ms (user: anonymous)
2026-08-23 23:41:05.956 +04:00 [INF] OPTIONS /api/v1/favorites responded 204 in 0ms (user: anonymous)
2026-08-23 23:41:05.956 +04:00 [INF] OPTIONS /api/v1/stories responded 204 in 0ms (user: anonymous)
2026-08-23 23:41:05.956 +04:00 [INF] OPTIONS /api/v1/profile responded 204 in 0ms (user: anonymous)
2026-08-23 23:41:05.957 +04:00 [INF] OPTIONS /api/v1/profile responded 204 in 0ms (user: anonymous)
2026-08-23 23:41:05.958 +04:00 [INF] OPTIONS /api/v1/profile responded 204 in 0ms (user: anonymous)
2026-08-23 23:41:05.958 +04:00 [INF] OPTIONS /api/v1/stories responded 204 in 0ms (user: anonymous)
2026-08-23 23:41:05.959 +04:00 [INF] OPTIONS /api/v1/favorites responded 204 in 0ms (user: anonymous)
2026-08-23 23:41:05.985 +04:00 [INF] GET /api/v1/favorites responded 200 in 6ms (user: anonymous)
2026-08-23 23:41:05.992 +04:00 [INF] GET /api/v1/stories responded 200 in 2ms (user: anonymous)
2026-08-23 23:41:05.996 +04:00 [INF] GET /api/v1/profile responded 200 in 26ms (user: anonymous)
2026-08-23 23:41:06.021 +04:00 [INF] GET /api/v1/profile responded 200 in 19ms (user: anonymous)
2026-08-23 23:41:06.030 +04:00 [INF] GET /api/v1/stories responded 200 in 1ms (user: anonymous)
2026-08-23 23:41:06.038 +04:00 [INF] GET /api/v1/profile responded 200 in 15ms (user: anonymous)
2026-08-23 23:41:06.039 +04:00 [INF] GET /api/v1/profile responded 200 in 15ms (user: anonymous)
2026-08-23 23:41:06.046 +04:00 [INF] GET /api/v1/favorites responded 200 in 4ms (user: anonymous)
2026-08-23 23:41:08.656 +04:00 [INF] OPTIONS /api/v1/stories/7f84cf4f-c6b0-4676-a378-53fdb100f1aa responded 204 in 0ms (user: anonymous)
2026-08-23 23:41:08.656 +04:00 [INF] OPTIONS /api/v1/stories/7f84cf4f-c6b0-4676-a378-53fdb100f1aa responded 204 in 0ms (user: anonymous)
2026-08-23 23:41:08.667 +04:00 [INF] GET /api/v1/favorites responded 200 in 9ms (user: anonymous)
2026-08-23 23:41:08.675 +04:00 [INF] GET /api/v1/favorites responded 200 in 4ms (user: anonymous)
2026-08-23 23:41:08.679 +04:00 [INF] GET /api/v1/profile responded 200 in 22ms (user: anonymous)
2026-08-23 23:41:08.702 +04:00 [INF] GET /api/v1/profile responded 200 in 16ms (user: anonymous)
2026-08-23 23:41:08.790 +04:00 [INF] GET /api/v1/stories/7f84cf4f-c6b0-4676-a378-53fdb100f1aa responded 200 in 116ms (user: anonymous)
2026-08-23 23:41:08.799 +04:00 [INF] GET /api/v1/stories/7f84cf4f-c6b0-4676-a378-53fdb100f1aa responded 200 in 4ms (user: anonymous)
2026-08-23 23:41:54.189 +04:00 [INF] OPTIONS /api/v1/profile responded 204 in 0ms (user: anonymous)
2026-08-23 23:41:54.189 +04:00 [INF] OPTIONS /api/v1/profile responded 204 in 0ms (user: anonymous)
2026-08-23 23:41:54.189 +04:00 [INF] OPTIONS /api/v1/stories responded 204 in 0ms (user: anonymous)
2026-08-23 23:41:54.190 +04:00 [INF] OPTIONS /api/v1/profile responded 204 in 0ms (user: anonymous)
2026-08-23 23:41:54.190 +04:00 [INF] OPTIONS /api/v1/favorites responded 204 in 0ms (user: anonymous)
2026-08-23 23:41:54.192 +04:00 [INF] OPTIONS /api/v1/stories responded 204 in 0ms (user: anonymous)
2026-08-23 23:41:54.192 +04:00 [INF] OPTIONS /api/v1/profile responded 204 in 0ms (user: anonymous)
2026-08-23 23:41:54.193 +04:00 [INF] OPTIONS /api/v1/favorites responded 204 in 0ms (user: anonymous)
2026-08-23 23:41:54.226 +04:00 [INF] GET /api/v1/profile responded 200 in 16ms (user: anonymous)
2026-08-23 23:41:54.243 +04:00 [INF] GET /api/v1/profile responded 200 in 13ms (user: anonymous)
2026-08-23 23:41:54.243 +04:00 [INF] GET /api/v1/stories responded 200 in 1ms (user: anonymous)
2026-08-23 23:41:54.272 +04:00 [INF] GET /api/v1/profile responded 200 in 13ms (user: anonymous)
2026-08-23 23:41:54.283 +04:00 [INF] GET /api/v1/favorites responded 200 in 4ms (user: anonymous)
2026-08-23 23:41:54.300 +04:00 [INF] GET /api/v1/stories responded 200 in 2ms (user: anonymous)
2026-08-23 23:41:54.327 +04:00 [INF] GET /api/v1/profile responded 200 in 16ms (user: anonymous)
2026-08-23 23:41:54.330 +04:00 [INF] GET /api/v1/favorites responded 200 in 4ms (user: anonymous)
2026-08-23 23:41:54.639 +04:00 [INF] OPTIONS /api/v1/story-categories responded 204 in 0ms (user: anonymous)
2026-08-23 23:41:54.639 +04:00 [INF] OPTIONS /api/v1/story-categories responded 204 in 0ms (user: anonymous)
2026-08-23 23:41:54.640 +04:00 [INF] GET /api/v1/stories responded 200 in 1ms (user: anonymous)
2026-08-23 23:41:54.682 +04:00 [INF] GET /api/v1/profile responded 200 in 15ms (user: anonymous)
2026-08-23 23:41:54.649 +04:00 [INF] GET /api/v1/stories responded 200 in 5ms (user: anonymous)
2026-08-23 23:41:54.657 +04:00 [INF] GET /api/v1/favorites responded 200 in 7ms (user: anonymous)
2026-08-23 23:41:54.662 +04:00 [INF] GET /api/v1/profile responded 200 in 22ms (user: anonymous)
2026-08-23 23:41:54.662 +04:00 [INF] GET /api/v1/story-categories responded 200 in 1ms (user: anonymous)
2026-08-23 23:41:54.673 +04:00 [INF] GET /api/v1/story-categories responded 200 in 1ms (user: anonymous)
2026-08-23 23:41:54.644 +04:00 [INF] GET /api/v1/favorites responded 200 in 4ms (user: anonymous)
2026-08-23 23:42:50.987 +04:00 [INF] OPTIONS /api/v1/admin/dashboard responded 204 in 0ms (user: anonymous)
2026-08-23 23:42:50.987 +04:00 [INF] OPTIONS /api/v1/admin/dashboard responded 204 in 0ms (user: anonymous)
2026-08-23 23:42:51.022 +04:00 [INF] GET /api/v1/admin/dashboard responded 200 in 13ms (user: anonymous)
2026-08-23 23:42:51.039 +04:00 [INF] GET /api/v1/admin/dashboard responded 200 in 12ms (user: anonymous)
2026-08-23 23:42:51.069 +04:00 [INF] OPTIONS /api/v1/admin/users responded 204 in 0ms (user: anonymous)
2026-08-23 23:42:51.069 +04:00 [INF] OPTIONS /api/v1/favorites responded 204 in 0ms (user: anonymous)
2026-08-23 23:42:51.070 +04:00 [INF] OPTIONS /api/v1/stories responded 204 in 0ms (user: anonymous)
2026-08-23 23:42:51.070 +04:00 [INF] OPTIONS /api/v1/story-categories responded 204 in 0ms (user: anonymous)
2026-08-23 23:42:51.071 +04:00 [INF] OPTIONS /api/v1/story-levels responded 204 in 0ms (user: anonymous)
2026-08-23 23:42:51.072 +04:00 [INF] OPTIONS /api/v1/admin/users responded 204 in 0ms (user: anonymous)
2026-08-23 23:42:51.073 +04:00 [INF] OPTIONS /api/v1/favorites responded 204 in 0ms (user: anonymous)
2026-08-23 23:42:51.074 +04:00 [INF] OPTIONS /api/v1/stories responded 204 in 0ms (user: anonymous)
2026-08-23 23:42:51.075 +04:00 [INF] OPTIONS /api/v1/story-categories responded 204 in 0ms (user: anonymous)
2026-08-23 23:42:51.076 +04:00 [INF] OPTIONS /api/v1/story-levels responded 204 in 0ms (user: anonymous)
2026-08-23 23:42:51.090 +04:00 [INF] GET /api/v1/admin/dashboard responded 200 in 13ms (user: anonymous)
2026-08-23 23:42:51.096 +04:00 [INF] GET /api/v1/favorites responded 200 in 4ms (user: anonymous)
2026-08-23 23:42:51.104 +04:00 [INF] GET /api/v1/admin/users responded 200 in 19ms (user: anonymous)
2026-08-23 23:42:51.106 +04:00 [INF] GET /api/v1/admin/dashboard responded 200 in 13ms (user: anonymous)
2026-08-23 23:42:51.109 +04:00 [INF] GET /api/v1/story-categories responded 200 in 1ms (user: anonymous)
2026-08-23 23:42:51.112 +04:00 [INF] GET /api/v1/stories responded 200 in 10ms (user: anonymous)
2026-08-23 23:42:51.122 +04:00 [INF] GET /api/v1/story-levels responded 200 in 5ms (user: anonymous)
2026-08-23 23:42:51.137 +04:00 [INF] GET /api/v1/favorites responded 200 in 5ms (user: anonymous)
2026-08-23 23:42:51.144 +04:00 [INF] GET /api/v1/stories responded 200 in 1ms (user: anonymous)
2026-08-23 23:42:51.145 +04:00 [INF] GET /api/v1/admin/users responded 200 in 22ms (user: anonymous)
2026-08-23 23:42:51.151 +04:00 [INF] GET /api/v1/story-categories responded 200 in 1ms (user: anonymous)
2026-08-23 23:42:51.159 +04:00 [INF] GET /api/v1/story-levels responded 200 in 1ms (user: anonymous)
2026-08-23 23:42:51.217 +04:00 [INF] OPTIONS /api/v1/profile responded 204 in 0ms (user: anonymous)
2026-08-23 23:42:51.217 +04:00 [INF] OPTIONS /api/v1/story-categories responded 204 in 0ms (user: anonymous)
2026-08-23 23:42:51.217 +04:00 [INF] OPTIONS /api/v1/stories responded 204 in 0ms (user: anonymous)
2026-08-23 23:42:51.217 +04:00 [INF] OPTIONS /api/v1/favorites responded 204 in 0ms (user: anonymous)
2026-08-23 23:42:51.219 +04:00 [INF] OPTIONS /api/v1/profile responded 204 in 0ms (user: anonymous)
2026-08-23 23:42:51.219 +04:00 [INF] OPTIONS /api/v1/stories responded 204 in 0ms (user: anonymous)
2026-08-23 23:42:51.219 +04:00 [INF] OPTIONS /api/v1/favorites responded 204 in 0ms (user: anonymous)
2026-08-23 23:42:51.221 +04:00 [INF] OPTIONS /api/v1/story-categories responded 204 in 0ms (user: anonymous)
2026-08-23 23:42:51.285 +04:00 [INF] GET /api/v1/story-categories responded 200 in 2ms (user: anonymous)
2026-08-23 23:42:51.292 +04:00 [INF] GET /api/v1/stories responded 200 in 1ms (user: anonymous)
2026-08-23 23:42:51.294 +04:00 [INF] GET /api/v1/profile responded 200 in 17ms (user: anonymous)
2026-08-23 23:42:51.304 +04:00 [INF] GET /api/v1/favorites responded 200 in 5ms (user: anonymous)
2026-08-23 23:42:51.317 +04:00 [INF] GET /api/v1/stories responded 200 in 1ms (user: anonymous)
2026-08-23 23:42:51.322 +04:00 [INF] GET /api/v1/profile responded 200 in 15ms (user: anonymous)
2026-08-23 23:42:51.324 +04:00 [INF] GET /api/v1/favorites responded 200 in 2ms (user: anonymous)
2026-08-23 23:42:51.331 +04:00 [INF] GET /api/v1/story-categories responded 200 in 2ms (user: anonymous)
2026-08-23 23:43:01.754 +04:00 [INF] OPTIONS /api/v1/admin/dashboard responded 204 in 0ms (user: anonymous)
2026-08-23 23:43:01.755 +04:00 [INF] OPTIONS /api/v1/admin/dashboard responded 204 in 0ms (user: anonymous)
2026-08-23 23:43:01.789 +04:00 [INF] GET /api/v1/admin/dashboard responded 200 in 18ms (user: anonymous)
2026-08-23 23:43:01.816 +04:00 [INF] GET /api/v1/admin/dashboard responded 200 in 23ms (user: anonymous)
2026-08-23 23:43:01.846 +04:00 [INF] OPTIONS /api/v1/profile responded 204 in 0ms (user: anonymous)
2026-08-23 23:43:01.846 +04:00 [INF] OPTIONS /api/v1/stories responded 204 in 0ms (user: anonymous)
2026-08-23 23:43:01.850 +04:00 [INF] OPTIONS /api/v1/favorites responded 204 in 0ms (user: anonymous)
2026-08-23 23:43:01.850 +04:00 [INF] OPTIONS /api/v1/story-categories responded 204 in 0ms (user: anonymous)
2026-08-23 23:43:01.850 +04:00 [INF] OPTIONS /api/v1/story-categories responded 204 in 0ms (user: anonymous)
2026-08-23 23:43:01.850 +04:00 [INF] OPTIONS /api/v1/stories responded 204 in 0ms (user: anonymous)
2026-08-23 23:43:01.850 +04:00 [INF] OPTIONS /api/v1/profile responded 204 in 0ms (user: anonymous)
2026-08-23 23:43:01.850 +04:00 [INF] OPTIONS /api/v1/favorites responded 204 in 0ms (user: anonymous)
2026-08-23 23:43:01.853 +04:00 [INF] OPTIONS /api/v1/admin/users responded 204 in 0ms (user: anonymous)
2026-08-23 23:43:01.853 +04:00 [INF] OPTIONS /api/v1/stories responded 204 in 0ms (user: anonymous)
2026-08-23 23:43:01.854 +04:00 [INF] OPTIONS /api/v1/favorites responded 204 in 0ms (user: anonymous)
2026-08-23 23:43:01.855 +04:00 [INF] OPTIONS /api/v1/story-levels responded 204 in 0ms (user: anonymous)
2026-08-23 23:43:01.855 +04:00 [INF] OPTIONS /api/v1/story-categories responded 204 in 0ms (user: anonymous)
2026-08-23 23:43:01.858 +04:00 [INF] OPTIONS /api/v1/admin/users responded 204 in 0ms (user: anonymous)
2026-08-23 23:43:01.858 +04:00 [INF] OPTIONS /api/v1/story-levels responded 204 in 0ms (user: anonymous)
2026-08-23 23:43:01.858 +04:00 [INF] OPTIONS /api/v1/favorites responded 204 in 0ms (user: anonymous)
2026-08-23 23:43:01.858 +04:00 [INF] OPTIONS /api/v1/story-categories responded 204 in 0ms (user: anonymous)
2026-08-23 23:43:01.859 +04:00 [INF] OPTIONS /api/v1/stories responded 204 in 0ms (user: anonymous)
2026-08-23 23:43:01.869 +04:00 [INF] GET /api/v1/admin/dashboard responded 200 in 13ms (user: anonymous)
2026-08-23 23:43:01.873 +04:00 [INF] GET /api/v1/stories responded 200 in 3ms (user: anonymous)
2026-08-23 23:43:01.879 +04:00 [INF] GET /api/v1/profile responded 200 in 16ms (user: anonymous)
2026-08-23 23:43:01.886 +04:00 [INF] GET /api/v1/favorites responded 200 in 8ms (user: anonymous)
2026-08-23 23:43:01.888 +04:00 [INF] GET /api/v1/story-categories responded 200 in 1ms (user: anonymous)
2026-08-23 23:43:01.888 +04:00 [INF] GET /api/v1/admin/dashboard responded 200 in 14ms (user: anonymous)
2026-08-23 23:43:01.894 +04:00 [INF] GET /api/v1/story-categories responded 200 in 1ms (user: anonymous)
2026-08-23 23:43:01.906 +04:00 [INF] GET /api/v1/stories responded 200 in 4ms (user: anonymous)
2026-08-23 23:43:01.924 +04:00 [INF] GET /api/v1/favorites responded 200 in 4ms (user: anonymous)
2026-08-23 23:43:01.927 +04:00 [INF] GET /api/v1/profile responded 200 in 15ms (user: anonymous)
2026-08-23 23:43:01.939 +04:00 [INF] GET /api/v1/stories responded 200 in 1ms (user: anonymous)
2026-08-23 23:43:01.943 +04:00 [INF] GET /api/v1/admin/users responded 200 in 14ms (user: anonymous)
2026-08-23 23:43:01.945 +04:00 [INF] GET /api/v1/favorites responded 200 in 2ms (user: anonymous)
2026-08-23 23:43:02.002 +04:00 [INF] GET /api/v1/story-levels responded 200 in 0ms (user: anonymous)
2026-08-23 23:43:02.022 +04:00 [INF] GET /api/v1/story-categories responded 200 in 0ms (user: anonymous)
2026-08-23 23:43:02.023 +04:00 [INF] GET /api/v1/story-levels responded 200 in 0ms (user: anonymous)
2026-08-23 23:43:02.023 +04:00 [INF] GET /api/v1/favorites responded 200 in 4ms (user: anonymous)
2026-08-23 23:43:02.032 +04:00 [INF] GET /api/v1/stories responded 200 in 10ms (user: anonymous)
2026-08-23 23:43:02.042 +04:00 [INF] GET /api/v1/story-categories responded 200 in 1ms (user: anonymous)
2026-08-23 23:43:02.054 +04:00 [INF] GET /api/v1/admin/users responded 200 in 35ms (user: anonymous)
2026-08-23 23:43:26.767 +04:00 [INF] OPTIONS /api/v1/profile responded 204 in 0ms (user: anonymous)
2026-08-23 23:43:26.767 +04:00 [INF] OPTIONS /api/v1/favorites responded 204 in 0ms (user: anonymous)
2026-08-23 23:43:26.768 +04:00 [INF] OPTIONS /api/v1/stories/7f84cf4f-c6b0-4676-a378-53fdb100f1aa responded 204 in 0ms (user: anonymous)
2026-08-23 23:43:26.769 +04:00 [INF] OPTIONS /api/v1/profile responded 204 in 0ms (user: anonymous)
2026-08-23 23:43:26.770 +04:00 [INF] OPTIONS /api/v1/stories/7f84cf4f-c6b0-4676-a378-53fdb100f1aa responded 204 in 0ms (user: anonymous)
2026-08-23 23:43:26.771 +04:00 [INF] OPTIONS /api/v1/favorites responded 204 in 0ms (user: anonymous)
2026-08-23 23:43:26.805 +04:00 [INF] GET /api/v1/favorites responded 200 in 4ms (user: anonymous)
2026-08-23 23:43:26.840 +04:00 [INF] GET /api/v1/favorites responded 200 in 4ms (user: anonymous)
2026-08-23 23:43:26.818 +04:00 [INF] GET /api/v1/stories/7f84cf4f-c6b0-4676-a378-53fdb100f1aa responded 200 in 7ms (user: anonymous)
2026-08-23 23:43:26.828 +04:00 [INF] GET /api/v1/stories/7f84cf4f-c6b0-4676-a378-53fdb100f1aa responded 200 in 2ms (user: anonymous)
2026-08-23 23:43:26.828 +04:00 [INF] GET /api/v1/profile responded 200 in 10ms (user: anonymous)
2026-08-23 23:43:26.808 +04:00 [INF] GET /api/v1/profile responded 200 in 22ms (user: anonymous)
2026-08-23 23:43:33.651 +04:00 [INF] OPTIONS /api/v1/stories/7f84cf4f-c6b0-4676-a378-53fdb100f1aa responded 204 in 0ms (user: anonymous)
2026-08-23 23:43:33.651 +04:00 [INF] OPTIONS /api/v1/profile responded 204 in 0ms (user: anonymous)
2026-08-23 23:43:33.651 +04:00 [INF] OPTIONS /api/v1/favorites responded 204 in 0ms (user: anonymous)
2026-08-23 23:43:33.651 +04:00 [INF] OPTIONS /api/v1/profile responded 204 in 0ms (user: anonymous)
2026-08-23 23:43:33.651 +04:00 [INF] OPTIONS /api/v1/stories/7f84cf4f-c6b0-4676-a378-53fdb100f1aa responded 204 in 0ms (user: anonymous)
2026-08-23 23:43:33.651 +04:00 [INF] OPTIONS /api/v1/favorites responded 204 in 0ms (user: anonymous)
2026-08-23 23:43:33.667 +04:00 [INF] GET /api/v1/stories/7f84cf4f-c6b0-4676-a378-53fdb100f1aa responded 200 in 4ms (user: anonymous)
2026-08-23 23:43:33.690 +04:00 [INF] GET /api/v1/favorites responded 200 in 4ms (user: anonymous)
2026-08-23 23:43:33.691 +04:00 [INF] GET /api/v1/profile responded 200 in 15ms (user: anonymous)
2026-08-23 23:43:33.711 +04:00 [INF] GET /api/v1/profile responded 200 in 10ms (user: anonymous)
2026-08-23 23:43:33.716 +04:00 [INF] GET /api/v1/stories/7f84cf4f-c6b0-4676-a378-53fdb100f1aa responded 200 in 5ms (user: anonymous)
2026-08-23 23:43:33.726 +04:00 [INF] GET /api/v1/favorites responded 200 in 2ms (user: anonymous)
2026-08-23 23:43:34.427 +04:00 [INF] OPTIONS /api/v1/stories responded 204 in 0ms (user: anonymous)
2026-08-23 23:43:34.427 +04:00 [INF] OPTIONS /api/v1/story-categories responded 204 in 0ms (user: anonymous)
2026-08-23 23:43:34.427 +04:00 [INF] OPTIONS /api/v1/story-categories responded 204 in 0ms (user: anonymous)
2026-08-23 23:43:34.427 +04:00 [INF] OPTIONS /api/v1/stories responded 204 in 0ms (user: anonymous)
2026-08-23 23:43:34.430 +04:00 [INF] GET /api/v1/favorites responded 200 in 2ms (user: anonymous)
2026-08-23 23:43:34.435 +04:00 [INF] GET /api/v1/favorites responded 200 in 2ms (user: anonymous)
2026-08-23 23:43:34.437 +04:00 [INF] GET /api/v1/profile responded 200 in 9ms (user: anonymous)
2026-08-23 23:43:34.441 +04:00 [INF] GET /api/v1/stories responded 200 in 0ms (user: anonymous)
2026-08-23 23:43:34.451 +04:00 [INF] GET /api/v1/story-categories responded 200 in 1ms (user: anonymous)
2026-08-23 23:43:34.454 +04:00 [INF] GET /api/v1/profile responded 200 in 15ms (user: anonymous)
2026-08-23 23:43:34.465 +04:00 [INF] GET /api/v1/story-categories responded 200 in 1ms (user: anonymous)
2026-08-23 23:43:34.483 +04:00 [INF] GET /api/v1/stories responded 200 in 0ms (user: anonymous)
2026-08-23 23:43:35.491 +04:00 [INF] OPTIONS /api/v1/stories/886d3625-3650-4b0b-8052-a9c5ca89a0be responded 204 in 0ms (user: anonymous)
2026-08-23 23:43:35.492 +04:00 [INF] OPTIONS /api/v1/stories/886d3625-3650-4b0b-8052-a9c5ca89a0be responded 204 in 0ms (user: anonymous)
2026-08-23 23:43:35.496 +04:00 [INF] GET /api/v1/favorites responded 200 in 3ms (user: anonymous)
2026-08-23 23:43:35.502 +04:00 [INF] GET /api/v1/favorites responded 200 in 2ms (user: anonymous)
2026-08-23 23:43:35.506 +04:00 [INF] GET /api/v1/profile responded 200 in 14ms (user: anonymous)
2026-08-23 23:43:35.525 +04:00 [INF] GET /api/v1/stories/886d3625-3650-4b0b-8052-a9c5ca89a0be responded 200 in 14ms (user: anonymous)
2026-08-23 23:43:35.532 +04:00 [INF] GET /api/v1/profile responded 200 in 20ms (user: anonymous)
2026-08-23 23:43:35.533 +04:00 [INF] GET /api/v1/stories/886d3625-3650-4b0b-8052-a9c5ca89a0be responded 200 in 5ms (user: anonymous)
2026-08-23 23:44:07.207 +04:00 [INF] OPTIONS /api/v1/stories/886d3625-3650-4b0b-8052-a9c5ca89a0be responded 204 in 0ms (user: anonymous)
2026-08-23 23:44:07.207 +04:00 [INF] OPTIONS /api/v1/favorites responded 204 in 0ms (user: anonymous)
2026-08-23 23:44:07.224 +04:00 [INF] GET /api/v1/stories/886d3625-3650-4b0b-8052-a9c5ca89a0be responded 200 in 4ms (user: anonymous)
2026-08-23 23:44:07.232 +04:00 [INF] GET /api/v1/favorites responded 200 in 5ms (user: anonymous)
2026-08-23 23:44:19.217 +04:00 [INF] OPTIONS /api/v1/stories/886d3625-3650-4b0b-8052-a9c5ca89a0be responded 204 in 0ms (user: anonymous)
2026-08-23 23:44:19.217 +04:00 [INF] OPTIONS /api/v1/favorites responded 204 in 0ms (user: anonymous)
2026-08-23 23:44:19.237 +04:00 [INF] GET /api/v1/stories/886d3625-3650-4b0b-8052-a9c5ca89a0be responded 200 in 3ms (user: anonymous)
2026-08-23 23:44:19.254 +04:00 [INF] GET /api/v1/favorites responded 200 in 2ms (user: anonymous)
2026-08-23 23:45:16.097 +04:00 [INF] OPTIONS /api/v1/profile responded 204 in 0ms (user: anonymous)
2026-08-23 23:45:16.101 +04:00 [INF] OPTIONS /api/v1/stories/886d3625-3650-4b0b-8052-a9c5ca89a0be responded 204 in 0ms (user: anonymous)
2026-08-23 23:45:16.101 +04:00 [INF] OPTIONS /api/v1/favorites responded 204 in 0ms (user: anonymous)
2026-08-23 23:45:16.101 +04:00 [INF] OPTIONS /api/v1/profile responded 204 in 0ms (user: anonymous)
2026-08-23 23:45:16.102 +04:00 [INF] OPTIONS /api/v1/stories/886d3625-3650-4b0b-8052-a9c5ca89a0be responded 204 in 0ms (user: anonymous)
2026-08-23 23:45:16.103 +04:00 [INF] OPTIONS /api/v1/favorites responded 204 in 0ms (user: anonymous)
2026-08-23 23:45:16.137 +04:00 [INF] GET /api/v1/stories/886d3625-3650-4b0b-8052-a9c5ca89a0be responded 200 in 2ms (user: anonymous)
2026-08-23 23:45:16.138 +04:00 [INF] GET /api/v1/profile responded 200 in 15ms (user: anonymous)
2026-08-23 23:45:16.148 +04:00 [INF] GET /api/v1/favorites responded 200 in 5ms (user: anonymous)
2026-08-23 23:45:16.164 +04:00 [INF] GET /api/v1/profile responded 200 in 11ms (user: anonymous)
2026-08-23 23:45:16.166 +04:00 [INF] GET /api/v1/stories/886d3625-3650-4b0b-8052-a9c5ca89a0be responded 200 in 3ms (user: anonymous)
2026-08-23 23:45:16.173 +04:00 [INF] GET /api/v1/favorites responded 200 in 2ms (user: anonymous)
2026-08-23 23:45:32.569 +04:00 [INF] OPTIONS /api/v1/profile responded 204 in 0ms (user: anonymous)
2026-08-23 23:45:32.569 +04:00 [INF] OPTIONS /api/v1/stories responded 204 in 0ms (user: anonymous)
2026-08-23 23:45:32.569 +04:00 [INF] OPTIONS /api/v1/favorites responded 204 in 0ms (user: anonymous)
2026-08-23 23:45:32.569 +04:00 [INF] OPTIONS /api/v1/profile responded 204 in 0ms (user: anonymous)
2026-08-23 23:45:32.569 +04:00 [INF] OPTIONS /api/v1/story-categories responded 204 in 0ms (user: anonymous)
2026-08-23 23:45:32.569 +04:00 [INF] OPTIONS /api/v1/stories responded 204 in 0ms (user: anonymous)
2026-08-23 23:45:32.569 +04:00 [INF] OPTIONS /api/v1/story-categories responded 204 in 0ms (user: anonymous)
2026-08-23 23:45:32.569 +04:00 [INF] OPTIONS /api/v1/favorites responded 204 in 0ms (user: anonymous)
2026-08-23 23:45:32.605 +04:00 [INF] GET /api/v1/profile responded 200 in 21ms (user: anonymous)
2026-08-23 23:45:32.616 +04:00 [INF] GET /api/v1/stories responded 200 in 12ms (user: anonymous)
2026-08-23 23:45:32.617 +04:00 [INF] GET /api/v1/favorites responded 200 in 4ms (user: anonymous)
2026-08-23 23:45:32.636 +04:00 [INF] GET /api/v1/story-categories responded 200 in 0ms (user: anonymous)
2026-08-23 23:45:32.639 +04:00 [INF] GET /api/v1/profile responded 200 in 14ms (user: anonymous)
2026-08-23 23:45:32.644 +04:00 [INF] GET /api/v1/stories responded 200 in 2ms (user: anonymous)
2026-08-23 23:45:32.654 +04:00 [INF] GET /api/v1/story-categories responded 200 in 0ms (user: anonymous)
2026-08-23 23:45:32.666 +04:00 [INF] GET /api/v1/favorites responded 200 in 5ms (user: anonymous)
2026-08-23 23:48:18.242 +04:00 [INF] OPTIONS /api/v1/admin/users responded 204 in 0ms (user: anonymous)
2026-08-23 23:48:18.242 +04:00 [INF] OPTIONS /api/v1/admin/dashboard responded 204 in 0ms (user: anonymous)
2026-08-23 23:48:18.242 +04:00 [INF] OPTIONS /api/v1/story-levels responded 204 in 0ms (user: anonymous)
2026-08-23 23:48:18.243 +04:00 [INF] OPTIONS /api/v1/stories responded 204 in 0ms (user: anonymous)
2026-08-23 23:48:18.244 +04:00 [INF] OPTIONS /api/v1/story-categories responded 204 in 0ms (user: anonymous)
2026-08-23 23:48:18.245 +04:00 [INF] OPTIONS /api/v1/favorites responded 204 in 0ms (user: anonymous)
2026-08-23 23:48:18.275 +04:00 [INF] GET /api/v1/story-levels responded 200 in 1ms (user: anonymous)
2026-08-23 23:48:18.277 +04:00 [INF] GET /api/v1/admin/dashboard responded 200 in 11ms (user: anonymous)
2026-08-23 23:48:18.277 +04:00 [INF] GET /api/v1/admin/users responded 200 in 18ms (user: anonymous)
2026-08-23 23:48:18.288 +04:00 [INF] GET /api/v1/stories responded 200 in 7ms (user: anonymous)
2026-08-23 23:48:18.294 +04:00 [INF] GET /api/v1/story-categories responded 200 in 0ms (user: anonymous)
2026-08-23 23:48:18.304 +04:00 [INF] GET /api/v1/favorites responded 200 in 2ms (user: anonymous)
2026-08-23 23:53:11.215 +04:00 [INF] OPTIONS /api/v1/auth/refresh-token responded 204 in 0ms (user: anonymous)
2026-08-23 23:53:11.218 +04:00 [INF] OPTIONS /api/v1/auth/refresh-token responded 204 in 0ms (user: anonymous)
2026-08-23 23:53:11.375 +04:00 [INF] POST /api/v1/auth/refresh-token responded 200 in 152ms (user: anonymous)
2026-08-23 23:53:11.375 +04:00 [INF] POST /api/v1/auth/refresh-token responded 200 in 155ms (user: anonymous)
2026-08-23 23:53:11.385 +04:00 [INF] OPTIONS /api/v1/story-categories responded 204 in 0ms (user: anonymous)
2026-08-23 23:53:11.385 +04:00 [INF] OPTIONS /api/v1/profile responded 204 in 0ms (user: anonymous)
2026-08-23 23:53:11.385 +04:00 [INF] OPTIONS /api/v1/stories responded 204 in 0ms (user: anonymous)
2026-08-23 23:53:11.385 +04:00 [INF] OPTIONS /api/v1/favorites responded 204 in 0ms (user: anonymous)
2026-08-23 23:53:11.390 +04:00 [INF] OPTIONS /api/v1/admin/users responded 204 in 0ms (user: anonymous)
2026-08-23 23:53:11.390 +04:00 [INF] OPTIONS /api/v1/stories responded 204 in 0ms (user: anonymous)
2026-08-23 23:53:11.390 +04:00 [INF] OPTIONS /api/v1/admin/dashboard responded 204 in 0ms (user: anonymous)
2026-08-23 23:53:11.390 +04:00 [INF] OPTIONS /api/v1/favorites responded 204 in 0ms (user: anonymous)
2026-08-23 23:53:11.390 +04:00 [INF] OPTIONS /api/v1/story-categories responded 204 in 0ms (user: anonymous)
2026-08-23 23:53:11.391 +04:00 [INF] OPTIONS /api/v1/story-levels responded 204 in 0ms (user: anonymous)
2026-08-23 23:53:11.391 +04:00 [INF] OPTIONS /api/v1/admin/dashboard responded 204 in 0ms (user: anonymous)
2026-08-23 23:53:11.407 +04:00 [INF] GET /api/v1/story-categories responded 200 in 15ms (user: anonymous)
2026-08-23 23:53:11.418 +04:00 [INF] GET /api/v1/story-categories responded 200 in 0ms (user: anonymous)
2026-08-23 23:53:11.418 +04:00 [INF] GET /api/v1/profile responded 200 in 20ms (user: anonymous)
2026-08-23 23:53:11.421 +04:00 [INF] GET /api/v1/stories responded 200 in 20ms (user: anonymous)
2026-08-23 23:53:11.423 +04:00 [INF] GET /api/v1/favorites responded 200 in 20ms (user: anonymous)
2026-08-23 23:53:11.423 +04:00 [INF] GET /api/v1/stories responded 200 in 15ms (user: anonymous)
2026-08-23 23:53:11.425 +04:00 [INF] GET /api/v1/story-levels responded 200 in 4ms (user: anonymous)
2026-08-23 23:53:11.427 +04:00 [INF] GET /api/v1/favorites responded 200 in 12ms (user: anonymous)
2026-08-23 23:53:11.443 +04:00 [INF] GET /api/v1/admin/users responded 200 in 37ms (user: anonymous)
2026-08-23 23:53:11.443 +04:00 [INF] GET /api/v1/admin/dashboard responded 200 in 31ms (user: anonymous)
2026-08-23 23:53:11.449 +04:00 [INF] GET /api/v1/admin/dashboard responded 200 in 4ms (user: anonymous)
2026-08-23 23:54:04.212 +04:00 [INF] OPTIONS /api/v1/admin/dashboard responded 204 in 0ms (user: anonymous)
2026-08-23 23:54:04.212 +04:00 [INF] OPTIONS /api/v1/admin/dashboard responded 204 in 0ms (user: anonymous)
2026-08-23 23:54:04.221 +04:00 [INF] GET /api/v1/admin/dashboard responded 200 in 4ms (user: anonymous)
2026-08-23 23:54:04.229 +04:00 [INF] GET /api/v1/admin/dashboard responded 200 in 5ms (user: anonymous)
2026-08-23 23:54:26.200 +04:00 [INF] OPTIONS /api/v1/admin/dashboard responded 204 in 0ms (user: anonymous)
2026-08-23 23:54:26.200 +04:00 [INF] OPTIONS /api/v1/admin/dashboard responded 204 in 0ms (user: anonymous)
2026-08-23 23:54:26.208 +04:00 [INF] GET /api/v1/admin/dashboard responded 200 in 2ms (user: anonymous)
2026-08-23 23:54:26.214 +04:00 [INF] GET /api/v1/admin/dashboard responded 200 in 3ms (user: anonymous)
2026-08-23 23:57:06.209 +04:00 [INF] OPTIONS /api/v1/favorites responded 204 in 0ms (user: anonymous)
2026-08-23 23:57:06.209 +04:00 [INF] OPTIONS /api/v1/profile responded 204 in 0ms (user: anonymous)
2026-08-23 23:57:06.209 +04:00 [INF] OPTIONS /api/v1/story-categories responded 204 in 0ms (user: anonymous)
2026-08-23 23:57:06.210 +04:00 [INF] OPTIONS /api/v1/stories responded 204 in 0ms (user: anonymous)
2026-08-23 23:57:06.218 +04:00 [INF] GET /api/v1/favorites responded 200 in 2ms (user: anonymous)
2026-08-23 23:57:06.219 +04:00 [INF] OPTIONS /api/v1/admin/dashboard responded 204 in 0ms (user: anonymous)
2026-08-23 23:57:06.219 +04:00 [INF] OPTIONS /api/v1/admin/dashboard responded 204 in 0ms (user: anonymous)
2026-08-23 23:57:06.220 +04:00 [INF] GET /api/v1/story-categories responded 200 in 0ms (user: anonymous)
2026-08-23 23:57:06.223 +04:00 [INF] GET /api/v1/profile responded 200 in 6ms (user: anonymous)
2026-08-23 23:57:06.229 +04:00 [INF] GET /api/v1/stories responded 200 in 4ms (user: anonymous)
2026-08-23 23:57:06.238 +04:00 [INF] GET /api/v1/admin/dashboard responded 200 in 3ms (user: anonymous)
2026-08-23 23:57:06.243 +04:00 [INF] GET /api/v1/admin/dashboard responded 200 in 4ms (user: anonymous)
2026-08-23 23:57:15.195 +04:00 [INF] OPTIONS /api/v1/admin/dashboard responded 204 in 0ms (user: anonymous)
2026-08-23 23:57:15.195 +04:00 [INF] OPTIONS /api/v1/admin/dashboard responded 204 in 0ms (user: anonymous)
2026-08-23 23:57:15.206 +04:00 [INF] GET /api/v1/admin/dashboard responded 200 in 4ms (user: anonymous)
2026-08-23 23:57:15.212 +04:00 [INF] GET /api/v1/admin/dashboard responded 200 in 4ms (user: anonymous)
2026-08-23 23:57:15.226 +04:00 [INF] OPTIONS /api/v1/favorites responded 204 in 0ms (user: anonymous)
2026-08-23 23:57:15.226 +04:00 [INF] OPTIONS /api/v1/story-categories responded 204 in 0ms (user: anonymous)
2026-08-23 23:57:15.226 +04:00 [INF] OPTIONS /api/v1/stories responded 204 in 0ms (user: anonymous)
2026-08-23 23:57:15.226 +04:00 [INF] OPTIONS /api/v1/admin/users responded 204 in 0ms (user: anonymous)
2026-08-23 23:57:15.227 +04:00 [INF] OPTIONS /api/v1/story-levels responded 204 in 0ms (user: anonymous)
2026-08-23 23:57:15.227 +04:00 [INF] OPTIONS /api/v1/admin/users responded 204 in 0ms (user: anonymous)
2026-08-23 23:57:15.227 +04:00 [INF] OPTIONS /api/v1/support-tickets responded 204 in 0ms (user: anonymous)
2026-08-23 23:57:15.227 +04:00 [INF] OPTIONS /api/v1/stories responded 204 in 0ms (user: anonymous)
2026-08-23 23:57:15.227 +04:00 [INF] OPTIONS /api/v1/support-tickets responded 204 in 0ms (user: anonymous)
2026-08-23 23:57:15.227 +04:00 [INF] OPTIONS /api/v1/favorites responded 204 in 0ms (user: anonymous)
2026-08-23 23:57:15.227 +04:00 [INF] OPTIONS /api/v1/story-levels responded 204 in 0ms (user: anonymous)
2026-08-23 23:57:15.227 +04:00 [INF] OPTIONS /api/v1/story-categories responded 204 in 0ms (user: anonymous)
2026-08-23 23:57:15.242 +04:00 [INF] GET /api/v1/favorites responded 200 in 1ms (user: anonymous)
2026-08-23 23:57:15.246 +04:00 [INF] GET /api/v1/story-categories responded 200 in 0ms (user: anonymous)
2026-08-23 23:57:15.252 +04:00 [INF] GET /api/v1/admin/dashboard responded 200 in 13ms (user: anonymous)
2026-08-23 23:57:15.262 +04:00 [INF] GET /api/v1/stories responded 200 in 2ms (user: anonymous)
2026-08-23 23:57:15.267 +04:00 [INF] GET /api/v1/story-levels responded 200 in 0ms (user: anonymous)
2026-08-23 23:57:15.274 +04:00 [INF] GET /api/v1/admin/dashboard responded 200 in 12ms (user: anonymous)
2026-08-23 23:57:15.284 +04:00 [INF] GET /api/v1/admin/users responded 200 in 23ms (user: anonymous)
2026-08-23 23:57:15.295 +04:00 [INF] GET /api/v1/stories responded 200 in 1ms (user: anonymous)
2026-08-23 23:57:15.300 +04:00 [INF] GET /api/v1/favorites responded 200 in 0ms (user: anonymous)
2026-08-23 23:57:15.305 +04:00 [INF] GET /api/v1/story-levels responded 200 in 0ms (user: anonymous)
2026-08-23 23:57:15.308 +04:00 [INF] GET /api/v1/admin/users responded 200 in 13ms (user: anonymous)
2026-08-23 23:57:15.311 +04:00 [INF] GET /api/v1/story-categories responded 200 in 0ms (user: anonymous)
2026-08-23 23:57:15.315 +04:00 [INF] GET /api/v1/support-tickets responded 200 in 25ms (user: anonymous)
2026-08-23 23:57:15.318 +04:00 [INF] GET /api/v1/support-tickets responded 200 in 2ms (user: anonymous)
2026-08-23 23:58:04.401 +04:00 [INF] OPTIONS /api/v1/favorites responded 204 in 0ms (user: anonymous)
2026-08-23 23:58:04.401 +04:00 [INF] OPTIONS /api/v1/stories responded 204 in 0ms (user: anonymous)
2026-08-23 23:58:04.401 +04:00 [INF] OPTIONS /api/v1/story-categories responded 204 in 0ms (user: anonymous)
2026-08-23 23:58:04.401 +04:00 [INF] OPTIONS /api/v1/profile responded 204 in 0ms (user: anonymous)
2026-08-23 23:58:04.402 +04:00 [INF] OPTIONS /api/v1/profile responded 204 in 0ms (user: anonymous)
2026-08-23 23:58:04.402 +04:00 [INF] OPTIONS /api/v1/stories responded 204 in 0ms (user: anonymous)
2026-08-23 23:58:04.402 +04:00 [INF] OPTIONS /api/v1/favorites responded 204 in 0ms (user: anonymous)
2026-08-23 23:58:04.403 +04:00 [INF] OPTIONS /api/v1/story-categories responded 204 in 0ms (user: anonymous)
2026-08-23 23:58:04.409 +04:00 [INF] GET /api/v1/favorites responded 200 in 1ms (user: anonymous)
2026-08-23 23:58:04.412 +04:00 [INF] GET /api/v1/stories responded 200 in 1ms (user: anonymous)
2026-08-23 23:58:04.416 +04:00 [INF] GET /api/v1/story-categories responded 200 in 0ms (user: anonymous)
2026-08-23 23:58:04.427 +04:00 [INF] GET /api/v1/stories responded 200 in 0ms (user: anonymous)
2026-08-23 23:58:04.428 +04:00 [INF] GET /api/v1/profile responded 200 in 10ms (user: anonymous)
2026-08-23 23:58:04.433 +04:00 [INF] GET /api/v1/favorites responded 200 in 1ms (user: anonymous)
2026-08-23 23:58:04.436 +04:00 [INF] GET /api/v1/profile responded 200 in 5ms (user: anonymous)
2026-08-23 23:58:04.436 +04:00 [INF] GET /api/v1/story-categories responded 200 in 0ms (user: anonymous)
2026-08-23 23:58:05.924 +04:00 [INF] GET /api/v1/profile responded 200 in 6ms (user: anonymous)
2026-08-23 23:58:05.933 +04:00 [INF] GET /api/v1/profile responded 200 in 6ms (user: anonymous)
2026-08-23 23:58:23.030 +04:00 [INF] OPTIONS /api/v1/support-tickets responded 204 in 0ms (user: anonymous)
2026-08-23 23:58:23.084 +04:00 [INF] POST /api/v1/support-tickets responded 201 in 41ms (user: anonymous)
2026-08-23 23:58:28.224 +04:00 [INF] OPTIONS /api/v1/admin/dashboard responded 204 in 0ms (user: anonymous)
2026-08-23 23:58:28.225 +04:00 [INF] OPTIONS /api/v1/admin/dashboard responded 204 in 0ms (user: anonymous)
2026-08-23 23:58:28.237 +04:00 [INF] GET /api/v1/admin/dashboard responded 200 in 4ms (user: anonymous)
2026-08-23 23:58:28.244 +04:00 [INF] GET /api/v1/admin/dashboard responded 200 in 4ms (user: anonymous)
2026-08-23 23:58:28.249 +04:00 [INF] OPTIONS /api/v1/favorites responded 204 in 0ms (user: anonymous)
2026-08-23 23:58:28.249 +04:00 [INF] OPTIONS /api/v1/story-categories responded 204 in 0ms (user: anonymous)
2026-08-23 23:58:28.249 +04:00 [INF] OPTIONS /api/v1/stories responded 204 in 0ms (user: anonymous)
2026-08-23 23:58:28.249 +04:00 [INF] OPTIONS /api/v1/admin/users responded 204 in 0ms (user: anonymous)
2026-08-23 23:58:28.250 +04:00 [INF] OPTIONS /api/v1/story-levels responded 204 in 0ms (user: anonymous)
2026-08-23 23:58:28.250 +04:00 [INF] OPTIONS /api/v1/support-tickets responded 204 in 0ms (user: anonymous)
2026-08-23 23:58:28.251 +04:00 [INF] OPTIONS /api/v1/stories responded 204 in 0ms (user: anonymous)
2026-08-23 23:58:28.251 +04:00 [INF] OPTIONS /api/v1/admin/users responded 204 in 0ms (user: anonymous)
2026-08-23 23:58:28.251 +04:00 [INF] OPTIONS /api/v1/favorites responded 204 in 0ms (user: anonymous)
2026-08-23 23:58:28.251 +04:00 [INF] OPTIONS /api/v1/story-categories responded 204 in 0ms (user: anonymous)
2026-08-23 23:58:28.252 +04:00 [INF] OPTIONS /api/v1/story-levels responded 204 in 0ms (user: anonymous)
2026-08-23 23:58:28.252 +04:00 [INF] OPTIONS /api/v1/support-tickets responded 204 in 0ms (user: anonymous)
2026-08-23 23:58:28.258 +04:00 [INF] GET /api/v1/admin/dashboard responded 200 in 8ms (user: anonymous)
2026-08-23 23:58:28.258 +04:00 [INF] GET /api/v1/favorites responded 200 in 0ms (user: anonymous)
2026-08-23 23:58:28.263 +04:00 [INF] GET /api/v1/story-categories responded 200 in 0ms (user: anonymous)
2026-08-23 23:58:28.268 +04:00 [INF] GET /api/v1/stories responded 200 in 0ms (user: anonymous)
2026-08-23 23:58:28.275 +04:00 [INF] GET /api/v1/story-levels responded 200 in 0ms (user: anonymous)
2026-08-23 23:58:28.275 +04:00 [INF] GET /api/v1/admin/dashboard responded 200 in 9ms (user: anonymous)
2026-08-23 23:58:28.281 +04:00 [INF] GET /api/v1/stories responded 200 in 0ms (user: anonymous)
2026-08-23 23:58:28.283 +04:00 [INF] GET /api/v1/support-tickets responded 200 in 3ms (user: anonymous)
2026-08-23 23:58:28.286 +04:00 [INF] GET /api/v1/admin/users responded 200 in 14ms (user: anonymous)
2026-08-23 23:58:28.293 +04:00 [INF] GET /api/v1/story-categories responded 200 in 0ms (user: anonymous)
2026-08-23 23:58:28.294 +04:00 [INF] GET /api/v1/favorites responded 200 in 1ms (user: anonymous)
2026-08-23 23:58:28.299 +04:00 [INF] GET /api/v1/story-levels responded 200 in 0ms (user: anonymous)
2026-08-23 23:58:28.304 +04:00 [INF] GET /api/v1/support-tickets responded 200 in 2ms (user: anonymous)
2026-08-23 23:58:28.309 +04:00 [INF] GET /api/v1/admin/users responded 200 in 11ms (user: anonymous)
2026-08-23 23:58:57.128 +04:00 [INF] OPTIONS /api/v1/support-tickets/001431e4-efad-446c-beba-22f2d9e35c73 responded 204 in 0ms (user: anonymous)
2026-08-23 23:58:57.160 +04:00 [INF] PUT /api/v1/support-tickets/001431e4-efad-446c-beba-22f2d9e35c73 responded 200 in 19ms (user: anonymous)
2026-08-23 23:59:21.345 +04:00 [INF] OPTIONS /api/v1/profile responded 204 in 0ms (user: anonymous)
2026-08-23 23:59:21.345 +04:00 [INF] OPTIONS /api/v1/favorites responded 204 in 0ms (user: anonymous)
2026-08-23 23:59:21.345 +04:00 [INF] OPTIONS /api/v1/stories responded 204 in 0ms (user: anonymous)
2026-08-23 23:59:21.346 +04:00 [INF] OPTIONS /api/v1/story-categories responded 204 in 0ms (user: anonymous)
2026-08-23 23:59:21.346 +04:00 [INF] OPTIONS /api/v1/profile responded 204 in 0ms (user: anonymous)
2026-08-23 23:59:21.346 +04:00 [INF] OPTIONS /api/v1/stories responded 204 in 0ms (user: anonymous)
2026-08-23 23:59:21.346 +04:00 [INF] OPTIONS /api/v1/favorites responded 204 in 0ms (user: anonymous)
2026-08-23 23:59:21.346 +04:00 [INF] OPTIONS /api/v1/story-categories responded 204 in 0ms (user: anonymous)
2026-08-23 23:59:21.355 +04:00 [INF] GET /api/v1/favorites responded 200 in 1ms (user: anonymous)
2026-08-23 23:59:21.357 +04:00 [INF] GET /api/v1/profile responded 200 in 6ms (user: anonymous)
2026-08-23 23:59:21.361 +04:00 [INF] GET /api/v1/story-categories responded 200 in 0ms (user: anonymous)
2026-08-23 23:59:21.362 +04:00 [INF] GET /api/v1/stories responded 200 in 5ms (user: anonymous)
2026-08-23 23:59:21.367 +04:00 [INF] GET /api/v1/stories responded 200 in 0ms (user: anonymous)
2026-08-23 23:59:21.370 +04:00 [INF] GET /api/v1/profile responded 200 in 6ms (user: anonymous)
2026-08-23 23:59:21.373 +04:00 [INF] GET /api/v1/favorites responded 200 in 3ms (user: anonymous)
2026-08-23 23:59:21.377 +04:00 [INF] GET /api/v1/story-categories responded 200 in 1ms (user: anonymous)
2026-08-23 23:59:24.119 +04:00 [INF] OPTIONS /api/v1/blog responded 204 in 0ms (user: anonymous)
2026-08-23 23:59:24.119 +04:00 [INF] OPTIONS /api/v1/blog responded 204 in 0ms (user: anonymous)
2026-08-23 23:59:24.126 +04:00 [INF] GET /api/v1/blog responded 404 in 0ms (user: anonymous)
2026-08-23 23:59:24.128 +04:00 [INF] GET /api/v1/profile responded 200 in 9ms (user: anonymous)
2026-08-23 23:59:24.136 +04:00 [INF] GET /api/v1/blog responded 404 in 0ms (user: anonymous)
2026-08-23 23:59:24.141 +04:00 [INF] GET /api/v1/profile responded 200 in 7ms (user: anonymous)
2026-08-23 23:59:25.593 +04:00 [INF] OPTIONS /api/v1/blog/3 responded 204 in 0ms (user: anonymous)
2026-08-23 23:59:25.593 +04:00 [INF] OPTIONS /api/v1/blog/3 responded 204 in 0ms (user: anonymous)
2026-08-23 23:59:25.593 +04:00 [INF] GET /api/v1/blog responded 404 in 0ms (user: anonymous)
2026-08-23 23:59:25.602 +04:00 [INF] GET /api/v1/blog/3 responded 404 in 0ms (user: anonymous)
2026-08-23 23:59:25.603 +04:00 [INF] GET /api/v1/profile responded 200 in 10ms (user: anonymous)
2026-08-23 23:59:25.614 +04:00 [INF] GET /api/v1/blog responded 404 in 0ms (user: anonymous)
2026-08-23 23:59:25.618 +04:00 [INF] GET /api/v1/profile responded 200 in 11ms (user: anonymous)
2026-08-23 23:59:25.621 +04:00 [INF] GET /api/v1/blog/3 responded 404 in 0ms (user: anonymous)
2026-08-23 23:59:35.530 +04:00 [INF] OPTIONS /api/v1/favorites responded 204 in 0ms (user: anonymous)
2026-08-23 23:59:35.530 +04:00 [INF] OPTIONS /api/v1/stories responded 204 in 0ms (user: anonymous)
2026-08-23 23:59:35.530 +04:00 [INF] OPTIONS /api/v1/profile responded 204 in 0ms (user: anonymous)
2026-08-23 23:59:35.530 +04:00 [INF] OPTIONS /api/v1/story-categories responded 204 in 0ms (user: anonymous)
2026-08-23 23:59:35.530 +04:00 [INF] OPTIONS /api/v1/profile responded 204 in 0ms (user: anonymous)
2026-08-23 23:59:35.530 +04:00 [INF] OPTIONS /api/v1/stories responded 204 in 0ms (user: anonymous)
2026-08-23 23:59:35.530 +04:00 [INF] OPTIONS /api/v1/favorites responded 204 in 0ms (user: anonymous)
2026-08-23 23:59:35.530 +04:00 [INF] OPTIONS /api/v1/story-categories responded 204 in 0ms (user: anonymous)
2026-08-23 23:59:35.537 +04:00 [INF] GET /api/v1/favorites responded 200 in 3ms (user: anonymous)
2026-08-23 23:59:35.542 +04:00 [INF] GET /api/v1/stories responded 200 in 0ms (user: anonymous)
2026-08-23 23:59:35.559 +04:00 [INF] GET /api/v1/story-categories responded 200 in 0ms (user: anonymous)
2026-08-23 23:59:35.561 +04:00 [INF] GET /api/v1/profile responded 200 in 9ms (user: anonymous)
2026-08-23 23:59:35.576 +04:00 [INF] GET /api/v1/stories responded 200 in 0ms (user: anonymous)
2026-08-23 23:59:35.581 +04:00 [INF] GET /api/v1/profile responded 200 in 13ms (user: anonymous)
2026-08-23 23:59:35.585 +04:00 [INF] GET /api/v1/favorites responded 200 in 2ms (user: anonymous)
2026-08-23 23:59:35.593 +04:00 [INF] GET /api/v1/story-categories responded 200 in 0ms (user: anonymous)
2026-08-23 23:59:36.271 +04:00 [INF] GET /api/v1/story-categories responded 200 in 0ms (user: anonymous)
2026-08-23 23:59:36.271 +04:00 [INF] GET /api/v1/stories responded 200 in 0ms (user: anonymous)
2026-08-23 23:59:36.273 +04:00 [INF] GET /api/v1/favorites responded 200 in 2ms (user: anonymous)
2026-08-23 23:59:36.274 +04:00 [INF] GET /api/v1/story-categories responded 200 in 0ms (user: anonymous)
2026-08-23 23:59:36.274 +04:00 [INF] GET /api/v1/stories responded 200 in 0ms (user: anonymous)
2026-08-23 23:59:36.278 +04:00 [INF] GET /api/v1/favorites responded 200 in 2ms (user: anonymous)
2026-08-23 23:59:36.279 +04:00 [INF] GET /api/v1/profile responded 200 in 8ms (user: anonymous)
2026-08-23 23:59:36.291 +04:00 [INF] GET /api/v1/profile responded 200 in 9ms (user: anonymous)
2026-08-23 23:59:37.692 +04:00 [INF] OPTIONS /api/v1/stories/7f84cf4f-c6b0-4676-a378-53fdb100f1aa responded 204 in 0ms (user: anonymous)
2026-08-23 23:59:37.692 +04:00 [INF] OPTIONS /api/v1/stories/7f84cf4f-c6b0-4676-a378-53fdb100f1aa responded 204 in 0ms (user: anonymous)
2026-08-23 23:59:37.694 +04:00 [INF] GET /api/v1/favorites responded 200 in 1ms (user: anonymous)
2026-08-23 23:59:37.698 +04:00 [INF] GET /api/v1/profile responded 200 in 5ms (user: anonymous)
2026-08-23 23:59:37.698 +04:00 [INF] GET /api/v1/favorites responded 200 in 1ms (user: anonymous)
2026-08-23 23:59:37.707 +04:00 [INF] GET /api/v1/profile responded 200 in 7ms (user: anonymous)
2026-08-23 23:59:37.714 +04:00 [INF] GET /api/v1/stories/7f84cf4f-c6b0-4676-a378-53fdb100f1aa responded 200 in 17ms (user: anonymous)
2026-08-23 23:59:37.718 +04:00 [INF] GET /api/v1/stories/7f84cf4f-c6b0-4676-a378-53fdb100f1aa responded 200 in 2ms (user: anonymous)
